user_id,nome,email,idade,pais,tipo_plano
1,Maria Luiza Novaes,gsiqueira@example.com,54,Austrália,Family
2,Vinicius Garcia,maria-sophia23@example.org,52,Benim,Free
3,Nicolas da Cunha,nmontenegro@example.com,68,Guernsey,Family
4,Bella Correia,marquesjuliana@example.org,27,Chipre,Premium
5,Maya Moura,maria-laura46@example.net,37,Cabo Verde,Family
6,Dra. Esther Borges,maria-vitoriada-rocha@example.net,58,Brunei,Premium
7,Rebeca Moreira,obarros@example.com,64,Austrália,Free
8,Sr. Murilo Montenegro,qjesus@example.net,50,Líbano,Free
9,Dr. Henrique Farias,laura00@example.org,58,Paquistão,Free
10,Vinicius Rocha,britocalebe@example.org,57,Marianas do Norte,Premium
11,Bianca Costela,francisco87@example.com,26,Birmânia,Family
12,Mariane Monteiro,ana-vitoria89@example.org,30,Níger,Family
13,Ana Vitória Rios,lbarros@example.com,34,Dhekelia,Premium
14,Alice Mendonça,ualves@example.net,53,Granada,Free
15,Kevin Santos,onascimento@example.org,30,Hungria,Premium
16,Cauê Silva,diasluiza@example.org,53,Antígua e Barbuda,Premium
17,Arthur Siqueira,maria-sophiagoncalves@example.org,57,Kuwait,Family
18,Oliver Barbosa,ymoraes@example.org,19,Quirguizistão,Family
19,Eduarda Alves,maria35@example.org,33,Ilhas Turcas e Caicos,Free
20,Igor Ramos,montenegrodavi-miguel@example.com,38,Tanzânia,Premium
21,Stella Moraes,pimentajulia@example.com,27,Sara Ocidental,Free
22,Srta. Mariah Macedo,zsa@example.com,46,Japão,Free
23,Eloah Farias,marquessophie@example.org,54,Ilhas Falkland,Free
24,Srta. Rebeca Sá,zcasa-grande@example.net,55,Lituânia,Family
25,Breno Silva,zda-mota@example.net,26,Groenlândia,Premium
26,Dra. Valentina Silva,joao-guilhermeduarte@example.com,31,Ilha de Man,Premium
27,Arthur Albuquerque,cteixeira@example.com,70,Madagascar,Free
28,Eduardo Ribeiro,gustavo-henrique99@example.org,56,Cabo Verde,Free
29,Larissa Porto,danteferreira@example.net,64,Marianas do Norte,Family
30,Aurora Vargas,davi-luizsantos@example.com,27,República Dominicana,Family
31,Evelyn da Rosa,azevedomaria@example.com,34,Taiwan,Premium
32,Bruno Siqueira,lcaldeira@example.com,26,Guernsey,Free
33,Sr. Rhavi Abreu,valentim37@example.org,20,Barbados,Free
34,Brenda da Rosa,andrealmeida@example.org,46,Antígua e Barbuda,Premium
35,Sr. Otto Machado,levi51@example.com,28,Irlanda,Family
36,Yan Camargo,giovanna77@example.net,52,Barbados,Premium
37,Srta. Mariana Mendonça,caua37@example.com,56,Santa Lúcia,Free
38,Sr. Arthur Cunha,vicenteda-luz@example.com,49,Nigéria,Family
39,Isis Cavalcante,bento97@example.com,58,Pitcairn,Premium
40,Isadora da Mota,castromarina@example.net,23,Timor Leste,Premium
41,Mariah das Neves,beniciocamara@example.net,39,Roménia,Family
42,Sr. Yago Siqueira,novaisana-laura@example.org,24,Sérvia,Premium
43,Laís Moura,thomasmontenegro@example.net,67,Ucrânia,Premium
44,Mariah Moura,bianca16@example.com,52,Ilhas Marshall,Premium
45,Agatha Rezende,jade69@example.com,27,Luxemburgo,Family
46,Otto Silva,da-costajoao-gabriel@example.net,57,Chade,Free
47,Bella Almeida,esther91@example.com,61,Guernsey,Family
48,Vitor Hugo Vargas,arthur-gabriel75@example.com,52,Trindade e Tobago,Free
49,Calebe Moraes,yanaparecida@example.org,31,Nauru,Family
50,Nina Pinto,iabreu@example.com,58,Países Baixos,Family
51,Ana Cecília Moraes,ooliveira@example.com,25,Micronésia,Free
52,Samuel Teixeira,ribeirovitor@example.net,18,Finlândia,Family
53,Zoe Costela,ana-clara02@example.org,61,Finlândia,Free
54,Gabrielly Vasconcelos,msampaio@example.com,66,Guiné-Bissau,Premium
55,Luiz Felipe Pinto,maria-julia32@example.org,48,Mali,Family
56,Olívia Abreu,pereiralais@example.org,59,Costa Rica,Premium
57,Ana Clara Castro,paulosampaio@example.net,28,Japão,Family
58,Laís Cavalcanti,ribeiroyan@example.org,37,Sudão,Family
59,Leonardo Novais,theo16@example.com,23,Ashmore and Cartier Islands,Premium
60,Miguel Lopes,smartins@example.org,19,Tonga,Premium
61,Dra. Isabel Mendonça,joaoaragao@example.org,44,Mônaco,Family
62,Yuri Garcia,isisbrito@example.net,45,Guiné,Premium
63,Vinícius Moraes,brayanrodrigues@example.org,59,Argélia,Premium
64,Maitê Pinto,aparecidaana-julia@example.net,52,Etiópia,Premium
65,Joana Lopes,correiamaria-clara@example.net,60,Síria,Free
66,Letícia da Mata,mouramarcos-vinicius@example.org,28,Belize,Free
67,Sra. Isadora Pereira,kvargas@example.org,35,Ilhas Caiman,Premium
68,Aurora Fonseca,machadobianca@example.com,41,Tokelau,Free
69,Manuella Pastor,aparecidacaleb@example.org,29,Mônaco,Premium
70,Yuri Vargas,da-motaemilly@example.com,42,Trindade e Tobago,Free
71,Sr. Eduardo Peixoto,luccajesus@example.org,21,Belize,Premium
72,Sra. Valentina Sampaio,catarina92@example.com,69,África do Sul,Family
73,Srta. Antonella Câmara,da-luzerick@example.net,44,Tonga,Free
74,João Miguel Porto,mendesdavi-luiz@example.org,19,Ilhas Caiman,Premium
75,Henrique Gonçalves,lorenzofarias@example.com,25,Malásia,Family
76,Davi Miguel Andrade,viniciuscostela@example.net,32,Cazaquistão,Free
77,Sra. Fernanda Guerra,leticia27@example.com,35,Pitcairn,Free
78,Cecília Pires,martinsluan@example.com,29,Guiné-Bissau,Free
79,Gabrielly Rezende,luizasousa@example.org,24,Ilhas dos Cocos,Family
80,Sr. Daniel Fernandes,vieirabento@example.org,36,Tailândia,Free
81,João Guilherme Sampaio,nathanabreu@example.net,47,Costa Rica,Premium
82,Lucas Macedo,amoura@example.com,70,Groenlândia,Family
83,Allana Santos,ana-sophia16@example.org,38,México,Premium
84,Caleb das Neves,da-rocharavi-lucca@example.net,35,Antilhas Holandesas,Family
85,Maria Luiza Melo,bda-paz@example.org,43,Jamaica,Premium
86,Clarice Rocha,correializ@example.net,30,Honduras,Premium
87,Lunna Gonçalves,anthony-gabriel56@example.com,44,Tonga,Family
88,Paulo Ferreira,arthur-gabrielfernandes@example.net,70,Tuvalu,Premium
89,Lorenzo da Rosa,helenavasconcelos@example.org,51,Cuba,Free
90,Luara Sá,caue15@example.net,37,Honduras,Premium
91,Srta. Luana Casa Grande,luna81@example.net,29,Peru,Family
92,Luiz Henrique Freitas,jsa@example.net,27,Dhekelia,Premium
93,Catarina das Neves,rhavialves@example.com,52,Guiné,Family
94,Heloisa Fernandes,vbrito@example.org,21,Gabão,Free
95,Giovanna da Luz,oliveiraalice@example.net,66,Vietnam,Free
96,Camila Peixoto,pereiramaria-vitoria@example.net,44,Vaticano,Family
97,Maria Laura Moura,lorenzo07@example.org,28,Malta,Family
98,Mariana Lopes,fernandorezende@example.net,23,Dhekelia,Free
99,Lucas Garcia,pereiradavi-lucca@example.net,47,Síria,Family
100,Joaquim Aragão,davi-miguel00@example.com,70,Síria,Family
101,Mathias Aparecida,ucirino@example.org,35,Síria,Family
102,Ian Jesus,allana46@example.com,65,Groenlândia,Free
103,João Pedro da Mata,oliverda-paz@example.com,60,Suécia,Free
104,Ryan Dias,lborges@example.net,65,Ruanda,Free
105,Theodoro Albuquerque,cavalcantiyago@example.com,52,Itália,Free
106,Eduardo Silva,fda-cruz@example.com,70,Tunísia,Family
107,Maria Clara Pastor,scampos@example.net,51,Dinamarca,Family
108,Ana Julia Cavalcanti,leticia37@example.org,55,Gibraltar,Free
109,Ravi Lucca Martins,alexandre85@example.net,62,Malásia,Premium
110,Henry Garcia,eduarte@example.com,31,Granada,Family
111,Renan Moreira,thiago99@example.org,36,Mongólia,Free
112,Sr. Gael Henrique Aparecida,jrezende@example.net,39,Suíça,Family
113,Maria Alice Costela,alicenunes@example.com,66,Costa do Marfim,Family
114,Henry da Costa,ana-ceciliacirino@example.org,25,França,Family
115,Mateus Jesus,sadavi-lucca@example.org,55,Costa Rica,Premium
116,Alice Rocha,luiz-fernandocasa-grande@example.com,32,Guiné,Family
117,Srta. Kamilly Cavalcanti,vicentearagao@example.com,34,Burundi,Free
118,Vitória da Cruz,enovaes@example.org,55,Haiti,Premium
119,Dr. Apollo Camargo,dcardoso@example.com,35,Timor Leste,Free
120,Stella Araújo,jribeiro@example.org,18,Svalbard e Jan Mayen,Premium
121,Lucas Sousa,uaraujo@example.net,46,Bermudas,Premium
122,Bryan Cardoso,cirinoarthur@example.com,47,Territórios Austrais Franceses,Premium
123,Thales Cardoso,gael35@example.org,40,Barbados,Premium
124,Ana Clara Castro,lorenzo98@example.net,21,Emirados Árabes Unidos,Family
125,Caleb Andrade,amanda16@example.net,50,Gana,Premium
126,Breno Fernandes,peixotopedro-lucas@example.org,55,Moldávia,Premium
127,Enzo Macedo,abreurhavi@example.com,69,Gana,Family
128,Catarina Cardoso,pimentaester@example.org,42,Turquia,Free
129,Ana Beatriz da Luz,lunna03@example.org,41,Zimbábue,Premium
130,Amanda Melo,calebemoura@example.net,61,Portugal,Premium
131,Sra. Pietra Moreira,luiza32@example.org,29,Trindade e Tobago,Premium
132,Kamilly Gomes,umonteiro@example.org,32,Territórios Austrais Franceses,Premium
133,Rodrigo Pastor,isabelacasa-grande@example.net,51,Líbia,Family
134,Maria Cecília Casa Grande,ida-luz@example.net,40,Anguila,Premium
135,Maria Eduarda da Mota,vinicius99@example.org,35,Clipperton Island,Premium
136,Isaque Nogueira,fernando77@example.com,51,Jan Mayen,Premium
137,Dra. Maria Helena Leão,manuella46@example.org,44,Barbados,Free
138,Helena Andrade,goliveira@example.org,19,Salvador,Free
139,Henry da Cunha,davi-luccaleao@example.net,61,Nova Caledónia,Free
140,Davi Lucca da Cruz,camposolivia@example.org,52,Ilhas Virgens Britânicas,Free
141,Vicente Ferreira,joao-gabriel42@example.com,43,Ilhas Caiman,Family
142,Sra. Ana Lívia da Costa,pachecoelisa@example.org,41,Samoa Americana,Free
143,Sr. Isaac Aragão,bda-mata@example.org,32,Kuwait,Family
144,Augusto Almeida,beatriz43@example.org,58,África do Sul,Free
145,Srta. Maya Souza,asampaio@example.org,70,Bermudas,Premium
146,Sophia Camargo,ana-lizcardoso@example.org,70,Gabão,Premium
147,Anthony Gabriel Montenegro,xaragao@example.com,57,Noruega,Free
148,Eduardo Dias,zrodrigues@example.com,32,Suíça,Free
149,Anna Liz Rezende,vinicius81@example.org,29,Alemanha,Premium
150,Lavínia Macedo,otavioda-mata@example.com,32,Gabão,Premium
151,Natália Alves,joao-pedro48@example.net,48,São Cristóvão e Neves,Free
152,Olivia Gonçalves,laura15@example.com,66,Iraque,Free
153,Sra. Aylla Câmara,benicio60@example.net,21,Iran,Free
154,Maria Laura Pimenta,alexia55@example.net,25,Itália,Family
155,Enzo Souza,marquesvitor@example.org,67,Samoa,Free
156,Melina Fonseca,raquelalbuquerque@example.net,23,Suécia,Free
157,Isabella Moura,xcassiano@example.net,65,Equador,Free
158,Ana Sophia Borges,tda-cruz@example.com,57,Paquistão,Family
159,Nicolas da Mata,oalbuquerque@example.com,49,México,Family
160,Pedro Henrique Cirino,ioliveira@example.net,58,Iraque,Free
161,Caroline Silveira,danielbrito@example.com,48,Nova Caledónia,Family
162,Dante Mendes,yda-mota@example.net,55,Filipinas,Premium
163,Sophia Peixoto,lucca87@example.net,42,Turquemenistão,Free
164,Olívia Freitas,saracampos@example.net,35,Marianas do Norte,Free
165,Brayan Marques,pintolais@example.org,31,Groenlândia,Free
166,Raul da Mota,emanuella85@example.com,49,Brasil,Free
167,Leandro Cardoso,siqueiracecilia@example.org,18,Papua-Nova Guiné,Family
168,Ana Lívia Rios,da-rosaheloisa@example.net,57,Ilhas Virgens Americanas,Premium
169,Noah Teixeira,luiz-henrique99@example.com,36,Ilhas Falkland,Premium
170,José Pedro Vargas,xda-paz@example.net,33,Lesoto,Free
171,Raquel Montenegro,luisa92@example.com,33,Países Baixos,Free
172,Bella Pinto,hadassasales@example.com,20,Ruanda,Free
173,Lucas Freitas,arthur-miguel24@example.net,40,Birmânia,Family
174,Cecília Montenegro,wpires@example.com,33,Andorra,Free
175,Otávio Fonseca,matheus39@example.com,32,Moçambique,Free
176,Dr. Enzo Gomes,melinaazevedo@example.net,69,Guernsey,Free
177,Nicolas Porto,antonellacaldeira@example.org,46,República Checa,Free
178,Davi Lucas Moraes,barbara22@example.com,38,Maldivas,Family
179,Marcela Gomes,mgarcia@example.com,62,Sudão,Family
180,Bernardo Sá,larissa84@example.com,33,Porto Rico,Premium
181,Lavínia Correia,zlima@example.com,18,México,Free
182,Vitória Santos,ncasa-grande@example.com,34,Salvador,Premium
183,Sr. Vitor Silva,alice46@example.net,60,Guiana,Family
184,Sophia Vieira,livia03@example.net,30,Maurícia,Premium
185,Francisco Macedo,nicole77@example.net,22,Paracel Islands,Free
186,Sra. Beatriz Monteiro,jcavalcanti@example.net,21,Território Britânico do Oceano Índico,Family
187,Eloá Mendonça,hadassa86@example.net,20,Samoa Americana,Premium
188,Dr. Diogo Campos,gmartins@example.com,26,Hungria,Premium
189,Davi Luiz Abreu,da-rochajoana@example.com,54,Senegal,Family
190,Alícia Ferreira,pastorbarbara@example.org,19,Gibraltar,Free
191,Joana Cunha,fsiqueira@example.org,30,Domínica,Free
192,Dra. Sabrina Nascimento,ucampos@example.org,38,Papua-Nova Guiné,Premium
193,Gustavo Henrique Câmara,valentim16@example.com,20,Quirguizistão,Family
194,Davi Miguel da Cunha,vieirajuliana@example.org,48,Dinamarca,Premium
195,Jade das Neves,lsampaio@example.org,40,Maurícia,Premium
196,Maria Liz Cunha,cribeiro@example.net,53,Sudão,Family
197,Sr. João Vitor Melo,carolinacavalcanti@example.com,41,Bahamas,Family
198,Gabriel Pastor,ribeirojoao-miguel@example.com,54,Moldávia,Free
199,Diego Alves,pachecoleonardo@example.net,23,Wallis e Futuna,Free
200,Dante Vasconcelos,isabel25@example.net,23,Síria,Family
201,Dra. Laís da Rocha,mcamargo@example.org,57,Tajiquistão,Family
202,Lunna Sales,moreiramarcelo@example.org,20,Azerbaijão,Family
203,Mariah Azevedo,mourapedro-miguel@example.net,63,Tuvalu,Free
204,Isabelly Novaes,da-rocharael@example.org,18,Ilha Norfolk,Premium
205,Luigi Barbosa,evieira@example.com,70,Nigéria,Family
206,Emanuelly Rocha,maria-helenapeixoto@example.org,57,Níger,Family
207,Srta. Lívia Cunha,portomaria-vitoria@example.com,30,Senegal,Family
208,Cauã Lopes,nda-cunha@example.org,54,Suriname,Family
209,Marina Pinto,qporto@example.org,49,Estônia,Family
210,Dr. Gael Henrique Correia,csampaio@example.com,22,Reino Unido,Free
211,Sofia Borges,diasana-carolina@example.com,32,Namíbia,Free
212,João Guilherme Cunha,henry99@example.org,64,Namíbia,Free
213,Sophie Nascimento,teixeirarodrigo@example.org,62,Anguila,Free
214,Luan Araújo,fernandada-mota@example.org,61,Jan Mayen,Premium
215,André Sales,anthony-gabrieljesus@example.com,66,Usbequistão,Free
216,Eduarda Rodrigues,luiz-felipeda-costa@example.org,39,Samoa,Family
217,Ester Rocha,bellaborges@example.org,30,Namíbia,Family
218,Maria Helena da Conceição,mouramaria-laura@example.org,51,Ilhas Falkland,Family
219,Henry Gabriel Guerra,gabrielamelo@example.com,32,Congo-Brazzaville,Family
220,Sabrina Gomes,hcostela@example.com,28,República Checa,Free
221,João Gabriel Campos,diego30@example.net,54,Sudão,Premium
222,Luiz Otávio Gomes,aurora31@example.net,18,São Pedro e Miquelon,Free
223,Carlos Eduardo Leão,alexandregomes@example.org,22,Ilha Wake,Family
224,Pietro da Rocha,bento25@example.net,25,Síria,Free
225,Anna Liz Barbosa,lda-costa@example.net,30,Vietnam,Premium
226,Catarina Marques,ynascimento@example.org,64,Indonésia,Family
227,Sophia Barbosa,breno76@example.com,35,São Cristóvão e Neves,Premium
228,Isabel Barbosa,irios@example.org,24,Camboja,Family
229,Yago da Rocha,vieiraana-cecilia@example.com,30,Monserrate,Free
230,Sr. Emanuel Casa Grande,maria-ceciliacaldeira@example.com,40,Ilhas Heard e McDonald,Family
231,Maysa Freitas,zda-luz@example.org,51,Groenlândia,Free
232,Marcos Vinicius da Conceição,ravi-lucca48@example.org,56,Jan Mayen,Free
233,Julia Melo,peixotomaria-vitoria@example.com,55,Ilha Wake,Family
234,Sr. Davi Luiz das Neves,pimentaayla@example.com,28,Jersey,Free
235,Luana da Mata,ubarros@example.com,18,Islândia,Family
236,Ravi Lucca Machado,caiomendes@example.com,34,Grécia,Premium
237,Davi Miguel Machado,dmendonca@example.com,56,Peru,Free
238,João Pedro Câmara,maria-sophia40@example.net,34,Fiji,Free
239,Sophie Marques,mpimenta@example.com,54,Níger,Premium
240,Pietra Caldeira,benjamim35@example.net,24,Botsuana,Family
241,Juan Cunha,casa-grandebenjamim@example.org,35,Uruguai,Free
242,Murilo Duarte,cirinojulia@example.net,55,Groenlândia,Premium
243,Dr. Brayan Montenegro,agatha11@example.org,46,Suazilândia,Free
244,Manuella Cirino,da-pazdavi-miguel@example.net,27,Peru,Family
245,Dr. Lucas Gabriel Melo,ynovais@example.net,19,Antártica,Free
246,Bryan Porto,hda-costa@example.net,62,Lesoto,Free
247,João Gabriel Rodrigues,maria-lauraguerra@example.org,28,Papua-Nova Guiné,Premium
248,Pedro Teixeira,camargogael@example.net,53,Kuwait,Free
249,Maria Isis Pinto,yandrade@example.net,67,Seicheles,Free
250,Felipe Nascimento,castrosarah@example.org,19,Brunei,Family
251,Luan Pinto,teixeiralorena@example.org,65,Maldivas,Premium
252,Dante Ramos,tsilveira@example.org,66,México,Premium
253,Lara Oliveira,laraporto@example.com,64,Bolívia,Family
254,Helena Cassiano,ksales@example.com,27,Tokelau,Family
255,Maria Fernanda da Paz,psouza@example.org,24,Ilhas Cook,Premium
256,Valentim Martins,portoraquel@example.net,37,Nicarágua,Free
257,Aurora Correia,dmendes@example.net,32,Somália,Free
258,Sra. Stephany Fonseca,maria-luisasantos@example.net,28,Mali,Family
259,Lavínia Aparecida,josue49@example.com,22,Tajiquistão,Free
260,Dra. Mirella Rocha,novaisvitor-hugo@example.com,26,Porto Rico,Free
261,Bento Caldeira,olivia39@example.com,38,Suazilândia,Free
262,Luana Oliveira,asafe92@example.org,27,Mali,Free
263,Giovanna Pastor,davi-lucas57@example.org,68,Guatemala,Premium
264,Maria Isis Barros,laura51@example.com,66,Taiwan,Premium
265,André Farias,aliciamachado@example.org,59,Venezuela,Free
266,João Gabriel da Rosa,heitorcunha@example.com,70,Mali,Free
267,Bruna Guerra,ferreiracaroline@example.net,61,Venezuela,Family
268,Dra. Manuela Fogaça,gcaldeira@example.org,21,Ilha Bouvet,Premium
269,Gabriel Souza,alexia52@example.net,44,Reino Unido,Free
270,Samuel Castro,cirinobrayan@example.net,48,Wallis e Futuna,Free
271,Agatha da Mata,ana-carolinavasconcelos@example.org,43,Anguila,Premium
272,Ana Duarte,larissa52@example.com,22,Guiana,Premium
273,Isabel Barbosa,cardosojoao-vitor@example.com,32,Eslováquia,Free
274,Dr. Liam Guerra,viniciuspastor@example.org,40,Quênia,Family
275,Leonardo da Paz,guilhermealbuquerque@example.net,21,Tunísia,Free
276,Gabriela Pimenta,bvasconcelos@example.net,21,Antilhas Holandesas,Free
277,Enzo Gabriel Viana,souzamilena@example.org,39,Sérvia,Free
278,Alana Cavalcanti,pirespedro-henrique@example.com,44,Alemanha,Free
279,Dr. Pedro Lucas da Cunha,bnascimento@example.org,53,Uganda,Premium
280,Kaique Nascimento,qaragao@example.net,66,Antártica,Free
281,Emilly Pereira,erick36@example.org,20,Guiana,Free
282,Isis Machado,xcirino@example.org,55,Polônia,Free
283,Clara Teixeira,limaana-julia@example.com,60,Malta,Family
284,Francisco Lima,marianasilva@example.com,53,Bermudas,Free
285,Hadassa Nogueira,thiagojesus@example.net,70,Burquina Faso,Premium
286,Benicio Lima,acunha@example.org,63,Roménia,Premium
287,Bianca Costela,hmacedo@example.com,43,Papua-Nova Guiné,Free
288,Laís Barbosa,davi-luiz77@example.com,33,Geórgia do Sul e Sandwich do Sul,Premium
289,Cecília Sampaio,rodrigofarias@example.org,40,Senegal,Premium
290,Benjamim Fonseca,arocha@example.org,53,Sérvia,Family
291,Sr. Calebe Campos,vitor-gabriel24@example.net,31,Luxemburgo,Premium
292,Sr. Raul Mendonça,cmendonca@example.net,37,Israel,Premium
293,Aurora Aragão,fernandesapollo@example.net,53,Trindade e Tobago,Premium
294,Kamilly Gomes,anna-lizcorreia@example.net,50,Ashmore and Cartier Islands,Family
295,Mariah Vieira,ana-beatriz65@example.org,36,Dinamarca,Free
296,Hadassa Pinto,enzo27@example.net,29,Turquia,Premium
297,Gael Henrique Mendonça,ana-vitoriacostela@example.net,37,Armênia,Premium
298,Eduarda Fonseca,ada-luz@example.net,18,Egito,Free
299,Brayan Vieira,liamcosta@example.net,54,Suécia,Family
300,Gabriela Albuquerque,emanuellamendes@example.com,21,Kuwait,Premium
301,Sr. Bruno Nascimento,cardosoyasmin@example.com,29,Brunei,Family
302,Bianca Siqueira,jesusmanuella@example.org,19,Índia,Premium
303,Luísa Almeida,calebepacheco@example.com,23,Estônia,Family
304,Camila Barbosa,rodriguesalexia@example.org,37,República Centro-Africana,Family
305,Arthur Guerra,josegomes@example.org,33,Ilha de Man,Free
306,Rafael Nogueira,vpimenta@example.org,46,Comores,Premium
307,Ravi Nunes,ravi-luccajesus@example.net,56,Geórgia do Sul e Sandwich do Sul,Family
308,Felipe Souza,diogojesus@example.net,59,Argentina,Free
309,Ian Lopes,benicioda-rocha@example.net,26,Congo-Kinshasa,Family
310,Pedro Henrique Barbosa,kdas-neves@example.org,29,Ilha Wake,Premium
311,Caroline Peixoto,marianevargas@example.com,53,São Tomé e Príncipe,Premium
312,Otávio Farias,bmacedo@example.org,65,Suíça,Family
313,Sr. Rodrigo Costela,tsantos@example.org,66,Índia,Family
314,Joaquim Farias,nunescecilia@example.org,60,Barbados,Premium
315,Ana Júlia Duarte,joaquim56@example.com,45,Jordânia,Free
316,Srta. Sophie Machado,luna89@example.net,45,Monserrate,Premium
317,Rodrigo Casa Grande,asa@example.net,60,Moldávia,Premium
318,Pedro Lucas Nogueira,vargassara@example.org,69,Marrocos,Premium
319,Renan das Neves,antoniofogaca@example.com,52,Letônia,Family
320,Vinicius Ribeiro,diego94@example.com,58,Guam,Family
321,Luigi Garcia,rhavi91@example.net,27,Brunei,Premium
322,Vinícius Silva,camargoluna@example.org,48,Vietnam,Premium
323,Lucas Gabriel Almeida,mendesnathan@example.net,32,Turquemenistão,Family
324,Pietro Novaes,maitenovais@example.com,41,Domínica,Family
325,Otto Garcia,sabrinaporto@example.org,66,Bélgica,Free
326,Leonardo da Rocha,joao-guilhermecassiano@example.net,28,Anguila,Family
327,Dra. Fernanda Carvalho,ana-julia41@example.org,28,Ashmore and Cartier Islands,Free
328,Ana Laura Alves,joao-gabriel45@example.com,45,Groenlândia,Premium
329,Ana Vitória Porto,da-rochadanilo@example.net,39,Vaticano,Free
330,Kamilly Souza,arthur-miguelrezende@example.com,45,Micronésia,Premium
331,Hadassa Farias,icassiano@example.com,26,Israel,Family
332,Ana Lívia da Costa,benicio36@example.org,47,Maurícia,Family
333,Davi Lucca Rocha,qlopes@example.net,47,Moldávia,Free
334,Allana Pinto,larissamoreira@example.net,34,Suazilândia,Family
335,Sr. Diogo da Mata,freitasgiovanna@example.net,27,São Cristóvão e Neves,Family
336,Davi Lucas da Luz,zrezende@example.org,41,Tunísia,Premium
337,Melissa Araújo,ybarros@example.net,46,Croácia,Premium
338,Sra. Anna Liz Novais,carlos-eduardopinto@example.net,54,Catar,Family
339,Giovanna Brito,mnunes@example.com,26,Quênia,Free
340,Carlos Eduardo Silva,joao-gabriel86@example.com,39,Zâmbia,Free
341,Isaac Cassiano,ninanovais@example.org,59,Ilhas Virgens Britânicas,Premium
342,Maria Clara Aparecida,acarvalho@example.org,49,Mauritânia,Premium
343,Matteo Costela,apollo17@example.com,51,Dinamarca,Free
344,Bernardo Guerra,clara21@example.com,49,Timor Leste,Premium
345,Maria Liz Borges,bella09@example.com,53,Camarões,Free
346,Alexia Vieira,ryan77@example.net,26,Comores,Premium
347,Dra. Lavínia Pires,ucasa-grande@example.org,47,Cuba,Free
348,Erick Vieira,isabella40@example.org,41,Tunísia,Family
349,Pietra Silveira,xrodrigues@example.com,23,Jamaica,Family
350,Sr. Carlos Eduardo Rios,jduarte@example.org,66,Ilha Bouvet,Free
351,Apollo Jesus,kmoura@example.org,47,Ilhas Virgens Americanas,Free
352,Leonardo Leão,jaraujo@example.com,58,Croácia,Premium
353,Anthony Nascimento,nnascimento@example.org,37,Ilhas Salomão,Free
354,Théo Ferreira,goncalvesapollo@example.net,32,Ruanda,Premium
355,Matteo Camargo,nascimentoleonardo@example.org,42,São Cristóvão e Neves,Premium
356,José Pedro Sampaio,leandrosantos@example.org,23,Malta,Premium
357,Thiago Martins,lcardoso@example.com,33,Nepal,Family
358,Sr. Ravy Casa Grande,scasa-grande@example.net,63,Rússia,Premium
359,Marcelo da Mata,daniela82@example.com,53,Montenegro,Premium
360,Benicio Nunes,barrosbenicio@example.net,36,Chile,Free
361,Pedro Lucas Araújo,benjamim47@example.org,57,Ilhas Turcas e Caicos,Free
362,Ana Cecília da Mota,liam26@example.net,32,Guatemala,Free
363,Luiz Henrique da Mata,ana-clara23@example.com,63,Guatemala,Free
364,Alexandre Pastor,julianada-luz@example.net,22,Sudão,Family
365,Emilly Vargas,albuquerqueyan@example.com,32,Canadá,Premium
366,Breno Sales,ana-vitoriagoncalves@example.org,44,Filipinas,Premium
367,Henry Gabriel Cavalcanti,riosnicolas@example.org,50,Aruba,Free
368,Maria Flor Duarte,theooliveira@example.org,40,Albânia,Premium
369,Davi Miguel da Mota,ana-juliapimenta@example.net,44,Ilhas Salomão,Free
370,Kevin Silveira,da-pazana-clara@example.org,32,Ilhas Virgens Britânicas,Free
371,Letícia da Luz,joanajesus@example.org,64,Vanuatu,Free
372,Alana Rocha,wda-cunha@example.net,52,Afeganistão,Family
373,Emanuel da Cunha,da-cruzluiz-fernando@example.org,67,Palau,Free
374,Isaac Duarte,alexandre87@example.org,66,Svalbard e Jan Mayen,Premium
375,Gustavo Henrique Moreira,araujomaria-helena@example.net,62,Dinamarca,Family
376,Joaquim Mendonça,cardosocaio@example.net,41,Etiópia,Family
377,Enzo Gabriel Garcia,gomesbeatriz@example.com,67,Eritreia,Free
378,Maysa Cavalcanti,mcampos@example.org,44,Bermudas,Family
379,Davi Miguel Araújo,liamaragao@example.net,22,Svalbard e Jan Mayen,Premium
380,Maya Viana,kcavalcante@example.net,63,Mônaco,Free
381,Mariah Sousa,nathan73@example.com,45,Kuwait,Family
382,Murilo Lima,montenegronina@example.net,51,Guiné-Bissau,Premium
383,Valentina Freitas,da-motaraul@example.com,45,Groenlândia,Premium
384,Isaque Nascimento,henry-gabriel63@example.net,43,Jamaica,Family
385,Samuel Macedo,grios@example.org,32,Montenegro,Premium
386,Otto Guerra,theodoroandrade@example.net,19,Cuba,Free
387,Benjamin Vargas,rpires@example.net,58,Ilhas Caiman,Premium
388,Sr. Calebe Barbosa,ana-juliasantos@example.org,67,Suécia,Family
389,Mariah da Mata,alvescecilia@example.com,47,Gibraltar,Free
390,Srta. Júlia Ramos,rfarias@example.org,37,Jordânia,Premium
391,Eduarda da Rocha,luaraazevedo@example.com,65,Níger,Family
392,Maya Viana,alexiasouza@example.net,51,Peru,Family
393,Vitor Gabriel Caldeira,goliveira@example.com,59,Indonésia,Premium
394,Maria Luísa Mendonça,maiteda-mata@example.net,65,Navassa Island,Premium
395,Daniela Sales,vabreu@example.com,68,São Tomé e Príncipe,Free
396,Augusto da Cunha,eloa12@example.com,34,Eslovênia,Free
397,Ian Costa,silvamaria-sophia@example.com,70,Vanuatu,Premium
398,Bruno Guerra,freitashelena@example.org,39,Congo-Kinshasa,Free
399,Melina Farias,joaquim65@example.net,55,Domínica,Free
400,Lara Sousa,ana-clarada-luz@example.com,41,Turquia,Premium
401,Sr. Henrique Ramos,paparecida@example.org,33,Turquemenistão,Family
402,Aurora Porto,cribeiro@example.org,55,Brunei,Premium
403,Bianca Ramos,sophia55@example.com,48,República Dominicana,Family
404,Zoe Sampaio,da-cruzapollo@example.com,27,Papua-Nova Guiné,Family
405,Leandro Porto,rpires@example.net,22,Suriname,Free
406,Vitor Gabriel Araújo,luiz-miguelduarte@example.org,34,Peru,Free
407,Lorenzo Araújo,mendoncaalexandre@example.com,42,Territórios Austrais Franceses,Premium
408,Júlia Sales,fernandesasafe@example.org,38,Malásia,Premium
409,Luara da Mota,cardosomilena@example.com,38,Guiné Equatorial,Free
410,Pedro Henrique Marques,clara08@example.net,24,Gâmbia,Free
411,Lunna Casa Grande,brendamoraes@example.net,63,China,Premium
412,Dr. Brayan Cavalcante,da-cunhacaio@example.org,29,Haiti,Family
413,Cecilia Almeida,zsampaio@example.org,50,Malávi,Premium
414,Stephany Jesus,vicente55@example.com,33,Ashmore and Cartier Islands,Premium
415,Letícia Novaes,ucarvalho@example.net,45,Portugal,Family
416,Sra. Alana Martins,cvasconcelos@example.net,33,Ilhas dos Cocos,Family
417,Enrico Jesus,framos@example.com,29,São Tomé e Príncipe,Family
418,Ravi Lucca Azevedo,ferreiraleo@example.com,51,Paraguai,Free
419,João Ribeiro,milena09@example.com,46,Ilhas Virgens Americanas,Free
420,Dr. Isaque Mendonça,rochadavi@example.org,61,Antártica,Premium
421,Beatriz Oliveira,luisa79@example.net,46,Reino Unido,Premium
422,João Miguel Montenegro,jose-pedro48@example.org,39,Tajiquistão,Premium
423,Raul Rezende,pedro-lucas89@example.org,36,Sri Lanka,Premium
424,José Pedro Sousa,cassianorafael@example.net,29,Ilha do Natal,Premium
425,Marcela Correia,vitoriamachado@example.net,48,Lesoto,Free
426,Emilly Pimenta,hellena48@example.net,41,Croácia,Free
427,Rafael Ramos,silveiradaniela@example.com,52,Clipperton Island,Family
428,Dra. Sofia Guerra,salesluisa@example.org,18,Malávi,Premium
429,Srta. Cecilia Cavalcanti,lmelo@example.org,58,Vietnam,Premium
430,Bianca Pereira,joao-vitorcardoso@example.net,69,Barbados,Family
431,Noah Alves,amandaazevedo@example.org,23,Granada,Premium
432,Stephany Viana,ufarias@example.net,22,Barbados,Free
433,Ester Albuquerque,vsiqueira@example.net,64,Bolívia,Free
434,Cecília Duarte,joao-felipenascimento@example.com,70,Cuba,Free
435,Benjamim Silva,ngarcia@example.net,60,Palau,Premium
436,Gael Aparecida,emanuel49@example.org,29,Azerbaijão,Premium
437,Joana Rodrigues,danielaragao@example.org,69,Tunísia,Premium
438,Sr. Arthur da Mata,pimentamaya@example.com,21,Ilhas dos Cocos,Premium
439,Samuel Mendes,duartevalentina@example.net,50,Timor Leste,Family
440,Pedro Miguel Viana,clara08@example.com,36,Bahamas,Free
441,Rebeca Ferreira,da-rosavalentim@example.com,33,Venezuela,Premium
442,Aylla Nascimento,maria-juliamartins@example.org,24,Costa Rica,Premium
443,Raul Pacheco,zcastro@example.org,55,Santa Helena,Free
444,Asafe Andrade,azevedomanuela@example.com,19,Catar,Family
445,Hellena Cardoso,ana-carolinajesus@example.net,26,Malávi,Premium
446,Matteo Vieira,luanada-mata@example.com,39,Belize,Premium
447,Diego Silveira,lorenarodrigues@example.net,21,Arábia Saudita,Family
448,Otávio Araújo,xsantos@example.com,38,Bermudas,Premium
449,Pietra Cavalcanti,rocharaquel@example.org,63,Turquemenistão,Premium
450,Dr. Antônio Brito,ecavalcanti@example.org,29,Serra Leoa,Free
451,Valentim Farias,paulovargas@example.net,63,Geórgia do Sul e Sandwich do Sul,Family
452,Valentim Guerra,qda-luz@example.net,48,São Cristóvão e Neves,Family
453,Alice Ribeiro,jsousa@example.net,44,Ilhas Virgens Americanas,Premium
454,Dr. Felipe Ribeiro,heloisamelo@example.com,40,Camboja,Premium
455,Daniela Jesus,clima@example.org,36,Paraguai,Premium
456,Manuela Andrade,hadassa22@example.net,19,Cabo Verde,Free
457,Luiz Fernando Martins,bcampos@example.net,31,Vanuatu,Free
458,Maria Júlia Alves,isaquesilva@example.org,24,Bangladesh,Free
459,Luiz Miguel Oliveira,manuela50@example.org,37,Suíça,Family
460,Vitória Cavalcanti,qpastor@example.org,58,Estônia,Family
461,Lorenzo Sales,olivia18@example.org,50,Letônia,Free
462,Joaquim Cirino,caldeiragabrielly@example.org,35,Itália,Free
463,Maria Laura da Cruz,ryan55@example.com,46,Suíça,Free
464,Giovanna da Cruz,gabriel27@example.org,53,Estados Unidos,Premium
465,Melina Mendonça,vitorfarias@example.org,50,Usbequistão,Family
466,Alícia Fogaça,gdas-neves@example.com,55,Mali,Free
467,Mariah Lopes,raquelgoncalves@example.com,37,Afeganistão,Free
468,Dr. Vicente Alves,uporto@example.net,19,Papua-Nova Guiné,Premium
469,Sra. Jade Fernandes,wvieira@example.com,39,Costa do Marfim,Premium
470,Luiz Felipe Gomes,portobreno@example.com,28,Nepal,Family
471,Dr. Thales Porto,mda-rocha@example.net,25,Anguila,Family
472,José Fernandes,joao-gabrielalbuquerque@example.com,57,Chade,Family
473,João Miguel Moura,xbarros@example.org,46,Mauritânia,Free
474,Alana Cardoso,clarice63@example.net,50,Emirados Árabes Unidos,Premium
475,Anthony Costa,biancacunha@example.org,42,Vietnam,Family
476,Dr. Kevin Moraes,brunafreitas@example.com,49,São Vicente e Granadinas,Family
477,Maria Vitória Silveira,hadassa28@example.com,31,Ilha do Natal,Family
478,Mariane Cavalcante,beniciovargas@example.net,34,Bulgária,Free
479,Julia Cunha,joao-vitorabreu@example.net,34,Noruega,Premium
480,Rafaela da Cruz,mateusalves@example.net,69,Egito,Family
481,Bruno Machado,limadavi-miguel@example.com,60,Território Britânico do Oceano Índico,Family
482,Cauê Monteiro,cassianoana-carolina@example.net,25,Mayotte,Premium
483,Maria Sophia Sampaio,daniel18@example.org,48,Cabo Verde,Free
484,Dra. Bárbara Sá,cauearagao@example.com,40,Suíça,Premium
485,Beatriz Cardoso,marquesmirella@example.net,41,Japão,Premium
486,Aylla Cassiano,maria-ceciliamartins@example.com,67,Gibraltar,Free
487,Daniela Pires,ccasa-grande@example.org,70,Polinésia Francesa,Premium
488,Isaac Rezende,luanaviana@example.org,56,África do Sul,Family
489,Alexandre Montenegro,gabrielviana@example.com,56,Estados Unidos,Premium
490,Olívia Porto,omelo@example.org,49,Croácia,Family
491,Levi da Paz,xsampaio@example.org,24,Líbano,Free
492,Maria Eduarda Barbosa,isis55@example.com,62,Albânia,Premium
493,Dr. Rafael Peixoto,gustavo-henriquebarros@example.net,37,Singapura,Family
494,Manuella Monteiro,mmacedo@example.org,57,Islândia,Free
495,Gael Henrique da Cruz,oleao@example.org,50,Comores,Free
496,Maria Júlia Sá,rafaela50@example.org,62,Navassa Island,Family
497,Isabelly Cavalcanti,enzo-gabrielcaldeira@example.net,43,Antilhas Holandesas,Premium
498,Ian Azevedo,viniciusmontenegro@example.org,36,Micronésia,Family
499,Catarina Campos,jlima@example.com,53,Austrália,Free
500,Jade Silveira,qbarbosa@example.org,22,Niue,Family
501,Dra. Eloah Guerra,henry-gabrielleao@example.net,58,Trindade e Tobago,Premium
502,Yago Abreu,nascimentobrenda@example.net,63,Canadá,Family
503,Dr. Bruno Pastor,benicio91@example.net,45,Turquia,Premium
504,João Felipe Carvalho,jsales@example.com,19,República Centro-Africana,Premium
505,Felipe Moraes,maria-lauracassiano@example.net,29,Território Britânico do Oceano Índico,Free
506,Milena Moreira,hfreitas@example.net,62,Sudão,Free
507,Cecília Moreira,joao-vitorcavalcanti@example.org,24,Cuba,Family
508,Felipe Martins,antony96@example.org,62,Bielorrússia,Free
509,José Pedro Pimenta,cteixeira@example.com,28,Azerbaijão,Free
510,Guilherme Lima,benicio22@example.org,32,Maurícia,Family
511,Gustavo Henrique Nascimento,guerravinicius@example.com,49,Honduras,Free
512,Allana Azevedo,siqueirarhavi@example.com,22,Honduras,Family
513,Murilo Mendonça,xmendonca@example.com,32,Tonga,Free
514,Alice Viana,kamilly36@example.com,61,Eslovênia,Free
515,Mateus Aragão,ana-livianascimento@example.com,53,Síria,Free
516,Maria Liz da Paz,sborges@example.org,22,Espanha,Premium
517,Stella Correia,vargasanthony-gabriel@example.net,40,Território Britânico do Oceano Índico,Family
518,Luiz Fernando Sampaio,alexiamonteiro@example.com,57,Arábia Saudita,Premium
519,Erick Câmara,costadaniel@example.org,59,Croácia,Premium
520,Srta. Elisa Vargas,laviniacamargo@example.net,36,Nauru,Family
521,Arthur Miguel Peixoto,dpastor@example.net,58,Salvador,Premium
522,Ryan Pereira,maria-ceciliabarros@example.com,68,Coreia do Norte,Premium
523,Marcelo Garcia,nascimentoantonella@example.com,63,Sudão,Free
524,Sabrina Leão,lucasfreitas@example.org,42,Costa do Marfim,Premium
525,Francisco Pimenta,xsouza@example.org,32,Nicarágua,Free
526,Pedro Lucas Martins,luiz-miguel26@example.com,46,Liechtenstein,Family
527,Laura Santos,olivia92@example.com,48,Jamaica,Family
528,Nina Lima,zda-conceicao@example.org,44,Noruega,Free
529,Josué Cirino,danielaalves@example.org,43,Costa do Marfim,Free
530,Ana Sophia da Mota,eloabarros@example.com,61,Colômbia,Premium
531,Dr. Thiago Almeida,bento95@example.net,53,Jan Mayen,Family
532,Sra. Laís Pacheco,jrios@example.com,32,Trindade e Tobago,Premium
533,Caleb Rodrigues,samuelda-mota@example.com,20,Cuba,Free
534,André Melo,arthur-miguel03@example.org,52,Gibraltar,Premium
535,Breno Barros,faragao@example.net,37,Bulgária,Family
536,Ana Lívia Vieira,zandrade@example.com,45,Trindade e Tobago,Free
537,Isadora Costela,albuquerquefernanda@example.net,20,Albânia,Premium
538,Dr. Enzo Gabriel da Cunha,ana-cecilia12@example.net,59,Camboja,Family
539,Arthur Miguel Peixoto,ana-beatriz30@example.net,43,Bahamas,Family
540,Luan Oliveira,thiagoda-cruz@example.org,45,Jan Mayen,Family
541,Fernanda Vieira,nunesrael@example.org,65,Tuvalu,Family
542,João Miguel Nascimento,rafaelamonteiro@example.org,46,Cuba,Free
543,Pedro Henrique Camargo,arthur-gabrielgarcia@example.net,38,Camboja,Free
544,Valentina da Conceição,rafaelcosta@example.org,43,Dinamarca,Free
545,Stella Fonseca,leaovalentim@example.net,32,Ilha Norfolk,Free
546,Bella Costa,egoncalves@example.org,20,Bermudas,Family
547,Bruno Moura,vferreira@example.net,67,Japão,Family
548,Sophia Caldeira,josuefogaca@example.org,62,Salvador,Family
549,Caio Farias,fonsecapedro-henrique@example.net,61,Turquia,Family
550,Mariana Borges,vitor-hugo75@example.org,68,Argélia,Premium
551,Leonardo Novais,laparecida@example.net,40,Mauritânia,Free
552,Srta. Emanuelly Monteiro,costelavitor-hugo@example.org,54,Macau,Premium
553,Ana Liz Fonseca,oda-conceicao@example.com,30,Estônia,Family
554,Heloisa Rodrigues,luiz-gustavoteixeira@example.net,62,Uganda,Family
555,Ana Beatriz Barbosa,asafe22@example.org,23,Montenegro,Family
556,Isaac Casa Grande,qalbuquerque@example.org,52,Irlanda,Premium
557,Dra. Maria Isis Gonçalves,marina25@example.com,20,Tailândia,Family
558,João Lucas Garcia,enovaes@example.net,24,África do Sul,Family
559,Rodrigo Alves,matteoaragao@example.net,43,Turquemenistão,Premium
560,Maria Alice Porto,emanuellaguerra@example.com,29,Jan Mayen,Family
561,Juan Vargas,jsiqueira@example.com,20,Roménia,Family
562,Maria Luísa da Rocha,wfreitas@example.net,34,Tajiquistão,Premium
563,Davi Luiz Nascimento,oliveirakamilly@example.org,60,Liechtenstein,Premium
564,Carolina Casa Grande,da-rochamaria-flor@example.com,56,Senegal,Family
565,Anthony Barbosa,fdas-neves@example.com,23,Ilhas Cook,Premium
566,Julia Jesus,antonio75@example.com,35,Suriname,Premium
567,Rodrigo Pacheco,maria-eduarda69@example.org,54,Brasil,Free
568,Bárbara Duarte,catarina26@example.com,62,Ilha Bouvet,Free
569,André Fernandes,camargosarah@example.com,61,Egito,Free
570,Cauê das Neves,duartelarissa@example.org,51,Bolívia,Family
571,Luiz Gustavo Cunha,rezendelucca@example.org,28,Argentina,Premium
572,Ana Beatriz Brito,samuel28@example.com,70,Territórios Austrais Franceses,Free
573,Giovanna Araújo,ldas-neves@example.net,66,República Centro-Africana,Free
574,Dra. Amanda Pinto,fsousa@example.net,67,Suazilândia,Premium
575,Benjamim Aparecida,eduarda76@example.org,39,Áustria,Premium
576,Thomas Melo,maria-juliapimenta@example.com,59,Chile,Free
577,Ágatha Lima,thomascunha@example.org,68,Domínica,Premium
578,Dr. Caleb Leão,tda-luz@example.net,24,Chile,Premium
579,Daniel Souza,anthony75@example.net,22,Bangladesh,Family
580,Benjamin da Conceição,costelapedro@example.org,50,Espanha,Family
581,Enzo Sales,daragao@example.com,69,Belize,Premium
582,Ana Sophia Teixeira,mariane31@example.org,54,Albânia,Family
583,Isabel da Cunha,xcaldeira@example.com,46,Sudão,Premium
584,Sra. Clara Pinto,casa-grandejoao-gabriel@example.com,20,Gabão,Free
585,Bruna Abreu,lizda-mota@example.com,24,Ilhas Salomão,Family
586,Dra. Heloísa Aragão,ana-claracunha@example.org,53,Quênia,Premium
587,Apollo Brito,alexandre29@example.com,52,Samoa Americana,Free
588,Antônio Porto,fogacabruna@example.org,66,Santa Lúcia,Free
589,Sr. Isaque Sampaio,dcassiano@example.com,28,Ilhas Turcas e Caicos,Family
590,Anna Liz Montenegro,ana-julia03@example.org,70,Palau,Family
591,Anthony Gabriel Pereira,ffernandes@example.com,56,Congo-Kinshasa,Premium
592,Luan Machado,jcirino@example.net,30,Tuvalu,Premium
593,Anna Liz Cirino,pietropeixoto@example.net,48,Ilhas dos Cocos,Family
594,Heloísa Fogaça,xgoncalves@example.com,22,Malta,Premium
595,Luara Fernandes,lalbuquerque@example.org,56,Somália,Premium
596,Dr. Raul Barbosa,sousaana-livia@example.com,53,Ruanda,Premium
597,Mariana Porto,da-matarafaela@example.com,41,Mayotte,Premium
598,Henrique Dias,da-luzmaite@example.com,22,Svalbard e Jan Mayen,Family
599,Paulo Monteiro,jgarcia@example.org,50,Nauru,Family
600,Théo Lima,kaiquemarques@example.net,47,São Pedro e Miquelon,Family
601,Cecília Souza,diasluisa@example.com,64,Turquemenistão,Family
602,Melissa da Mota,diogosiqueira@example.org,25,Países Baixos,Premium
603,Breno da Cunha,ana-lizsousa@example.org,52,Lesoto,Family
604,Pedro Porto,gcavalcante@example.net,32,Seicheles,Family
605,Kevin Vieira,rioskevin@example.com,61,Bangladesh,Premium
606,Enrico da Cunha,leticiagoncalves@example.net,49,Namíbia,Free
607,Apollo Fonseca,peixotopedro@example.org,36,Niue,Premium
608,Helena Pimenta,joao-lucasaragao@example.net,52,Finlândia,Free
609,Asafe da Paz,gael-henrique91@example.org,46,Burundi,Family
610,Ana Júlia Fernandes,maria-laura85@example.net,31,Paraguai,Free
611,Arthur Miguel Brito,gael-henriquefonseca@example.net,24,Honduras,Premium
612,Isaac Souza,julianamontenegro@example.net,41,Quênia,Free
613,Thales Fonseca,yuripinto@example.org,58,Polônia,Free
614,Dr. Levi Jesus,almeidadom@example.com,29,Noruega,Family
615,Letícia Peixoto,pauloaraujo@example.net,66,Mônaco,Premium
616,Sr. João Felipe Ferreira,aparecidaleonardo@example.org,43,Anguila,Free
617,Sr. Benjamin Cardoso,rezendemaria-helena@example.org,35,Dinamarca,Family
618,Ísis Monteiro,raulandrade@example.org,64,Ilha Norfolk,Premium
619,Ágatha Vieira,mendoncaryan@example.net,26,Maurícia,Premium
620,Dr. Yuri Brito,svasconcelos@example.com,24,Sara Ocidental,Free
621,Giovanna Teixeira,wferreira@example.com,61,Bolívia,Free
622,Maria Fernanda Carvalho,eda-cruz@example.com,50,Malávi,Family
623,Laís Andrade,da-costapaulo@example.org,56,Dhekelia,Premium
624,Davi Lucca das Neves,theodoro98@example.org,23,Fiji,Family
625,Antony Moreira,rodrigopacheco@example.com,49,Jordânia,Premium
626,Mirella Cardoso,da-matamaria-fernanda@example.net,21,Anguila,Free
627,Clarice Caldeira,oazevedo@example.net,49,Território Britânico do Oceano Índico,Family
628,Dr. Davi Miguel Guerra,almeidamaria-luiza@example.org,26,Ilhas Turcas e Caicos,Premium
629,Paulo Vieira,ana-lauracamargo@example.net,37,Ilha do Natal,Family
630,Isabel Rocha,ybarros@example.net,18,Cabo Verde,Family
631,Maria Aragão,npinto@example.org,31,Turquemenistão,Premium
632,Sra. Lavínia Nascimento,rael70@example.com,19,Bermudas,Family
633,Isadora Alves,jose-miguelnascimento@example.net,31,Paquistão,Premium
634,Dr. Luiz Gustavo Castro,sarafaela@example.net,33,Geórgia,Family
635,Rodrigo Sampaio,costelamaria-flor@example.com,40,Svalbard e Jan Mayen,Free
636,Mathias Dias,enzo-gabriel91@example.org,51,Maurícia,Premium
637,Vinicius Mendes,emanuellymoraes@example.com,19,Serra Leoa,Free
638,Dra. Emanuella Novaes,qmacedo@example.org,26,Noruega,Premium
639,Valentim Oliveira,pietro75@example.net,21,Butão,Family
640,Heloisa da Costa,emillyalbuquerque@example.net,25,Vietnam,Premium
641,Marcos Vinicius Jesus,qpimenta@example.net,48,Ilhas Virgens Britânicas,Free
642,Otto Aparecida,larissamartins@example.net,60,Andorra,Premium
643,Maysa Melo,oda-luz@example.net,29,Ilhas Falkland,Premium
644,Srta. Aurora Vasconcelos,oribeiro@example.com,59,Líbia,Premium
645,Bento Souza,pedro-miguelpeixoto@example.com,43,São Vicente e Granadinas,Family
646,Daniel Abreu,helena20@example.org,38,Nauru,Premium
647,Dr. Arthur Gabriel Viana,otavio22@example.org,38,Moldávia,Free
648,Gabrielly Castro,ian42@example.org,41,Iêmen,Family
649,Alexia Duarte,da-cruzisaac@example.net,46,Samoa,Premium
650,Guilherme Porto,levida-mata@example.net,49,Congo-Brazzaville,Free
651,Zoe Ferreira,leo80@example.com,44,Costa do Marfim,Family
652,Dr. Bruno Macedo,das-nevesbarbara@example.com,44,Quiribáti,Free
653,Olivia Silveira,vinicius57@example.net,33,Uganda,Free
654,Sr. Vinícius Jesus,leticiapinto@example.com,58,Nauru,Premium
655,Isaac Moura,fonsecavicente@example.org,53,Costa Rica,Family
656,André Castro,da-matajose@example.net,29,Cuba,Free
657,Liz Machado,mbarbosa@example.net,48,Antilhas Holandesas,Premium
658,Gael Henrique Dias,rmacedo@example.net,50,Namíbia,Premium
659,Lara Cardoso,emilly61@example.com,69,Quirguizistão,Free
660,Gustavo Porto,vda-rocha@example.org,26,Uganda,Premium
661,Júlia Nascimento,cmonteiro@example.com,66,Vanuatu,Family
662,Benício Barros,azevedorenan@example.net,20,Canadá,Family
663,Marcelo Ferreira,fernandesmateus@example.net,32,Ilhas Salomão,Premium
664,Rebeca Siqueira,melomaria@example.org,53,Países Baixos,Family
665,Eloá Costa,enzo-gabriel97@example.com,59,Santa Lúcia,Premium
666,Arthur Miguel da Rosa,ester28@example.com,62,Jibuti,Family
667,Vitória Freitas,sfarias@example.net,49,Armênia,Premium
668,Srta. Amanda Nunes,vicenteda-cunha@example.org,34,Mônaco,Premium
669,Asafe Marques,marquesbianca@example.org,18,Jordânia,Free
670,João Miguel Azevedo,luara11@example.com,52,Domínica,Premium
671,Sra. Laura Cunha,ana-laurafernandes@example.net,59,Maurícia,Premium
672,Beatriz Cunha,rgoncalves@example.net,21,Ilha Norfolk,Premium
673,Davi Lucas Costa,vmoura@example.org,30,Ilhas dos Cocos,Free
674,Melissa Moura,carolinebarbosa@example.net,68,Azerbaijão,Family
675,Olivia Câmara,machadoana@example.net,53,Seicheles,Premium
676,Sra. Nicole Lima,melinaalmeida@example.org,51,Hungria,Free
677,Sr. Yuri Siqueira,mda-luz@example.net,47,Svalbard e Jan Mayen,Family
678,Mirella Farias,bernardo57@example.net,55,Jersey,Premium
679,Sr. Bento Cirino,mariah44@example.com,37,Nigéria,Free
680,Lara Vasconcelos,ana-beatriz72@example.com,31,Singapura,Family
681,Dra. Laís Nunes,dda-rosa@example.com,26,Macau,Family
682,Pedro Duarte,arthur-gabriel15@example.com,30,Bangladesh,Free
683,Catarina Barbosa,maria-alice61@example.com,56,Domínica,Family
684,Maria Liz Nogueira,bruna22@example.com,28,Áustria,Premium
685,Liz Guerra,fernandapinto@example.com,24,Taiwan,Premium
686,Dr. Davi Fernandes,camposmarcos-vinicius@example.net,37,Butão,Family
687,Maitê Andrade,uda-rocha@example.com,52,Montenegro,Free
688,Benício Almeida,rafaeladas-neves@example.org,21,Roménia,Premium
689,Francisco Guerra,rnovaes@example.org,36,Antígua e Barbuda,Family
690,Sr. Carlos Eduardo da Cunha,arthur00@example.com,35,Nova Caledónia,Family
691,Sr. Henry Aragão,vianamaysa@example.org,33,Níger,Family
692,Ísis Fonseca,kamilly89@example.com,35,Ilha Wake,Free
693,Alexandre Nunes,marina10@example.org,51,Egito,Family
694,Benicio Moura,leandrojesus@example.com,59,Emirados Árabes Unidos,Family
695,Maria Isis Andrade,ana-julia74@example.com,61,Botsuana,Free
696,Benicio Cirino,maria-claracostela@example.com,44,Países Baixos,Family
697,Nicolas Marques,vmoraes@example.com,19,Aruba,Premium
698,Ana Beatriz Melo,ana-luiza58@example.net,70,Egito,Premium
699,Yasmin Rocha,isilva@example.com,27,Dinamarca,Family
700,Vinícius Lopes,davisantos@example.net,31,Domínica,Premium
701,Sra. Maria Liz Pacheco,kcosta@example.org,59,Cuba,Premium
702,Vitória Câmara,zoe10@example.org,27,França,Free
703,Luan Camargo,zcarvalho@example.org,39,Congo-Brazzaville,Family
704,Maria Flor Almeida,qsantos@example.net,52,Costa Rica,Premium
705,Kevin Sales,andre22@example.com,45,Nova Caledónia,Premium
706,Bruno Pastor,jda-rosa@example.net,24,Botsuana,Free
707,Dr. Kaique Sampaio,lucas-gabrielaparecida@example.org,37,Costa Rica,Premium
708,Camila Melo,joao-guilhermesampaio@example.net,64,Hong Kong,Family
709,João Lucas Cavalcante,da-cruzkaique@example.com,69,Jamaica,Premium
710,Mateus Pinto,larissalopes@example.com,23,Austrália,Premium
711,Sr. Cauã Peixoto,ravialbuquerque@example.org,21,Bermudas,Free
712,Sr. Joaquim Leão,mendesana-cecilia@example.com,39,Turquia,Free
713,Heitor Pinto,dsantos@example.net,53,Angola,Free
714,Asafe Andrade,nicoleoliveira@example.net,40,Malásia,Premium
715,Vitor Hugo Fernandes,procha@example.net,59,Síria,Free
716,Dr. Otávio Cavalcanti,salesmaria-liz@example.org,47,Ilha Wake,Free
717,Sr. Thiago Rezende,fernandomachado@example.net,50,Mongólia,Family
718,Arthur Costa,vmacedo@example.org,67,Usbequistão,Family
719,Manuela Andrade,maria-ceciliagomes@example.org,69,Kuwait,Free
720,Zoe Fernandes,gustavomoura@example.org,22,Wallis e Futuna,Free
721,Stephany Castro,mathiasabreu@example.net,43,Singapura,Family
722,Arthur Miguel Fogaça,eloa66@example.com,64,Nicarágua,Free
723,Dr. Augusto da Costa,maria-eduardada-mota@example.net,48,Malta,Family
724,Dra. Maria Helena da Mota,das-nevesryan@example.net,58,Clipperton Island,Premium
725,Dr. Leandro Fogaça,isabella28@example.com,24,Indonésia,Premium
726,Ana Julia Pires,gustavo35@example.org,65,Hungria,Free
727,Ana Julia Aragão,leaohellena@example.com,32,Mali,Premium
728,Ana Beatriz Correia,elisa41@example.net,44,Paracel Islands,Premium
729,Pedro Lucas Rodrigues,camila76@example.org,23,Jamaica,Family
730,Mariah Pires,ilopes@example.org,28,Aruba,Family
731,Isabelly Pastor,goncalveslais@example.net,31,Ilhas Marshall,Family
732,Marcelo da Rosa,knascimento@example.net,29,Equador,Family
733,Lara da Rosa,mouramariah@example.net,25,Antígua e Barbuda,Free
734,Maria Laura Camargo,vinicius97@example.com,33,Suriname,Premium
735,Arthur Miguel Macedo,da-cruzmateus@example.com,23,Zâmbia,Free
736,Dr. Diego Rodrigues,isaque54@example.org,45,Tajiquistão,Family
737,João Gabriel Câmara,cardosodavi@example.net,20,Anguila,Family
738,Ana Machado,jnunes@example.org,24,Benim,Family
739,Thomas da Rosa,ana-carolina48@example.org,64,Jersey,Free
740,Ester Campos,carvalhomurilo@example.com,28,Dhekelia,Premium
741,Oliver da Rosa,ipires@example.com,68,Macau,Premium
742,Sr. Arthur Miguel Almeida,claramendes@example.com,57,Alemanha,Premium
743,Julia Fernandes,joao-guilherme48@example.com,65,Costa Rica,Premium
744,Yuri Nascimento,machadoyan@example.com,40,Uruguai,Family
745,João Felipe Fernandes,gabrieldias@example.com,53,Egito,Family
746,Leonardo Pimenta,da-cruzdom@example.net,59,Taiwan,Free
747,Calebe Aparecida,nascimentoemilly@example.org,69,Domínica,Free
748,Ana Novais,isabel24@example.com,43,Território Britânico do Oceano Índico,Free
749,João Miguel Lopes,cpinto@example.com,69,Líbano,Premium
750,Benjamin Barbosa,rda-mota@example.net,30,Níger,Family
751,Vitor Hugo Ferreira,alice12@example.net,18,Serra Leoa,Free
752,Caroline Vasconcelos,silvabento@example.net,54,Tajiquistão,Premium
753,Liz Pacheco,martinsmaria-isis@example.net,54,Tonga,Family
754,Luiz Miguel da Conceição,joao-felipe86@example.org,39,Bulgária,Family
755,Lorena Novaes,maria-alicemoura@example.com,62,Comores,Family
756,Dr. Vitor Gabriel Silva,raquel31@example.net,28,Camboja,Premium
757,Ana Sousa,bmoraes@example.net,65,Eritreia,Premium
758,José Miguel das Neves,carlos-eduardo10@example.net,38,Navassa Island,Family
759,João Gabriel Rios,vieiraaylla@example.net,67,Ilha Bouvet,Family
760,Sra. Cecília Pimenta,pintomatheus@example.com,32,Aruba,Premium
761,Liam da Cruz,piresrael@example.org,37,Portugal,Free
762,João Miguel Correia,luara69@example.net,45,Vietnam,Free
763,Isabel Andrade,yagooliveira@example.com,22,Papua-Nova Guiné,Free
764,Antônio Moura,raeldias@example.net,62,Níger,Premium
765,Yuri Caldeira,kaique04@example.net,32,Catar,Free
766,Marcela Mendes,marcela51@example.org,52,Israel,Free
767,Manuella da Mata,laramelo@example.org,41,Nepal,Family
768,Isabella Azevedo,unovais@example.net,52,Ucrânia,Free
769,Ana Beatriz Andrade,bcunha@example.org,32,Gâmbia,Family
770,Noah Costa,joao-miguel75@example.org,36,União Europeia,Free
771,Calebe da Paz,maria-luisanovais@example.org,26,Bélgica,Free
772,Sophia Moraes,joliveira@example.org,40,Congo-Kinshasa,Free
773,Daniel Fogaça,andradepedro@example.org,38,Ilhas dos Cocos,Free
774,Raul Santos,vitor-gabrielfreitas@example.org,54,Guatemala,Family
775,Thiago Albuquerque,montenegrovinicius@example.org,39,Alemanha,Free
776,Mariah da Mota,gaeldias@example.com,19,Wallis e Futuna,Premium
777,Jade da Paz,hadassa30@example.net,22,Pitcairn,Family
778,Rael Souza,vmelo@example.org,31,Zimbábue,Free
779,Davi Montenegro,sasofia@example.net,66,Macedônia do Norte,Free
780,Dra. Luara Costela,joao-lucasmelo@example.com,36,Congo-Kinshasa,Free
781,Dra. Raquel Nascimento,samatheus@example.org,60,Bangladesh,Family
782,Nathan Azevedo,maria-laura03@example.org,26,Gana,Family
783,Rafael Brito,jsouza@example.org,42,Hungria,Family
784,Cecilia Melo,leonardomartins@example.org,33,Pitcairn,Premium
785,Pedro Lucas Aragão,joao-guilherme11@example.com,24,Vaticano,Premium
786,Maria Sophia Gomes,otavio60@example.org,33,Ilhas Turcas e Caicos,Free
787,Eloah Leão,rafael01@example.com,40,Haiti,Premium
788,André Brito,andre41@example.com,36,Tanzânia,Premium
789,Dr. Théo Rodrigues,isisribeiro@example.net,56,Samoa Americana,Family
790,Sophia Araújo,joao-lucasmelo@example.org,57,Países Baixos,Free
791,Maria Sophia Garcia,dante77@example.com,68,Chipre,Free
792,Dra. Olívia Sá,taragao@example.net,33,Israel,Free
793,Júlia Silva,julialeao@example.com,39,Etiópia,Family
794,Pietra Oliveira,josueteixeira@example.com,66,Quiribáti,Free
795,Sr. Vitor Hugo Castro,vicentegomes@example.com,42,São Cristóvão e Neves,Family
796,Stephany Cavalcante,fernando57@example.net,42,Luxemburgo,Premium
797,Ana Cecília Freitas,thomas14@example.com,69,Tokelau,Free
798,Bárbara Fogaça,tdias@example.com,18,Quiribáti,Free
799,Isaac Nunes,caldeiradante@example.net,58,Zâmbia,Premium
800,Mariah Barros,rnunes@example.net,18,Irlanda,Premium
801,Sra. Ana Clara da Costa,vinicius96@example.com,32,Gabão,Family
802,Rafaela Mendes,ana-beatriz85@example.org,21,Moçambique,Premium
803,Luiz Henrique Costela,novaiscarlos-eduardo@example.net,24,Território Britânico do Oceano Índico,Family
804,Davi Miguel Moreira,aurora09@example.net,54,Brasil,Premium
805,Mariah Melo,jcosta@example.com,51,Salvador,Family
806,Thales Fernandes,livianogueira@example.org,58,Haiti,Family
807,Fernanda Camargo,pereiramaria-liz@example.com,69,Paquistão,Free
808,Vinicius Vasconcelos,riosliz@example.org,52,Micronésia,Premium
809,Olivia Ferreira,kazevedo@example.org,59,Chade,Premium
810,Larissa Barros,ana-livia83@example.net,67,Costa Rica,Premium
811,José Sales,manuelada-cruz@example.net,49,Senegal,Free
812,Brenda Camargo,ssa@example.com,66,Tokelau,Family
813,Vinicius Montenegro,auroracarvalho@example.net,37,Tailândia,Family
814,Sra. Carolina Mendonça,vitor12@example.org,51,Samoa Americana,Free
815,Zoe Barbosa,oliveiraana-julia@example.net,40,Antilhas Holandesas,Free
816,Luiz Gustavo Martins,rebecacassiano@example.com,39,Turquemenistão,Free
817,Marcos Vinicius Moraes,meloenrico@example.net,21,Antártica,Premium
818,Davi Miguel Cavalcante,carolinafreitas@example.net,52,Bangladesh,Free
819,Enzo Gabriel Fernandes,vicentevasconcelos@example.org,61,Países Baixos,Premium
820,Ian Moraes,rfarias@example.org,31,Arábia Saudita,Family
821,Rebeca da Rocha,isisda-rosa@example.net,65,Ilhas Marshall,Family
822,Mariah Farias,thomasbarros@example.net,52,Dhekelia,Free
823,Dr. Danilo Rios,carvalhoana-luiza@example.org,38,Canadá,Premium
824,Nina da Rocha,luiz-otavioda-cunha@example.com,43,Togo,Free
825,Augusto Mendonça,nsa@example.net,28,Singapura,Premium
826,Enzo Gabriel Albuquerque,ana-sophiasampaio@example.net,19,São Cristóvão e Neves,Free
827,Beatriz Fogaça,bborges@example.net,40,Maldivas,Free
828,Júlia Santos,vicentegomes@example.com,64,Territórios Austrais Franceses,Family
829,Thiago da Cunha,ribeirohenry@example.com,48,Malávi,Family
830,Luna Gomes,gabriela87@example.com,69,Comores,Premium
831,Théo da Rosa,luiz-fernando99@example.net,53,Antártica,Free
832,Ravy Aparecida,maria-alice79@example.com,36,Costa do Marfim,Family
833,Maria Helena Rezende,ida-rocha@example.com,23,Botsuana,Free
834,Dra. Maria Júlia Cardoso,juanpastor@example.org,47,Burquina Faso,Premium
835,Maria Júlia Guerra,maria-florsantos@example.org,40,Niue,Family
836,Luiz Gustavo Vasconcelos,lizcorreia@example.net,24,Malávi,Family
837,Alice Freitas,leomendes@example.net,19,Ilhas Heard e McDonald,Premium
838,Cauã Viana,guerraanthony@example.org,52,Roménia,Premium
839,Sophia Costela,mateus60@example.net,43,Costa Rica,Free
840,Laís Siqueira,igoncalves@example.net,36,Guiné,Premium
841,Maria Júlia Nascimento,maria-fernandacampos@example.net,53,Monserrate,Premium
842,Bárbara Vasconcelos,knovaes@example.com,68,Barein,Free
843,Gustavo Henrique Cunha,pcostela@example.org,54,Ashmore and Cartier Islands,Family
844,Maria Vitória da Costa,sousalara@example.org,69,Bósnia e Herzegovina,Family
845,Heloísa Carvalho,enzo-gabriel53@example.com,64,Noruega,Premium
846,Beatriz Almeida,pereiramatteo@example.org,29,Rússia,Premium
847,Srta. Natália Costa,rborges@example.com,59,Finlândia,Premium
848,Sabrina Nascimento,tmachado@example.org,66,Costa do Marfim,Free
849,Lucca Peixoto,joao-migueljesus@example.com,60,Guatemala,Free
850,Heitor Pereira,alvesmariane@example.net,19,Kuwait,Premium
851,Breno Machado,vianaclara@example.com,34,Gabão,Family
852,Dr. Isaac Cunha,trezende@example.net,46,Territórios Austrais Franceses,Premium
853,Antony Nascimento,novaisana-vitoria@example.org,32,Ilhas Turcas e Caicos,Family
854,Calebe Nunes,souzaisabelly@example.org,20,Croácia,Premium
855,Srta. Rebeca Cunha,nalbuquerque@example.net,19,Anguila,Family
856,Heloisa Gonçalves,rafaelfogaca@example.org,66,Brasil,Premium
857,Dr. Henry Gabriel da Mota,maria-laura19@example.net,47,Dhekelia,Free
858,Vinicius Cavalcante,gomesgabriela@example.net,47,Turquemenistão,Family
859,Luiz Miguel da Cruz,mguerra@example.net,60,Congo-Brazzaville,Family
860,Vinícius Camargo,xsampaio@example.org,69,Zimbábue,Family
861,Valentim Martins,isabel07@example.org,70,Mongólia,Family
862,Sr. Isaac Oliveira,vleao@example.org,64,Namíbia,Family
863,Ana Vitória Novais,ana-beatrizpinto@example.org,32,Groenlândia,Premium
864,Lucas Gabriel Abreu,rsouza@example.org,50,Ilha Norfolk,Family
865,Maria Laura Cassiano,luna43@example.org,69,Botsuana,Premium
866,Laura Marques,costelamarcos-vinicius@example.net,50,Antártica,Free
867,Benjamin Sá,hsouza@example.org,46,Bahamas,Premium
868,Ian da Rocha,manuellaferreira@example.com,60,Ashmore and Cartier Islands,Family
869,Maria Moraes,joao-guilhermesouza@example.org,51,Papua-Nova Guiné,Free
870,João Lucas Fernandes,tdas-neves@example.net,37,Uganda,Free
871,Alice Ramos,da-conceicaobrenda@example.com,44,Guatemala,Free
872,Alice Correia,laviniafogaca@example.org,37,Cuba,Premium
873,Liz Peixoto,sarahcostela@example.net,33,Quiribáti,Family
874,Elisa Moreira,allana83@example.net,26,Tailândia,Free
875,Igor Costela,xramos@example.com,32,Haiti,Free
876,Pedro Henrique Ribeiro,maria-isispereira@example.com,60,Peru,Premium
877,Arthur Gabriel Martins,tcosta@example.com,33,Jamaica,Premium
878,Gael Henrique Pimenta,melissa28@example.net,31,Zimbábue,Family
879,Sr. Luiz Felipe Viana,guerragabrielly@example.org,51,Timor Leste,Free
880,Luan Abreu,peixotobryan@example.org,36,Bangladesh,Premium
881,Dra. Esther Fernandes,yan70@example.com,47,Antártica,Family
882,Srta. Marcela Gomes,luisanogueira@example.net,36,Nicarágua,Premium
883,Rafael Cirino,levi35@example.net,61,Bolívia,Premium
884,Renan Teixeira,castrovitor-gabriel@example.org,52,Usbequistão,Free
885,Pietra Sales,mariane89@example.org,50,Mongólia,Free
886,Isadora Dias,dbarros@example.net,20,Zimbábue,Free
887,Gustavo Vargas,xsousa@example.org,61,Eritreia,Family
888,Alícia Sampaio,casa-granderyan@example.net,37,Gibraltar,Free
889,Luan Novais,lorenzoda-rocha@example.net,36,Ucrânia,Free
890,Maria Cecília Sales,svieira@example.net,68,São Cristóvão e Neves,Premium
891,Helena Fogaça,caleb66@example.org,40,Tajiquistão,Premium
892,Srta. Agatha Lima,salesmariah@example.org,46,Cazaquistão,Premium
893,João Peixoto,guerraleonardo@example.com,50,Mayotte,Free
894,Srta. Kamilly Rios,pedrolima@example.net,35,Grécia,Family
895,Henry Abreu,marquesjuan@example.org,23,Camboja,Premium
896,Lavínia Cirino,joao-guilherme11@example.net,32,Tuvalu,Free
897,Juan Cavalcante,gomesbarbara@example.net,69,Panamá,Premium
898,Isaque Cirino,fogacaaylla@example.com,58,Benim,Premium
899,Srta. Gabrielly Moreira,giovanna19@example.org,51,Chile,Free
900,Bernardo Moreira,novaesmatteo@example.net,70,Lesoto,Family
901,Davi Lucca das Neves,evelyn17@example.net,66,Niue,Premium
902,Beatriz Fonseca,tmarques@example.com,39,Argentina,Premium
903,Joaquim da Mata,montenegrorhavi@example.com,39,Guam,Premium
904,Théo da Conceição,araujojoaquim@example.com,18,Moçambique,Family
905,Benicio Peixoto,jose-pedromelo@example.net,43,Países Baixos,Premium
906,Srta. Luara Correia,csilveira@example.net,64,Indonésia,Family
907,Pedro Vasconcelos,gfogaca@example.com,37,Costa Rica,Premium
908,Sra. Cecília Machado,ncavalcante@example.com,56,Equador,Premium
909,Sr. João Pedro Alves,benjaminbarbosa@example.com,54,Argélia,Premium
910,Hadassa Garcia,garciajade@example.net,67,Bélgica,Family
911,Isis Campos,murilo28@example.com,41,Letônia,Free
912,Srta. Luísa Câmara,vpinto@example.net,55,Grécia,Family
913,Isabela Araújo,mendoncaaylla@example.org,47,Mônaco,Family
914,Thomas Campos,ipinto@example.org,65,Burquina Faso,Free
915,Ana Vitória Leão,marianedias@example.org,40,Suazilândia,Free
916,Srta. Olivia Vargas,diasjosue@example.net,57,Kuwait,Premium
917,Dr. Théo Martins,maria-julia61@example.org,27,São Vicente e Granadinas,Family
918,Sra. Cecília Brito,yan77@example.com,22,Domínica,Premium
919,Leonardo Cirino,vinicius81@example.org,52,Territórios Austrais Franceses,Family
920,Luara Monteiro,antony21@example.org,62,Aruba,Free
921,Maria Flor Nascimento,gael03@example.org,58,Paquistão,Family
922,Pietro Gonçalves,eduardoribeiro@example.com,70,Liechtenstein,Family
923,Dra. Lunna Alves,vasconcelosravy@example.net,24,Catar,Family
924,Lucas Gabriel Moreira,mda-cunha@example.org,60,Arábia Saudita,Family
925,Dr. Davi Lucas Oliveira,brayanda-rocha@example.org,26,Antígua e Barbuda,Premium
926,Dra. Maria Laura Rios,arthurpimenta@example.com,52,Ilha do Natal,Premium
927,Danilo Casa Grande,saradias@example.net,53,Namíbia,Free
928,Luan Lopes,moraesvitoria@example.org,18,Panamá,Family
929,Maria Laura Oliveira,vdas-neves@example.org,36,Antártica,Family
930,Sr. Thiago Viana,mazevedo@example.org,63,Mayotte,Family
931,Valentim Cassiano,gomesdavi-lucca@example.com,54,Barein,Family
932,Rhavi Lima,danilo36@example.net,28,Tanzânia,Free
933,Cauê Nunes,rebecacunha@example.org,49,Serra Leoa,Premium
934,Rafaela da Rocha,salesjosue@example.org,50,Montenegro,Premium
935,Ana Vitória Cardoso,bpires@example.net,43,Líbano,Free
936,Maria Laura Fonseca,thales11@example.org,20,Gana,Free
937,Dra. Larissa Vieira,barbosamirella@example.org,47,Svalbard e Jan Mayen,Premium
938,Ágatha Rios,alexiasousa@example.org,21,Iran,Family
939,Heitor Abreu,iduarte@example.com,53,Ilhas Virgens Americanas,Family
940,Brenda Cunha,ryansilva@example.net,70,Letônia,Premium
941,Dr. Samuel Ribeiro,mayavargas@example.net,58,Finlândia,Family
942,Lorena Camargo,novaisvinicius@example.org,24,Hungria,Free
943,Melissa da Cruz,davi-miguelmonteiro@example.com,20,Território Britânico do Oceano Índico,Family
944,Maya Monteiro,hmoura@example.com,70,Japão,Premium
945,Caio Fernandes,nuneslarissa@example.org,24,República Dominicana,Family
946,Juliana da Luz,zcorreia@example.net,26,Bahamas,Free
947,Sra. Mariana Siqueira,maria-florpereira@example.net,41,Sudão,Premium
948,Nicolas Abreu,rodriguesbella@example.net,41,Japão,Free
949,Marcelo Azevedo,ana-sophia65@example.com,25,Quiribáti,Free
950,Gabrielly Fonseca,pereiracaue@example.net,66,República Centro-Africana,Free
951,Sr. Lucas Gabriel Montenegro,caioleao@example.org,52,Seicheles,Premium
952,Srta. Milena da Paz,alexia39@example.com,22,Polônia,Free
953,Pedro Lucas Moraes,riosisadora@example.net,18,Namíbia,Family
954,Kamilly Mendes,rmoraes@example.org,19,Anguila,Free
955,Igor Dias,ksilveira@example.net,31,Samoa Americana,Family
956,Vicente da Rocha,julia32@example.org,38,Bielorrússia,Free
957,Thomas Ferreira,lorenacosta@example.org,22,Turquemenistão,Free
958,Giovanna Fernandes,davi-luiz89@example.net,53,Macau,Family
959,Juan Carvalho,maria-alicealves@example.org,62,Cuba,Family
960,Stella Moraes,eduarda96@example.com,55,Samoa,Free
961,Agatha Sampaio,pimentamaria-luisa@example.org,25,Cabo Verde,Family
962,Hadassa Fernandes,lopescarlos-eduardo@example.org,61,Austrália,Premium
963,Sra. Sophie Monteiro,sabrina95@example.org,43,Bielorrússia,Premium
964,Sr. Pietro Santos,ana-clarabarros@example.com,31,Alemanha,Free
965,Henry Silveira,milena53@example.net,24,União Europeia,Premium
966,Lavínia Sousa,heitor02@example.net,43,Salvador,Premium
967,Dr. João Lucas Novais,xvasconcelos@example.com,55,Montenegro,Free
968,Camila da Mata,vitoriacirino@example.com,36,Bangladesh,Family
969,Melissa Albuquerque,ccasa-grande@example.net,67,Uruguai,Free
970,João Nogueira,enzocassiano@example.org,23,Rússia,Family
971,João Lucas Rocha,zcamara@example.net,36,Wallis e Futuna,Family
972,Maria Fernanda Gomes,antonella31@example.org,50,Camboja,Premium
973,Clara Mendes,jleao@example.net,53,República Checa,Free
974,Marina Leão,pedro-lucas37@example.com,61,Nepal,Family
975,Pedro Miguel Sá,ubarbosa@example.com,22,Alemanha,Free
976,Otto Barros,nogueirapedro-lucas@example.net,23,Guiné,Free
977,Sr. Otto Camargo,antonella84@example.com,46,Dhekelia,Free
978,Allana da Mata,aylla62@example.com,36,Níger,Free
979,Nathan Caldeira,rafaelda-mota@example.org,26,Eslovênia,Free
980,Sophie Oliveira,pedro25@example.com,42,Israel,Family
981,João Vitor Pinto,lcorreia@example.com,68,Moçambique,Family
982,Dr. Benjamim Martins,duarteolivia@example.net,38,Nova Zelândia,Family
983,Rael Jesus,rochapedro@example.org,65,Laos,Premium
984,Maria Clara Araújo,yasmin04@example.org,41,Camarões,Premium
985,Augusto Teixeira,alexiada-mota@example.com,48,Mauritânia,Family
986,Sr. Guilherme Correia,cauemendes@example.com,23,Guiné Equatorial,Family
987,Theodoro Rios,emanuel12@example.com,47,Trindade e Tobago,Family
988,Raul Nunes,mariane83@example.net,45,Portugal,Free
989,Pedro Lucas Viana,eloah31@example.com,23,Sri Lanka,Family
990,Bernardo Monteiro,oliviagomes@example.net,59,Tokelau,Premium
991,Davi Lucas Araújo,alvesalana@example.net,29,Rússia,Free
992,Maria Vitória Costa,sferreira@example.com,64,Burquina Faso,Premium
993,Isabelly Teixeira,ysampaio@example.net,45,Eslováquia,Premium
994,Ian da Cruz,usantos@example.net,64,Ucrânia,Family
995,Matheus Rocha,thalescaldeira@example.org,26,Macau,Family
996,Luana Ferreira,rafael90@example.net,20,São Pedro e Miquelon,Family
997,Sra. Mariah Vargas,hda-costa@example.com,50,Guernsey,Free
998,Nicole Barbosa,ana-liz46@example.org,28,Seicheles,Premium
999,Dra. Mariah Costa,almeidamiguel@example.org,19,Usbequistão,Free
1000,Emilly Câmara,leaoleonardo@example.net,49,Paquistão,Family
1001,Nina Souza,salesryan@example.org,40,Faroé,Family
1002,Gael Henrique Barros,ncunha@example.org,29,Áustria,Free
1003,Dra. Rafaela Santos,marcos-viniciuspeixoto@example.com,34,Comores,Premium
1004,Maysa Vieira,cardosojulia@example.com,44,Argentina,Premium
1005,João Pedro da Cruz,kaiquefogaca@example.com,31,Jordânia,Premium
1006,Cauã Azevedo,vcampos@example.com,42,Catar,Free
1007,Ana Julia Casa Grande,borgesisaque@example.net,38,Egito,Premium
1008,Lívia Fogaça,ribeiromelissa@example.com,52,Indonésia,Family
1009,Ágatha Cunha,ana-vitoriateixeira@example.net,19,Mauritânia,Free
1010,Sra. Lunna Rios,almeidaluiz-henrique@example.org,70,Mali,Free
1011,Kamilly Viana,arthur-miguelda-paz@example.com,33,Guatemala,Free
1012,Bento Ferreira,diasbruna@example.org,41,Suíça,Premium
1013,Paulo Ferreira,renancavalcanti@example.org,48,Guatemala,Free
1014,Antonella da Mata,alexiasantos@example.org,66,Malávi,Premium
1015,Calebe da Mota,osantos@example.com,22,Gibraltar,Family
1016,Thomas Teixeira,qleao@example.net,26,Angola,Premium
1017,Sophie da Rocha,salesigor@example.com,45,Costa Rica,Family
1018,Maria Julia Peixoto,azevedojoao-felipe@example.net,26,Andorra,Free
1019,Liz Borges,isiscostela@example.org,20,Vanuatu,Premium
1020,Dr. Luigi Freitas,araujoisabel@example.org,59,Ilhas Cook,Free
1021,Sra. Aurora Lima,gcostela@example.net,67,Tailândia,Family
1022,João Montenegro,aragaoluiz-gustavo@example.com,25,Guiana,Premium
1023,Sra. Valentina Araújo,marqueslucas@example.com,42,Canadá,Free
1024,Theo Nogueira,mendesdavi-lucca@example.org,41,Líbano,Free
1025,Apollo Pereira,joao-felipe55@example.com,46,Tonga,Premium
1026,Dr. Pedro Cavalcanti,maraujo@example.com,44,Ilha Bouvet,Premium
1027,Luiz Felipe Caldeira,uteixeira@example.net,63,Argentina,Family
1028,Mariana da Paz,larissa44@example.com,31,Rússia,Free
1029,Catarina Guerra,da-pazthiago@example.com,20,Ilha Wake,Free
1030,Srta. Bruna Rocha,wda-paz@example.org,67,Sérvia,Premium
1031,Jade Jesus,maria-luisaalbuquerque@example.org,50,Jan Mayen,Family
1032,Enzo Gabriel Vasconcelos,emartins@example.org,46,Coreia do Sul,Family
1033,Fernanda Moura,siqueiraarthur-miguel@example.org,37,Argélia,Free
1034,Sr. Yan Castro,coliveira@example.com,51,Libéria,Family
1035,Kamilly Marques,pdias@example.net,52,Ilha Bouvet,Premium
1036,Esther Lima,maria-clara87@example.net,29,Ilhas Turcas e Caicos,Premium
1037,Alana Fernandes,duarteana-cecilia@example.com,37,Gabão,Family
1038,Dra. Maria Vitória Ribeiro,maria-sophia83@example.net,44,Burundi,Premium
1039,Enzo Gabriel Barros,oaparecida@example.net,20,Jordânia,Premium
1040,Mateus Ribeiro,silveiramaria-clara@example.com,69,Ilha do Natal,Premium
1041,Ravi Novaes,gustavo60@example.com,50,Paraguai,Family
1042,Cecilia Jesus,lbrito@example.net,58,Pitcairn,Premium
1043,Srta. Ana Andrade,clarice59@example.net,22,Anguila,Free
1044,Dra. Alana da Cunha,leaocaroline@example.com,63,Quênia,Family
1045,Antonella Teixeira,ninavargas@example.org,64,Akrotiri,Premium
1046,Noah Pastor,sarah09@example.org,35,Tuvalu,Free
1047,Anthony Novais,luiz-henriquealbuquerque@example.net,48,Equador,Family
1048,Dr. Eduardo da Luz,miguelfreitas@example.org,42,Países Baixos,Premium
1049,Isabelly das Neves,onascimento@example.org,29,Salvador,Family
1050,Dra. Rebeca Peixoto,mpereira@example.net,59,Omã,Premium
1051,Pedro Lucas Montenegro,joao-miguel82@example.org,56,Congo-Brazzaville,Free
1052,Henry Gabriel Silva,henry-gabriellima@example.com,54,Turquemenistão,Premium
1053,Maya Rodrigues,hda-rosa@example.org,64,Bangladesh,Family
1054,Ana Lívia Oliveira,vicente08@example.com,49,Etiópia,Premium
1055,João Pedro Sousa,luiz-otavionogueira@example.net,28,Quênia,Premium
1056,Cecília Aparecida,luiz-otavio76@example.net,50,São Tomé e Príncipe,Free
1057,Aurora Camargo,larada-mota@example.com,37,Estônia,Free
1058,Caleb Marques,cunhavinicius@example.org,45,Filipinas,Free
1059,Augusto Cassiano,bdas-neves@example.net,25,Polônia,Premium
1060,Thiago Nogueira,gabriela84@example.com,27,França,Family
1061,Srta. Cecília das Neves,joao-vitor35@example.org,33,Iêmen,Family
1062,Dr. Bento Ramos,julia14@example.net,63,Benim,Free
1063,Sra. Beatriz Vasconcelos,anthony62@example.net,18,Nigéria,Family
1064,Ana Liz Almeida,valentina44@example.net,58,Comores,Family
1065,Caio Fonseca,xpacheco@example.com,19,Andorra,Premium
1066,Henry Viana,wcardoso@example.net,29,Sara Ocidental,Family
1067,Rafaela Leão,ribeiroisaac@example.org,65,Guiné-Bissau,Family
1068,Pedro Lucas Castro,ottocavalcante@example.com,38,Ilhas Virgens Americanas,Family
1069,Gabriela Pastor,sabrina91@example.net,67,Suriname,Free
1070,Daniela Guerra,fcamara@example.net,55,Camarões,Family
1071,Eduardo Lopes,maria-isisviana@example.com,62,Ilhas Caiman,Premium
1072,João Pedro Sampaio,eborges@example.net,33,Micronésia,Free
1073,Sr. Dante Ferreira,ramoscecilia@example.com,65,Fiji,Family
1074,Theodoro da Costa,arthur-migueljesus@example.com,22,Salvador,Premium
1075,Emanuelly Novais,lunamachado@example.org,44,São Vicente e Granadinas,Premium
1076,João Vitor das Neves,isabelteixeira@example.com,43,Botsuana,Free
1077,Henrique Aparecida,joao-lucas89@example.net,19,Congo-Kinshasa,Free
1078,Bryan Marques,benjamim30@example.org,30,Burquina Faso,Free
1079,Heloísa Barbosa,olivia63@example.net,70,Paracel Islands,Family
1080,Maria Júlia Mendonça,estherabreu@example.com,47,Guernsey,Family
1081,Ana Cecília Pereira,yancostela@example.net,43,Butão,Premium
1082,Joana Rodrigues,albuquerquemanuela@example.org,60,Aruba,Free
1083,Maya Sá,luisa00@example.com,53,Ilhas Falkland,Premium
1084,Paulo Lima,irodrigues@example.net,62,Paquistão,Free
1085,Vitória das Neves,moreiraisabelly@example.org,47,Sri Lanka,Family
1086,Danilo Monteiro,correialeo@example.org,56,Camarões,Family
1087,Anthony Gabriel Costela,fernandeszoe@example.org,66,Vanuatu,Premium
1088,Ana Clara Aparecida,rochaheloisa@example.org,19,Cabo Verde,Family
1089,Maria Liz Campos,ynunes@example.org,46,Bulgária,Family
1090,Beatriz Sousa,melissa91@example.com,55,Andorra,Free
1091,Maria Sophia Camargo,giovannacosta@example.org,60,Níger,Free
1092,Vitor Sá,amanda40@example.net,28,Indonésia,Free
1093,Jade Gonçalves,sampaioalicia@example.org,24,Espanha,Family
1094,Laura Almeida,yazevedo@example.org,61,Finlândia,Premium
1095,Alexia Cassiano,borgesalexia@example.com,37,Barein,Free
1096,Letícia Sá,borgesmatheus@example.com,36,Brasil,Family
1097,Srta. Bruna Vasconcelos,catarinasantos@example.net,60,Gâmbia,Family
1098,Isabelly Ramos,melissapacheco@example.com,23,Israel,Free
1099,Thiago da Mata,maria-laura68@example.org,65,Irlanda,Free
1100,Alana da Rosa,dvargas@example.com,28,Monserrate,Free
1101,Yago Gonçalves,mcavalcanti@example.org,37,São Vicente e Granadinas,Premium
1102,Kevin Costela,zmartins@example.org,65,Nauru,Free
1103,Arthur Ribeiro,allana03@example.com,68,Usbequistão,Family
1104,Lucas Pereira,anascimento@example.org,51,Malásia,Family
1105,Cecília Fonseca,marina44@example.com,36,Sudão,Premium
1106,Isis Albuquerque,erick73@example.com,50,Santa Lúcia,Family
1107,Lucca Costa,isissousa@example.org,67,Andorra,Free
1108,José Miguel Novais,fernandesmarcela@example.net,31,São Tomé e Príncipe,Family
1109,Alana Guerra,tda-rosa@example.net,56,Ilhas Virgens Britânicas,Premium
1110,Yasmin Rodrigues,das-nevesravi-lucca@example.net,48,Micronésia,Family
1111,Leandro Silva,levi88@example.org,52,Líbia,Free
1112,Sr. João Rocha,matheus37@example.org,29,Porto Rico,Free
1113,Sr. Henry Pereira,catarina99@example.com,34,Costa do Marfim,Premium
1114,Pietra Santos,wnunes@example.org,20,Nova Caledónia,Family
1115,Maria Dias,alana02@example.net,44,Ucrânia,Premium
1116,Olívia Alves,sofiaribeiro@example.net,68,Israel,Free
1117,Ana Vitória Gomes,mcamara@example.com,60,Catar,Free
1118,Nina Pastor,gabrielsantos@example.org,45,Bolívia,Family
1119,Dra. Joana Pacheco,clarafonseca@example.net,62,República Centro-Africana,Premium
1120,Ágatha Peixoto,machadoyago@example.org,39,Roménia,Premium
1121,Alícia Melo,xmartins@example.net,42,Bielorrússia,Premium
1122,Nina Nunes,anovais@example.org,48,Eslovênia,Premium
1123,Beatriz da Rosa,cassianojuan@example.net,59,Austrália,Premium
1124,Theodoro Albuquerque,davi-miguelcasa-grande@example.net,49,Bielorrússia,Family
1125,Théo Araújo,isabella07@example.com,59,Líbano,Free
1126,Gustavo Henrique da Mota,iangomes@example.com,30,Tuvalu,Premium
1127,Igor Ramos,noahduarte@example.net,19,Finlândia,Free
1128,Lorenzo Pinto,hda-conceicao@example.net,24,Andorra,Family
1129,Srta. Beatriz da Mota,abreumaria@example.com,18,Territórios Austrais Franceses,Premium
1130,Maitê Campos,leoguerra@example.net,27,Santa Helena,Free
1131,Eduardo da Rocha,emilly81@example.com,33,Paracel Islands,Premium
1132,Dr. Paulo Castro,luiz-henrique93@example.net,60,Uruguai,Family
1133,Luiz Gustavo Cardoso,oliveiravinicius@example.net,34,Camboja,Premium
1134,André Brito,maria-sophiadas-neves@example.org,41,Polônia,Free
1135,Lucas Gabriel Farias,helenarocha@example.org,44,Guiné Equatorial,Free
1136,Lunna da Rosa,melina89@example.net,36,Argélia,Premium
1137,Maria Helena Andrade,nalves@example.org,35,Coral Sea Islands,Family
1138,Ana Clara Moreira,maria-ceciliamarques@example.org,65,Japão,Free
1139,Leonardo Cavalcante,ocavalcanti@example.net,27,Wallis e Futuna,Family
1140,Cauê Oliveira,joao-lucasviana@example.org,35,Suazilândia,Premium
1141,Sr. Nathan Sampaio,da-motajoaquim@example.net,32,Índia,Premium
1142,Enrico Sá,maria-luisa40@example.net,37,Croácia,Free
1143,Valentina Barbosa,steixeira@example.com,26,Malásia,Free
1144,Marcelo Vargas,gael48@example.com,22,Burundi,Family
1145,Maysa Lopes,borgesalice@example.org,54,Reino Unido,Premium
1146,Alícia Viana,anna-lizcardoso@example.com,41,Egito,Family
1147,Srta. Rebeca Farias,davi-miguel28@example.net,58,Congo-Brazzaville,Family
1148,Ester Alves,erick90@example.org,63,Chade,Family
1149,Leonardo Nogueira,nunesesther@example.org,22,Santa Helena,Family
1150,Sra. Maria Clara Sousa,gael-henriquemacedo@example.com,34,Ruanda,Free
1151,Valentim Garcia,cfarias@example.org,69,Ilha Wake,Premium
1152,Vinicius Vargas,odias@example.com,59,Macau,Premium
1153,Laura Câmara,luigi45@example.org,28,Azerbaijão,Free
1154,Luiz Gustavo Aragão,lcamargo@example.org,42,Suazilândia,Free
1155,Mariah Alves,esousa@example.net,32,Ilhas Turcas e Caicos,Premium
1156,Anthony Gabriel da Cunha,pintoantonio@example.com,65,Costa Rica,Free
1157,Evelyn Cassiano,oborges@example.net,54,Coreia do Sul,Free
1158,Enzo Leão,maite26@example.com,43,Costa do Marfim,Premium
1159,Lívia Silveira,guerravalentim@example.net,42,Ilhas Cook,Premium
1160,Brenda Montenegro,manuella20@example.com,41,Papua-Nova Guiné,Free
1161,Juliana Cunha,vasconcelosheloisa@example.com,28,Chade,Free
1162,Isabella Macedo,nda-paz@example.com,36,Brunei,Premium
1163,Sra. Aylla Fonseca,rcunha@example.com,36,Paracel Islands,Premium
1164,Maitê Teixeira,cavalcantedavi-luiz@example.org,40,União Europeia,Premium
1165,Dr. Davi das Neves,santosmaria-liz@example.net,41,Santa Lúcia,Free
1166,Cauã Barros,vpereira@example.org,22,Burundi,Free
1167,Luiz Felipe das Neves,vitor-gabrielguerra@example.net,25,Chipre,Free
1168,Vitor Gabriel Monteiro,igor76@example.org,49,Filipinas,Family
1169,Pietro Caldeira,juliasales@example.com,24,Luxemburgo,Free
1170,João Gabriel Leão,gabrielcirino@example.com,54,Roménia,Family
1171,Renan Fogaça,lcarvalho@example.org,65,Coreia do Norte,Family
1172,Alice da Costa,novaiscecilia@example.com,42,Filipinas,Free
1173,Nicole Viana,martinsmaya@example.net,52,Suazilândia,Premium
1174,Alexia Porto,bfreitas@example.org,18,Irlanda,Free
1175,Luan Martins,nsampaio@example.org,63,Ilhas Turcas e Caicos,Premium
1176,Anthony Gabriel da Paz,ana-luizacassiano@example.net,20,Guiné,Family
1177,Maria Luísa Camargo,inovaes@example.net,30,Burquina Faso,Free
1178,Levi Guerra,imoreira@example.com,26,Quirguizistão,Premium
1179,Luiz Gustavo Duarte,alexia86@example.com,35,Jordânia,Family
1180,Sr. Luigi Ramos,machadorafaela@example.com,69,Coreia do Sul,Free
1181,Bianca da Paz,noahbarbosa@example.org,40,Ilhas Falkland,Family
1182,Ravi Ferreira,laura80@example.com,58,Guernsey,Premium
1183,Renan Mendes,sdias@example.net,33,União Europeia,Family
1184,Théo Cirino,cunhaluara@example.com,28,Anguila,Premium
1185,Isadora da Rocha,xmendes@example.net,55,França,Premium
1186,Luan Aragão,jaderezende@example.org,19,Faroé,Free
1187,João Guilherme Nunes,anacasa-grande@example.net,56,Iran,Family
1188,Luiz Fernando Castro,thalesfonseca@example.org,67,Honduras,Premium
1189,Vitor Moreira,bcamara@example.org,56,Zâmbia,Family
1190,Kamilly Guerra,lsa@example.com,68,Austrália,Free
1191,Isabel Borges,camargoeduarda@example.net,64,Timor Leste,Premium
1192,Arthur Carvalho,eda-luz@example.org,22,China,Premium
1193,Luiz Otávio Fogaça,diasfrancisco@example.com,48,Gabão,Free
1194,Yuri Rocha,freitasemanuel@example.net,34,Azerbaijão,Family
1195,Dr. Luiz Gustavo Cirino,agathamoraes@example.net,20,Wallis e Futuna,Free
1196,Benicio Montenegro,benjamin56@example.org,25,Groenlândia,Free
1197,Ravi Lucca Peixoto,ana-cecilia34@example.net,48,Cazaquistão,Free
1198,Mariana Marques,zda-luz@example.com,59,Ruanda,Free
1199,Sr. Antony Montenegro,kda-luz@example.org,22,Birmânia,Family
1200,Thiago Fernandes,talmeida@example.org,61,Malásia,Family
1201,Kaique Lopes,xpereira@example.com,55,Egito,Free
1202,Fernando Mendonça,tcosta@example.com,31,Antártica,Premium
1203,Agatha Barbosa,goncalvesvicente@example.org,35,Antígua e Barbuda,Family
1204,Asafe Freitas,carolina02@example.com,43,Liechtenstein,Premium
1205,Francisco Sales,joao-pedro68@example.com,67,Mali,Premium
1206,João Guilherme Farias,heloisabarros@example.com,58,Mauritânia,Premium
1207,Larissa Martins,calebe78@example.org,63,Samoa Americana,Premium
1208,Theodoro Andrade,mendesmilena@example.org,51,Lituânia,Premium
1209,Luiz Otávio Silveira,vitor78@example.org,31,Lesoto,Free
1210,Josué Borges,ana-carolina07@example.org,26,Kuwait,Free
1211,Sra. Isadora Sousa,moreirarebeca@example.org,52,Guernsey,Free
1212,Erick Aragão,ferreiraolivia@example.com,32,Ilhas Falkland,Premium
1213,Rodrigo Gomes,upeixoto@example.com,33,Madagascar,Free
1214,Dr. Mathias Pastor,fernandesmelissa@example.net,37,Irlanda,Free
1215,João Vitor Campos,vicentedias@example.com,54,Países Baixos,Family
1216,Matteo Melo,olivia48@example.com,39,Alemanha,Free
1217,Breno Rodrigues,davida-conceicao@example.org,27,Tailândia,Premium
1218,Dr. Carlos Eduardo Machado,ana-julia27@example.org,59,Andorra,Free
1219,Maria Sophia da Cunha,yan81@example.org,42,França,Premium
1220,Maria Flor Vargas,mendoncamirella@example.org,41,Gana,Family
1221,Bruna Camargo,juliada-costa@example.com,40,Guatemala,Premium
1222,Dr. Ravy da Rocha,cvasconcelos@example.net,19,Catar,Family
1223,Clarice Novais,alexandreabreu@example.org,38,São Tomé e Príncipe,Free
1224,Nathan Rocha,ynovaes@example.net,54,República Checa,Free
1225,Cecília Cassiano,camilamontenegro@example.net,18,Wallis e Futuna,Premium
1226,Rhavi Cirino,jjesus@example.com,64,Croácia,Free
1227,Milena Lima,wdias@example.net,59,Cuba,Free
1228,Sr. Otávio Garcia,rsampaio@example.net,52,Jamaica,Free
1229,Sr. Murilo Siqueira,da-motaerick@example.net,29,Itália,Premium
1230,Luiz Henrique Pereira,sampaiosara@example.org,23,Geórgia,Family
1231,Leandro das Neves,diogoaparecida@example.com,18,Marrocos,Free
1232,Maria Isis Ribeiro,gabriellyrodrigues@example.org,48,Timor Leste,Free
1233,Bárbara Cavalcanti,dantemoura@example.org,26,Iran,Family
1234,Carolina da Conceição,alvesstella@example.net,62,Geórgia do Sul e Sandwich do Sul,Free
1235,Eloá Viana,cassianojoao-pedro@example.com,29,Coreia do Sul,Premium
1236,Ana Júlia da Mata,oliviamendes@example.org,50,Serra Leoa,Family
1237,Kaique Silva,dcardoso@example.com,45,Hungria,Free
1238,Pietra Pacheco,manuella48@example.net,18,Etiópia,Free
1239,Manuela Sá,enzo-gabrielnovais@example.com,47,São Vicente e Granadinas,Free
1240,Dr. Felipe Rios,yago11@example.org,23,Líbia,Family
1241,Pedro Lucas Sales,brios@example.org,30,Etiópia,Free
1242,Renan Novais,fernanda37@example.com,68,Granada,Free
1243,Maria Sophia Melo,sousarhavi@example.com,63,Chade,Premium
1244,Sra. Isabel Montenegro,lvieira@example.net,64,Fiji,Family
1245,Marcela Oliveira,cirinolorenzo@example.net,67,Granada,Family
1246,Ayla Castro,maria-vitoriada-mota@example.net,25,Coreia do Sul,Premium
1247,Beatriz Silva,fonsecavitor-gabriel@example.org,51,China,Free
1248,Yuri Pereira,gustavoda-luz@example.com,56,Chipre,Family
1249,Srta. Luiza Sampaio,isadora79@example.org,49,Costa do Marfim,Free
1250,Leandro Aragão,xpinto@example.org,23,Tajiquistão,Free
1251,Yasmin Porto,isabel30@example.net,46,Turquia,Family
1252,Luna Melo,peixotojulia@example.com,38,São Tomé e Príncipe,Free
1253,Ana Clara das Neves,maria-lizsouza@example.net,63,Dinamarca,Premium
1254,Gustavo Macedo,efernandes@example.org,28,Azerbaijão,Free
1255,Theodoro Caldeira,benjamin94@example.com,19,Tuvalu,Family
1256,Isis Andrade,enzo-gabrielda-costa@example.net,37,Angola,Free
1257,José Pedro Nogueira,caroline64@example.org,53,Chade,Premium
1258,Brenda Silva,abreujoao-gabriel@example.com,69,Tanzânia,Family
1259,João Vitor Souza,luanafonseca@example.org,19,Montenegro,Premium
1260,Ísis Guerra,sabrina55@example.com,50,Uruguai,Family
1261,Sr. Davi Luiz Fonseca,daniel53@example.net,55,Território Britânico do Oceano Índico,Premium
1262,Raquel Martins,daniel09@example.org,37,China,Premium
1263,Kaique Ramos,valentimda-paz@example.net,47,Suazilândia,Free
1264,Heloisa Cavalcanti,igor83@example.org,24,Taiwan,Premium
1265,Lavínia Lima,raquel11@example.org,44,Sérvia,Premium
1266,Gabriel Santos,isabelpastor@example.org,38,Samoa Americana,Free
1267,João Guilherme Gomes,isabel72@example.net,53,São Tomé e Príncipe,Family
1268,Arthur Viana,maria-julianascimento@example.org,60,Gana,Premium
1269,Melissa Silva,ana-sophia84@example.com,43,Cazaquistão,Family
1270,Otto das Neves,mouraelisa@example.org,20,Costa Rica,Family
1271,Isabel Costa,ibrito@example.net,33,Mongólia,Family
1272,Juliana Pacheco,barbosabenjamim@example.org,44,Antártica,Free
1273,Davi Pires,isabela81@example.com,34,Navassa Island,Family
1274,Sr. Daniel Peixoto,cirinodaniel@example.net,25,Macedônia do Norte,Free
1275,Enzo Ribeiro,trocha@example.org,68,Jamaica,Free
1276,Ana Laura Silva,gaelsa@example.com,66,Ilhas Virgens Britânicas,Free
1277,João Vitor Aparecida,meloluara@example.net,33,Jibuti,Family
1278,Sra. Luna Porto,ana-lauracampos@example.com,34,Gâmbia,Premium
1279,Otávio da Mata,luigibrito@example.com,41,Barein,Family
1280,Sr. Juan Peixoto,freitasmaite@example.com,22,Tokelau,Free
1281,Beatriz Jesus,scasa-grande@example.org,54,Bahamas,Premium
1282,Leonardo Vieira,yfreitas@example.com,65,Finlândia,Family
1283,Dra. Maysa Novaes,eda-cunha@example.com,27,Ilhas Caiman,Family
1284,Hellena Sousa,antony74@example.com,19,Congo-Kinshasa,Premium
1285,André Alves,andradeanthony@example.com,43,Grécia,Family
1286,Sr. Ravi Novaes,eduardo00@example.org,19,Jersey,Premium
1287,Isabel Rezende,vitoria93@example.org,18,Mali,Family
1288,Augusto da Paz,felipe99@example.net,28,Bósnia e Herzegovina,Family
1289,João Pedro Freitas,mendoncaanthony@example.org,42,Lituânia,Free
1290,Manuella Monteiro,diegovasconcelos@example.org,53,Vanuatu,Free
1291,Sr. Luiz Gustavo da Mota,salesthales@example.org,59,Svalbard e Jan Mayen,Family
1292,Josué Pastor,da-conceicaolara@example.org,50,Bangladesh,Free
1293,Lucas Barbosa,zsilva@example.net,20,Jersey,Family
1294,Enzo Pacheco,zalmeida@example.org,35,Antártica,Premium
1295,Mariane Pereira,novaesrebeca@example.com,29,Macedônia do Norte,Premium
1296,Maria Júlia Castro,juliasampaio@example.com,22,Mali,Premium
1297,Davi Lucas Mendonça,arthur-miguelda-rocha@example.net,38,Vaticano,Premium
1298,Emanuelly Andrade,santosantonella@example.org,47,Noruega,Free
1299,Bárbara Dias,montenegroisabel@example.org,66,Birmânia,Free
1300,Sr. José Macedo,zferreira@example.org,25,Barbados,Free
1301,Benicio Costela,kalmeida@example.org,58,Roménia,Family
1302,Gabrielly Casa Grande,qda-cruz@example.org,33,Nova Zelândia,Premium
1303,Ísis Sousa,luigi52@example.com,24,Jibuti,Premium
1304,Diego Castro,enzo-gabrieldas-neves@example.org,33,Maurícia,Free
1305,Théo Martins,fsouza@example.com,34,Barein,Family
1306,Gabrielly Sá,ribeiromaria-julia@example.com,58,Jordânia,Premium
1307,Ana Clara Sousa,luiz-felipe61@example.com,56,Faroé,Family
1308,João Miguel Moraes,franciscocastro@example.net,23,Roménia,Premium
1309,Fernando Garcia,rhavimoura@example.org,22,Burquina Faso,Premium
1310,Dra. Isis Fogaça,nicolaspacheco@example.com,63,Quênia,Premium
1311,Joana Albuquerque,mayaalves@example.org,69,Wallis e Futuna,Family
1312,Daniela Pacheco,ymoraes@example.net,29,Cuba,Premium
1313,Ana Vitória Pastor,hellenaguerra@example.com,31,Santa Helena,Free
1314,Olívia Marques,psiqueira@example.net,63,Suriname,Free
1315,Dra. Bruna Ferreira,lucas50@example.com,20,Emirados Árabes Unidos,Free
1316,João Guilherme da Cunha,hcarvalho@example.org,24,Iran,Premium
1317,Dr. Henry Gabriel Brito,camposmaria-helena@example.com,54,Pitcairn,Premium
1318,Rafael Teixeira,abreunathan@example.com,18,Bangladesh,Premium
1319,Srta. Isabelly Nascimento,tsantos@example.net,41,São Marinho,Family
1320,Marcela Azevedo,ccostela@example.net,27,Nepal,Family
1321,José Pedro Mendonça,dvasconcelos@example.net,21,Bulgária,Family
1322,Maria Vitória Aparecida,vinicius25@example.org,56,Filipinas,Premium
1323,Sr. Asafe Teixeira,raquelnovais@example.net,22,Paquistão,Family
1324,Srta. Sara Almeida,carolina20@example.org,23,Paraguai,Family
1325,Stephany Costela,isadora79@example.net,32,Santa Lúcia,Free
1326,Dr. Yuri Jesus,ravi-luccacavalcante@example.net,29,Samoa,Premium
1327,Dr. Caio Aragão,ppinto@example.org,31,Grécia,Free
1328,Gabriela Peixoto,allana65@example.net,65,União Europeia,Premium
1329,Juliana da Mota,xbarbosa@example.com,69,Israel,Family
1330,José Pedro Correia,oalmeida@example.com,27,Macau,Free
1331,Gabriela Rodrigues,beatrizcassiano@example.org,62,Japão,Free
1332,Daniel Jesus,agatha66@example.net,34,Barbados,Family
1333,Dr. Arthur Miguel Araújo,sarafarias@example.org,20,Colômbia,Free
1334,Danilo Freitas,britomaria-fernanda@example.org,48,Madagascar,Family
1335,Isabela Jesus,eduarte@example.com,38,Porto Rico,Premium
1336,Maya Nogueira,lucas-gabrielfogaca@example.org,48,Rússia,Premium
1337,Sr. Benjamim da Rocha,barrosluiz-felipe@example.com,38,Tunísia,Family
1338,João Moraes,juliabrito@example.com,22,Líbano,Premium
1339,Letícia da Paz,isabella44@example.com,53,Nigéria,Free
1340,Sr. Thiago Monteiro,ana-lizmachado@example.com,50,Suazilândia,Free
1341,Ian da Conceição,diogo84@example.com,62,Costa do Marfim,Family
1342,Erick Cavalcanti,britoeloa@example.org,65,Barein,Free
1343,Sr. Gabriel da Mota,silvaasafe@example.com,47,Ilha de Man,Premium
1344,Emanuella Souza,silveiragabriel@example.com,68,Iran,Family
1345,Diogo Andrade,mariane93@example.com,26,Vietnam,Free
1346,Dr. Marcos Vinicius da Paz,vitor20@example.net,32,Ilhas Turcas e Caicos,Free
1347,Sr. João Miguel da Cunha,machadodavi-lucca@example.com,34,Honduras,Free
1348,João Gabriel Freitas,castroanthony@example.org,49,Território Britânico do Oceano Índico,Free
1349,Bella Almeida,gael05@example.com,65,Uruguai,Free
1350,Dr. Caio Casa Grande,kpereira@example.org,29,Serra Leoa,Free
1351,Antonella Vieira,meloleo@example.com,52,Macau,Family
1352,Asafe Aragão,pastormaria-fernanda@example.com,67,Zimbábue,Free
1353,Anthony Moraes,pietrocunha@example.com,69,Santa Helena,Family
1354,Sr. Pedro Lucas Farias,davi-luiz70@example.net,55,São Pedro e Miquelon,Premium
1355,Dante Ferreira,alanasales@example.net,30,Emirados Árabes Unidos,Family
1356,Marcela Nogueira,leaomaria-alice@example.com,57,Cuba,Free
1357,Dra. Manuela Nogueira,aliciacamargo@example.net,23,Haiti,Free
1358,Sophie Montenegro,maysa68@example.com,56,Catar,Family
1359,Fernando Fernandes,xleao@example.net,42,Togo,Family
1360,Maria Julia Machado,thiagofarias@example.com,53,Aruba,Premium
1361,Srta. Maria Fernanda Pacheco,benjamimda-paz@example.com,70,Malásia,Family
1362,Noah Castro,novaisfelipe@example.org,64,Vaticano,Premium
1363,Joana Viana,aporto@example.net,25,Comores,Family
1364,Marina Souza,aylla44@example.com,50,Bahamas,Family
1365,Maria Julia Moreira,arthur-gabriel39@example.net,34,Paracel Islands,Premium
1366,Juliana Casa Grande,spinto@example.com,31,Ilha de Man,Family
1367,Maria Júlia Araújo,yan19@example.org,41,Ilhas Heard e McDonald,Premium
1368,Sr. Leandro Marques,leandromonteiro@example.net,68,Brunei,Family
1369,Dr. Mateus Ramos,marquesjuan@example.org,53,Quirguizistão,Premium
1370,Srta. Ana Carolina Alves,davi-luizteixeira@example.org,69,Estados Unidos,Free
1371,Dra. Laís da Costa,lnunes@example.org,21,Ilhas Turcas e Caicos,Premium
1372,Maria Vitória Pimenta,maria-luisavargas@example.org,21,Líbano,Family
1373,Rael da Costa,alexandre48@example.com,25,Nauru,Free
1374,Dr. Emanuel Correia,luiz-gustavo23@example.com,18,Somália,Free
1375,Aylla Pastor,otavio62@example.org,46,Mongólia,Premium
1376,Ester Santos,beniciovargas@example.org,34,Nova Caledónia,Premium
1377,Yan das Neves,alicia81@example.net,67,Monserrate,Family
1378,Dr. Luan Sales,sampaiomariah@example.org,39,Belize,Premium
1379,Melissa Castro,pnogueira@example.org,19,Bélgica,Family
1380,Ravi Lucca Cirino,aragaomatheus@example.com,30,Mauritânia,Free
1381,Theo Duarte,raelfonseca@example.net,70,Antártica,Premium
1382,Luara Azevedo,thiago50@example.com,67,Ilha Wake,Family
1383,Giovanna Moraes,jade08@example.net,35,Ilhas Turcas e Caicos,Free
1384,Davi Lucas Teixeira,sfreitas@example.net,50,Nauru,Premium
1385,Davi Miguel Moreira,nmelo@example.net,49,Reino Unido,Family
1386,Dr. Henry Brito,mnascimento@example.com,28,Domínica,Free
1387,Heloísa Moura,da-rochamaria-vitoria@example.net,30,Domínica,Free
1388,Maria Eduarda Souza,nogueiraevelyn@example.com,53,Macau,Premium
1389,Lorena Sousa,vnunes@example.org,67,Lituânia,Free
1390,Nathan Vieira,novaesana-clara@example.org,55,Samoa Americana,Free
1391,Brayan da Luz,leaoeloah@example.com,41,Guiné,Premium
1392,João Felipe Albuquerque,murilomendonca@example.org,37,Samoa Americana,Family
1393,Pedro Lucas Pinto,bazevedo@example.net,18,República Dominicana,Free
1394,Noah Silveira,vmoura@example.com,66,Hong Kong,Family
1395,Gael Henrique Mendes,lopesalice@example.com,65,Singapura,Free
1396,Sofia Souza,ferreiracarlos-eduardo@example.org,65,Tunísia,Premium
1397,Carlos Eduardo Pastor,pintoana-clara@example.net,45,Cazaquistão,Family
1398,Giovanna Silva,nicole35@example.com,29,Dhekelia,Free
1399,Luan Andrade,ravi-lucca23@example.com,31,Bermudas,Free
1400,Henrique Cavalcanti,zdas-neves@example.org,36,Albânia,Free
1401,Arthur Miguel Pereira,maitenascimento@example.net,21,Aruba,Premium
1402,Luan Costa,bento63@example.org,68,Clipperton Island,Premium
1403,Léo Guerra,maria-luizanovais@example.com,61,Ilha de Man,Premium
1404,Renan Monteiro,samuelsilva@example.com,54,Maldivas,Free
1405,Mariane Gomes,henriquesouza@example.net,36,Jamaica,Premium
1406,Maria Isis Sousa,andradesara@example.net,58,Cabo Verde,Family
1407,Ana Luiza Vasconcelos,gpinto@example.com,20,Congo-Kinshasa,Premium
1408,João Felipe Machado,upereira@example.net,22,Gibraltar,Free
1409,Maria Flor Nunes,casa-grandemariana@example.net,57,Iraque,Premium
1410,Hellena Rios,uramos@example.org,20,Portugal,Premium
1411,Yan Gonçalves,ddas-neves@example.com,25,São Cristóvão e Neves,Free
1412,Liz da Rocha,ana-julia32@example.org,61,Ilhas Falkland,Free
1413,Davi Lucca Viana,vitor-gabriel28@example.net,67,Ilhas dos Cocos,Premium
1414,Jade Cavalcante,liamsa@example.com,20,Irlanda,Free
1415,Sr. Henrique Andrade,ana-vitoriamarques@example.net,28,Emirados Árabes Unidos,Premium
1416,Sara Fogaça,ana-cecilia07@example.org,33,Vaticano,Free
1417,Ísis Azevedo,ffarias@example.com,66,Chade,Premium
1418,Ana Vitória Rodrigues,alice61@example.net,60,Barein,Premium
1419,Dr. Yan Rodrigues,leaofelipe@example.com,56,Ucrânia,Premium
1420,Davi Lucca Sá,pietro41@example.net,36,Kuwait,Free
1421,Sr. João Felipe Farias,benjamin47@example.net,60,Seicheles,Free
1422,Leonardo Correia,britolunna@example.net,25,Chipre,Premium
1423,Lavínia Brito,yrodrigues@example.org,37,Guiné Equatorial,Premium
1424,Melissa das Neves,wborges@example.com,30,Catar,Family
1425,Vitor Câmara,maiterocha@example.net,22,Itália,Family
1426,Ana Beatriz Mendonça,cecilialopes@example.org,36,Vaticano,Free
1427,Maria Luísa Oliveira,piresdante@example.org,67,Gabão,Premium
1428,Erick Abreu,tda-luz@example.org,39,Croácia,Family
1429,Juliana Silveira,moraesleonardo@example.com,33,Iraque,Family
1430,Antony Sá,evelyncosta@example.com,47,Porto Rico,Free
1431,Milena Aparecida,tcavalcanti@example.org,48,Costa do Marfim,Family
1432,Gustavo Henrique Lima,silveiramateus@example.net,19,Bangladesh,Free
1433,Yasmin Costela,rioshellena@example.net,38,Argentina,Free
1434,Paulo Garcia,wmacedo@example.com,40,Sara Ocidental,Free
1435,Anthony Gabriel Silva,caldeiranina@example.org,64,Comores,Family
1436,Pedro Henrique Garcia,zcampos@example.net,55,Itália,Premium
1437,Srta. Sara Aragão,haraujo@example.org,49,Wallis e Futuna,Family
1438,Dr. Enrico Mendonça,fsa@example.net,49,Bangladesh,Free
1439,Heloísa Montenegro,meloagatha@example.com,41,Filipinas,Premium
1440,Caroline Gonçalves,jda-cruz@example.net,52,Argentina,Premium
1441,Melina da Paz,galves@example.net,39,Antilhas Holandesas,Premium
1442,Dra. Eloah Campos,ester79@example.org,59,Tokelau,Free
1443,Bento Melo,helenateixeira@example.com,30,República Dominicana,Family
1444,Benício Almeida,ycavalcante@example.org,63,Burundi,Premium
1445,Ágatha Caldeira,ymoura@example.org,41,Lesoto,Family
1446,Theodoro Porto,cirinocatarina@example.org,54,Suriname,Family
1447,Maya Vargas,felipe20@example.net,54,República Centro-Africana,Premium
1448,Ayla Garcia,marquesfrancisco@example.net,40,Belize,Free
1449,Luiz Felipe Ramos,eloahrodrigues@example.com,21,Chile,Free
1450,Isis Lopes,melinavargas@example.com,64,Tunísia,Family
1451,Caio Cunha,dcirino@example.com,37,Granada,Family
1452,Daniela Marques,benjamim36@example.net,22,Bahamas,Free
1453,Rebeca Vargas,duarteanthony@example.com,60,Cazaquistão,Family
1454,José Pedro Dias,thiagoaparecida@example.com,37,Costa do Marfim,Premium
1455,Davi Camargo,luiz-otaviopastor@example.org,69,Ilhas Marshall,Free
1456,Joaquim Marques,jose-pedro69@example.net,38,Malásia,Family
1457,Maria Laura Cunha,evelynpeixoto@example.net,68,São Pedro e Miquelon,Free
1458,Caleb das Neves,maria-vitoria18@example.net,27,Antilhas Holandesas,Family
1459,Thiago da Rocha,gabriellypereira@example.net,45,São Marinho,Free
1460,João Gabriel Leão,leaomanuela@example.net,70,Antígua e Barbuda,Family
1461,Maria Flor da Rocha,moreiraarthur-miguel@example.com,53,Burundi,Free
1462,Maria Helena Melo,lnogueira@example.net,24,Jamaica,Family
1463,Enzo Nascimento,freitaseduarda@example.org,67,Vanuatu,Free
1464,Brayan Cassiano,dante53@example.org,60,Togo,Premium
1465,Ayla Abreu,eduarda66@example.org,66,Mali,Free
1466,Lorena da Cunha,garcialivia@example.net,19,Argélia,Free
1467,Marcelo Castro,aparecidaalana@example.net,59,Ilha Norfolk,Family
1468,Léo Mendonça,ravi-luccanunes@example.com,23,Camboja,Family
1469,Felipe Pacheco,nunesmaria-eduarda@example.org,61,Guiné-Bissau,Premium
1470,Enzo Guerra,qpinto@example.org,20,Mônaco,Free
1471,Sr. Oliver Rocha,araujolarissa@example.com,46,Tanzânia,Premium
1472,Alice Novais,bsilva@example.net,20,Salvador,Free
1473,Alexandre Cavalcanti,joao-lucasduarte@example.com,25,Barbados,Premium
1474,Yan Melo,dpacheco@example.net,44,Zimbábue,Free
1475,Levi Moura,andrecosta@example.org,28,Malta,Family
1476,Sr. Cauã Albuquerque,maiteda-luz@example.org,66,Nova Caledónia,Family
1477,Yuri da Rosa,araujocaue@example.org,19,Dinamarca,Premium
1478,Sr. Bernardo Brito,mouraisaac@example.com,29,Emirados Árabes Unidos,Free
1479,Gael Henrique da Rocha,idas-neves@example.org,49,Andorra,Family
1480,Luiz Felipe Porto,josegoncalves@example.org,34,Guiana,Premium
1481,Caleb Rodrigues,joao-vitorviana@example.org,63,Emirados Árabes Unidos,Premium
1482,Sra. Ana Sophia Fernandes,luisaguerra@example.com,40,Países Baixos,Premium
1483,Emanuel Monteiro,ana-luizasilva@example.com,65,Bahamas,Free
1484,Diogo Gonçalves,mariada-cunha@example.com,59,Islândia,Family
1485,Ana Vitória Cavalcante,henry34@example.net,42,Equador,Free
1486,Henry Novais,caue07@example.net,23,Akrotiri,Free
1487,Oliver Vieira,joao-miguel52@example.com,46,Kuwait,Free
1488,Sra. Fernanda Alves,kaique37@example.net,65,Guam,Family
1489,Yan Abreu,caldeiraisadora@example.net,54,Sudão,Family
1490,Marina Vargas,bryancastro@example.net,25,Turquia,Premium
1491,Vitória Jesus,nicolas42@example.org,23,Guatemala,Premium
1492,Benjamin Abreu,jesusdavi-lucas@example.org,48,Clipperton Island,Free
1493,João Lucas Castro,mayacardoso@example.net,23,Maurícia,Family
1494,Aurora Pacheco,silveiraanna-liz@example.net,44,Jan Mayen,Family
1495,João Miguel da Cunha,garciaguilherme@example.net,57,Antártica,Premium
1496,Maria Santos,olivia39@example.com,63,Cuba,Free
1497,Eduardo Macedo,rodriguesyuri@example.org,70,Suazilândia,Free
1498,Enzo Gabriel da Rocha,bianca17@example.net,65,Ruanda,Premium
1499,Pedro Miguel Viana,laisporto@example.com,50,Arábia Saudita,Premium
1500,Alice Pinto,theo77@example.org,36,Luxemburgo,Family
1501,Luiz Fernando Vieira,evelynnascimento@example.net,41,Letônia,Premium
1502,Antonella Nascimento,omarques@example.net,33,Singapura,Free
1503,Gustavo Henrique Ramos,jesusravi-lucca@example.com,45,Gana,Free
1504,Sra. Maria Helena Cirino,eporto@example.org,64,Coreia do Norte,Premium
1505,Bella Sampaio,melostella@example.com,34,Eslováquia,Family
1506,Sr. Yuri Nogueira,diogosilva@example.net,64,São Marinho,Family
1507,José Borges,vicente43@example.com,55,Nauru,Family
1508,Maria Eduarda Pinto,hpeixoto@example.org,65,Iran,Premium
1509,Ian Viana,ayla31@example.org,47,Chade,Family
1510,Srta. Isabelly Machado,mathias62@example.com,29,França,Free
1511,Bianca da Mota,luana34@example.com,34,Bolívia,Premium
1512,Enrico Castro,yuriaraujo@example.net,67,Butão,Family
1513,Elisa Moreira,sda-luz@example.com,56,Monserrate,Free
1514,Ana Júlia da Cunha,zmonteiro@example.com,44,Ilhas Heard e McDonald,Premium
1515,Clarice Castro,urocha@example.org,48,Gabão,Family
1516,Anthony Gabriel Rios,bmendonca@example.org,53,Ilhas Falkland,Free
1517,Leandro Freitas,opacheco@example.org,28,Aruba,Premium
1518,Sr. Juan Oliveira,muriloaragao@example.net,33,Jersey,Family
1519,Jade Lima,marcos-vinicius82@example.com,34,Síria,Premium
1520,José Miguel Rodrigues,isis34@example.net,70,Mali,Family
1521,Aylla Sampaio,hadassa42@example.com,50,Barbados,Family
1522,Enrico Nogueira,vasconcelosana-sophia@example.org,37,Togo,Premium
1523,João Felipe Rios,luiz-felipe75@example.org,60,Uruguai,Family
1524,Bruna Campos,luana32@example.net,43,Áustria,Free
1525,Davi Lucca Peixoto,maria-ceciliamoreira@example.org,56,Nauru,Free
1526,Sr. Rafael Fernandes,fleao@example.net,56,Granada,Family
1527,Maria Liz Araújo,esales@example.net,45,Luxemburgo,Family
1528,Dra. Zoe Câmara,rodriguesmirella@example.com,50,Faroé,Premium
1529,Dr. Guilherme Novais,milenamartins@example.com,64,Bermudas,Family
1530,Luiz Miguel Santos,leticiasa@example.net,64,Rússia,Family
1531,Léo Caldeira,vianaana-carolina@example.com,66,Peru,Family
1532,Dr. José Miguel Silveira,garciarebeca@example.net,57,Nova Zelândia,Family
1533,Eloah da Mata,carvalhogiovanna@example.net,25,Costa do Marfim,Premium
1534,Isaac Almeida,fernandesmariana@example.org,34,Somália,Family
1535,Sra. Nina Vieira,fernandesrebeca@example.net,66,Macau,Premium
1536,Augusto Cunha,isisfonseca@example.org,19,Alemanha,Premium
1537,Ryan Fernandes,ojesus@example.com,28,Jan Mayen,Premium
1538,Ana Clara Silveira,alvesmirella@example.net,57,Antártica,Premium
1539,Igor Casa Grande,luanalopes@example.net,39,Coreia do Sul,Free
1540,João Felipe da Costa,frezende@example.com,21,Islândia,Premium
1541,Srta. Maria Clara Freitas,nunesnoah@example.com,38,Samoa,Family
1542,Lavínia Câmara,camargoolivia@example.org,66,Islândia,Premium
1543,Dr. Guilherme Farias,oguerra@example.org,44,Malásia,Free
1544,Sr. José Guerra,kribeiro@example.org,31,Bolívia,Free
1545,Esther Almeida,carlos-eduardopimenta@example.org,23,Cazaquistão,Family
1546,Lunna Araújo,ada-cunha@example.com,54,Bélgica,Premium
1547,Laura Siqueira,alexiacarvalho@example.com,19,Paquistão,Free
1548,André Campos,dom10@example.net,32,Roménia,Free
1549,Isis Farias,mirellamachado@example.net,45,Honduras,Family
1550,Francisco Gomes,hadassa75@example.net,39,Coreia do Norte,Free
1551,Isabella Silva,cecilia85@example.org,68,Líbano,Family
1552,Raquel da Mota,lmartins@example.org,30,Ilhas Marshall,Free
1553,Ravi Marques,yda-rosa@example.net,26,Reino Unido,Free
1554,Dr. Heitor Cavalcante,maria-luizagoncalves@example.org,48,Omã,Free
1555,Daniel Ramos,heitorda-cunha@example.org,37,Guiné,Family
1556,Davi Lucca Pastor,gomesluiz-felipe@example.org,64,Bangladesh,Premium
1557,Sra. Aylla Garcia,cavalcantiana-livia@example.com,22,Butão,Family
1558,Maria Vitória Gomes,castroolivia@example.org,25,Rússia,Premium
1559,Lorenzo Ferreira,aparecidajoana@example.com,25,Tuvalu,Free
1560,José Miguel Sousa,esantos@example.org,48,Dinamarca,Free
1561,Rebeca Ramos,maria-claraduarte@example.com,28,Luxemburgo,Family
1562,Manuela Guerra,paulocamara@example.org,68,Kuwait,Family
1563,Eduarda Souza,yasmin93@example.net,69,Papua-Nova Guiné,Premium
1564,Luiz Fernando Ramos,ncunha@example.com,27,Ilha Wake,Free
1565,Mathias Oliveira,teixeiraana-cecilia@example.com,70,Tuvalu,Family
1566,Bianca Vieira,cassianoanthony@example.net,39,Geórgia,Family
1567,Júlia Oliveira,elima@example.com,18,Jordânia,Free
1568,Sra. Nicole Pimenta,vitor-gabrielrodrigues@example.org,26,Haiti,Premium
1569,Asafe da Mata,isaquerocha@example.net,65,Domínica,Free
1570,Clara Andrade,vitor-hugo38@example.net,46,Ilhas Virgens Britânicas,Family
1571,Maria Alice Cardoso,ana-laurasampaio@example.org,40,Costa Rica,Premium
1572,Dante Ramos,garciaaurora@example.net,39,Bósnia e Herzegovina,Free
1573,Srta. Emanuelly da Rosa,da-costafernanda@example.org,65,Bermudas,Premium
1574,Eloah Andrade,imelo@example.net,29,Chipre,Premium
1575,Breno Sá,barrospietro@example.net,62,Quiribáti,Free
1576,Maysa Cunha,pietramendes@example.net,67,Costa Rica,Free
1577,Manuella Azevedo,maria-vitoriacamara@example.net,65,Quiribáti,Free
1578,Lívia da Mota,luiz-felipeaparecida@example.com,50,Maurícia,Family
1579,Miguel da Paz,goncalvesotavio@example.com,25,Malta,Premium
1580,Fernanda Guerra,cirinovalentina@example.com,64,Domínica,Free
1581,Gabriela Fernandes,xalbuquerque@example.net,32,Marrocos,Premium
1582,Sr. Isaac Alves,leaocarlos-eduardo@example.org,22,Andorra,Family
1583,Srta. Maria Flor Martins,moraesvitor-gabriel@example.org,62,Filipinas,Free
1584,Jade Ferreira,teixeirasophia@example.com,31,Brunei,Family
1585,João Cassiano,portodavi-lucas@example.com,53,Suécia,Free
1586,Sra. Isabella Freitas,da-conceicaohenry@example.org,42,Jibuti,Premium
1587,Lívia Rios,rpacheco@example.org,54,Barein,Premium
1588,Dr. Isaac Cavalcanti,joao-gabriel15@example.net,65,Finlândia,Premium
1589,Eloah Abreu,cassianocaua@example.net,68,Montenegro,Family
1590,Matteo Aparecida,yrocha@example.net,54,Arábia Saudita,Family
1591,Manuela Moura,maria-clara12@example.com,48,Tajiquistão,Premium
1592,Caroline Pacheco,pedro-henriquemendonca@example.org,26,Senegal,Premium
1593,Dr. Rael Ferreira,nicolemacedo@example.com,45,Costa Rica,Premium
1594,Bruna da Rosa,larissasampaio@example.org,45,Ilhas Virgens Britânicas,Premium
1595,Antony Câmara,matheuscarvalho@example.org,36,Cazaquistão,Family
1596,João Gabriel Pires,mnovais@example.com,29,Síria,Family
1597,Luiz Fernando Fernandes,bda-rosa@example.com,63,Maurícia,Free
1598,Isabelly Fonseca,biancaleao@example.com,65,Ilhas Falkland,Free
1599,Ian Rocha,valves@example.net,47,Serra Leoa,Premium
1600,Rafaela Rios,maria-sophiacasa-grande@example.net,68,Haiti,Free
1601,Felipe Peixoto,da-costagustavo@example.net,46,Mônaco,Family
1602,Stephany Abreu,gvieira@example.org,42,Arábia Saudita,Premium
1603,Mathias Nunes,ottoalbuquerque@example.com,51,Territórios Austrais Franceses,Family
1604,Beatriz da Cunha,zcamargo@example.net,56,Tokelau,Free
1605,Anthony Gabriel Abreu,marcos-viniciusdas-neves@example.net,62,Turquemenistão,Free
1606,Enzo Cavalcante,lizalves@example.com,39,Guam,Free
1607,Dra. Bianca Viana,egoncalves@example.com,22,Quênia,Free
1608,Luiz Fernando Pires,da-motastephany@example.org,54,Emirados Árabes Unidos,Free
1609,Gael Henrique Pereira,melina50@example.com,68,Argentina,Premium
1610,Raquel Campos,antonella63@example.net,49,Bélgica,Premium
1611,Sr. Heitor Vasconcelos,bteixeira@example.org,18,Afeganistão,Free
1612,Erick Pires,castroluara@example.net,55,Ilha Norfolk,Family
1613,Benjamim Santos,rmacedo@example.net,42,Domínica,Free
1614,Liam Cardoso,emanuellafonseca@example.net,18,Mali,Premium
1615,Ana Vitória Borges,breno69@example.net,29,São Pedro e Miquelon,Family
1616,Lorenzo Martins,amandabrito@example.com,22,Bahamas,Premium
1617,Maria Fernanda Aragão,elisapereira@example.net,24,Arábia Saudita,Family
1618,João Gabriel Pimenta,esther94@example.net,22,Singapura,Premium
1619,Heloisa Rezende,mariane87@example.org,49,Suriname,Free
1620,Bento Ferreira,ryan53@example.com,25,Moldávia,Family
1621,Davi Luiz Garcia,brunosilveira@example.com,45,Sara Ocidental,Free
1622,Vinicius Alves,fogacabernardo@example.net,31,Bahamas,Family
1623,Sophie Cavalcante,leaobenjamim@example.com,52,França,Family
1624,Arthur Abreu,caldeiragiovanna@example.com,24,Costa do Marfim,Free
1625,Antônio Brito,vinicius60@example.net,27,Cazaquistão,Premium
1626,Srta. Heloísa Ramos,sousakamilly@example.net,42,Barein,Premium
1627,Otto da Costa,nicolasandrade@example.org,53,Seicheles,Premium
1628,Mariah Farias,maria-claraandrade@example.org,64,Islândia,Free
1629,Luiz Miguel Leão,jose-pedro18@example.net,49,Togo,Family
1630,Matheus Lima,da-cunhaisis@example.org,58,República Checa,Family
1631,Heloísa Araújo,imendonca@example.org,28,Letônia,Free
1632,Júlia Câmara,arthur-gabriel34@example.net,23,Áustria,Free
1633,Valentina Ramos,duarteian@example.com,69,Nigéria,Free
1634,Matteo Gonçalves,tcavalcante@example.org,56,São Cristóvão e Neves,Premium
1635,Lara da Rocha,wdias@example.net,62,Ilhas dos Cocos,Free
1636,Marina das Neves,moraesrhavi@example.com,69,Domínica,Premium
1637,Mathias Oliveira,franciscoabreu@example.com,46,Tunísia,Free
1638,João Felipe Nunes,catarinaramos@example.org,58,Síria,Free
1639,Pietro Barbosa,nnogueira@example.com,50,Guam,Family
1640,Dante da Rocha,wnovais@example.org,18,Ilhas Virgens Britânicas,Free
1641,Julia da Cunha,cirinogabriel@example.com,69,Luxemburgo,Family
1642,Dr. Paulo da Cunha,cavalcanterael@example.net,63,Letônia,Family
1643,Raquel Nascimento,luna61@example.net,56,Fiji,Family
1644,Bruno Rodrigues,gvasconcelos@example.com,57,Uganda,Premium
1645,Maria Júlia Vasconcelos,qcunha@example.net,44,Omã,Free
1646,Ravi Silveira,costelaarthur@example.org,56,Panamá,Premium
1647,Lunna Porto,heloisasantos@example.com,28,Gabão,Free
1648,Isaac Sousa,marcos-viniciuscirino@example.net,26,Vaticano,Family
1649,Srta. Maria Alice Correia,tnovaes@example.com,45,Iraque,Premium
1650,Davi Lucca Sousa,arthur-miguelmoraes@example.net,51,África do Sul,Family
1651,Vitor Gabriel Siqueira,ana-ceciliarodrigues@example.net,63,São Pedro e Miquelon,Premium
1652,Evelyn Novais,alana57@example.com,60,Coreia do Sul,Premium
1653,Sara Ribeiro,joao-guilherme54@example.org,70,Congo-Kinshasa,Family
1654,Zoe Campos,garciamilena@example.com,38,Azerbaijão,Family
1655,Vinicius Lima,efarias@example.net,61,Ilha Bouvet,Family
1656,Dra. Maria Laura Pastor,pcostela@example.net,49,Botsuana,Premium
1657,Diego Macedo,rodriguesmarcos-vinicius@example.org,22,Suíça,Family
1658,Beatriz Vasconcelos,maitegomes@example.org,66,Catar,Family
1659,Lavínia Rezende,carlos-eduardo74@example.com,26,Quiribáti,Family
1660,Lorenzo Nunes,ana-julia54@example.net,46,Ilhas Turcas e Caicos,Free
1661,Otávio Sampaio,ifernandes@example.net,54,Turquia,Family
1662,Ana Clara Garcia,tmonteiro@example.net,50,Congo-Brazzaville,Free
1663,Aylla Brito,bmoreira@example.org,46,Honduras,Premium
1664,João Vitor Borges,leandrocastro@example.com,56,Cabo Verde,Free
1665,Caleb Aragão,maitepimenta@example.net,49,Akrotiri,Premium
1666,Anna Liz Teixeira,antonypires@example.net,33,Luxemburgo,Free
1667,Stephany Garcia,costelaisadora@example.com,42,Senegal,Family
1668,Lucas Gabriel Pacheco,cirinoalicia@example.com,39,São Vicente e Granadinas,Free
1669,Marina Ramos,barrosrebeca@example.net,46,Ilhas Heard e McDonald,Family
1670,Mateus Nunes,laralopes@example.com,22,Gabão,Premium
1671,Ayla Araújo,zpacheco@example.com,57,Islândia,Family
1672,Henry Gabriel Nunes,matteorezende@example.net,45,Letônia,Premium
1673,Leonardo Jesus,laura78@example.com,37,Geórgia do Sul e Sandwich do Sul,Premium
1674,Natália da Rocha,maysa71@example.com,47,Portugal,Premium
1675,Melina Monteiro,correiajoaquim@example.org,25,Tanzânia,Free
1676,Isabel Moraes,xcaldeira@example.com,57,Chade,Free
1677,Felipe Pires,marcelapastor@example.com,36,Vaticano,Family
1678,Hellena Leão,cecilia04@example.net,46,Mauritânia,Family
1679,Diogo Lopes,sousarebeca@example.org,24,Índia,Free
1680,Lorenzo Moura,isispeixoto@example.org,38,Nepal,Free
1681,Raul Alves,manuella53@example.org,31,África do Sul,Family
1682,Dra. Clarice da Conceição,wda-cunha@example.com,34,Niue,Free
1683,Dra. Heloísa Silva,da-luzrhavi@example.com,46,Chile,Family
1684,Ana Liz Leão,obarbosa@example.com,32,Liechtenstein,Family
1685,Luiz Miguel Fonseca,gcasa-grande@example.com,49,Senegal,Premium
1686,Stephany Borges,albuquerqueemilly@example.org,57,Ilhas Virgens Americanas,Family
1687,Thomas Andrade,guerraolivia@example.net,49,Aruba,Free
1688,Arthur Freitas,kcavalcante@example.com,70,Bósnia e Herzegovina,Premium
1689,Dra. Maria Luiza Nascimento,guerraeduardo@example.com,31,Panamá,Family
1690,Sra. Olívia Gonçalves,heitorsilva@example.com,49,Wallis e Futuna,Premium
1691,Ian Garcia,peixotoisis@example.net,23,Bulgária,Premium
1692,Maria Luísa Câmara,fabreu@example.net,61,Polinésia Francesa,Family
1693,Otávio Marques,esterda-costa@example.org,49,Liechtenstein,Premium
1694,Eduardo Porto,dnunes@example.org,44,Timor Leste,Free
1695,Gael Santos,jade31@example.org,68,Estônia,Premium
1696,Juliana Novais,riosbryan@example.com,36,Nova Zelândia,Premium
1697,Luiz Felipe Marques,rcastro@example.net,51,Tokelau,Free
1698,Yasmin Camargo,peixotomirella@example.org,33,Nicarágua,Premium
1699,Sra. Luísa Azevedo,teixeirarebeca@example.org,68,Tuvalu,Premium
1700,Marcos Vinicius Jesus,raelda-rocha@example.com,68,Fiji,Premium
1701,Marcos Vinicius Pimenta,melissamacedo@example.net,69,Guiné,Family
1702,Maitê Almeida,pcamargo@example.net,49,Uganda,Premium
1703,Dr. Davi Lucca Rezende,camposcaroline@example.org,55,Geórgia,Free
1704,Srta. Sofia Vargas,matteo08@example.net,66,Somália,Free
1705,Arthur Gabriel das Neves,goncalvesarthur-gabriel@example.net,24,Senegal,Free
1706,Bella Mendes,sabreu@example.net,50,Bulgária,Free
1707,Raquel Sampaio,uvieira@example.org,31,Salvador,Family
1708,Kamilly Fogaça,danilo62@example.com,54,Macau,Family
1709,Ana Luiza Cassiano,isabelnovais@example.com,48,Burquina Faso,Family
1710,Kevin Moreira,bruno30@example.org,28,Etiópia,Premium
1711,Lucca Martins,viniciusoliveira@example.org,42,Ilhas Salomão,Free
1712,Josué Aragão,alicia66@example.com,59,Timor Leste,Free
1713,Dr. Luiz Miguel Marques,castrotheodoro@example.org,48,Ilhas Salomão,Premium
1714,Ana Laura Farias,sadaniela@example.net,39,Ilha Bouvet,Family
1715,Benicio Garcia,ryan55@example.com,45,Uganda,Free
1716,Srta. Rafaela Cassiano,da-cruzrodrigo@example.net,27,México,Family
1717,Dra. Sara Nascimento,prios@example.com,47,Fiji,Premium
1718,Maria Liz Costela,rael93@example.org,56,Gibraltar,Family
1719,Emilly da Rocha,salesbenicio@example.org,50,Fiji,Free
1720,Juliana Cardoso,bfonseca@example.org,38,Ilha de Man,Free
1721,Yan Ramos,ana-vitorialima@example.org,34,Cabo Verde,Premium
1722,Igor Rocha,jrodrigues@example.org,61,Haiti,Premium
1723,Eduardo Brito,umendes@example.com,57,Eslováquia,Premium
1724,José Pedro Oliveira,sfarias@example.org,50,Ilhas Virgens Britânicas,Free
1725,Vinícius Caldeira,isis84@example.org,19,Seicheles,Free
1726,André Pimenta,jgarcia@example.org,23,Tajiquistão,Premium
1727,Davi Cassiano,fariasmaria-julia@example.com,18,Taiwan,Premium
1728,Maria Júlia da Rocha,joao-vitorborges@example.org,28,Hong Kong,Premium
1729,Bento Mendonça,eduardalopes@example.com,48,Malávi,Free
1730,Ayla Marques,osales@example.net,65,Síria,Premium
1731,Ana Liz da Conceição,maria-eduarda19@example.com,64,Guam,Family
1732,Davi Lucca Rocha,mda-mota@example.com,44,Antilhas Holandesas,Family
1733,Arthur Miguel Silveira,saana-laura@example.org,69,Ilhas dos Cocos,Premium
1734,Dr. Valentim da Costa,msa@example.net,43,Ilha Norfolk,Premium
1735,Emanuelly Andrade,bryancamara@example.net,19,Panamá,Premium
1736,João Castro,isabellyalves@example.org,31,República Dominicana,Premium
1737,Sra. Ísis Oliveira,ravyfogaca@example.org,64,Andorra,Family
1738,Levi Freitas,mathiascasa-grande@example.org,32,São Marinho,Premium
1739,Maitê Costa,gustavo-henriquemendonca@example.com,46,Belize,Free
1740,Marcos Vinicius Cunha,da-rosaalana@example.com,43,Irlanda,Premium
1741,Noah Melo,oliveirabianca@example.net,46,Lituânia,Family
1742,Marcos Vinicius Barbosa,nicolas71@example.net,26,Moçambique,Family
1743,Anthony Gabriel Gonçalves,novaisanthony@example.org,52,Ilhas Marshall,Premium
1744,Maria Isis Abreu,asafesilveira@example.com,21,Wallis e Futuna,Family
1745,Marcos Vinicius Câmara,maria-sophiaaraujo@example.net,59,República Checa,Family
1746,Sr. Mathias Camargo,pfonseca@example.org,19,Serra Leoa,Free
1747,Apollo da Luz,rodriguesjose@example.net,29,Quênia,Family
1748,Jade Cunha,juanmacedo@example.net,40,Vanuatu,Free
1749,Vitor Gomes,joao-pedrorodrigues@example.org,29,Estônia,Free
1750,Ana Beatriz Pires,camposvitor-gabriel@example.com,38,Hungria,Family
1751,Rodrigo Azevedo,ialmeida@example.com,34,Estônia,Free
1752,Mathias Martins,pleao@example.net,34,Espanha,Premium
1753,Rafael da Mota,isislopes@example.org,18,Zâmbia,Premium
1754,Bento Pinto,rodrigooliveira@example.net,50,Armênia,Premium
1755,Leandro Gomes,isis06@example.com,22,Cuba,Premium
1756,Sr. Lorenzo Pereira,nicolas27@example.com,51,Domínica,Family
1757,Thiago Silveira,marianaalbuquerque@example.com,60,Quênia,Free
1758,Luiz Miguel Ramos,theomartins@example.org,26,Gibraltar,Family
1759,Alexia Barros,dom80@example.net,57,Bahamas,Premium
1760,Emanuel Campos,borgesisaque@example.org,23,Reino Unido,Premium
1761,Fernanda Pires,maria-fernandapeixoto@example.net,65,Andorra,Premium
1762,Levi Monteiro,msiqueira@example.com,64,Eslováquia,Premium
1763,Sr. Igor Jesus,eduardo10@example.net,45,Coral Sea Islands,Family
1764,Ana Cecília Duarte,hcirino@example.net,44,Marrocos,Premium
1765,Ana Julia Vasconcelos,bento18@example.net,70,Tailândia,Premium
1766,Isabella Costela,levimontenegro@example.org,19,Ilha do Natal,Premium
1767,Sra. Nina Martins,qleao@example.org,68,Moldávia,Free
1768,Sr. Pietro Mendonça,fogacaluigi@example.org,39,Dinamarca,Free
1769,Natália da Conceição,pmachado@example.org,52,São Vicente e Granadinas,Free
1770,Srta. Aylla Costa,orocha@example.net,58,Laos,Family
1771,Sr. Rhavi Fernandes,ccamara@example.com,55,Coral Sea Islands,Family
1772,Maria Eduarda Dias,ana-beatriz77@example.org,18,Nova Zelândia,Premium
1773,Sr. Augusto Pereira,felipe95@example.net,23,Hong Kong,Free
1774,Vitória Moraes,lorena12@example.com,52,Países Baixos,Free
1775,Lucas Garcia,aferreira@example.com,38,Bielorrússia,Family
1776,Brenda Cassiano,correiaclara@example.com,67,Trindade e Tobago,Premium
1777,Yan da Cunha,catarinamoraes@example.org,26,Angola,Premium
1778,Caroline Leão,enzogomes@example.org,56,Equador,Premium
1779,Cecilia Nunes,piresana-livia@example.org,40,Botsuana,Free
1780,Enrico Peixoto,casa-grandemaria-liz@example.org,40,Andorra,Family
1781,Luigi Brito,umendes@example.org,31,Lesoto,Free
1782,Lavínia Moura,qfernandes@example.com,63,Hong Kong,Family
1783,Nathan Nunes,ana-laura83@example.com,60,Butão,Free
1784,Alana da Luz,mpacheco@example.com,52,Japão,Free
1785,Srta. Cecília Santos,vinicius54@example.com,23,Dinamarca,Premium
1786,Dra. Marcela Abreu,vfogaca@example.org,27,Quiribáti,Premium
1787,Henry Sales,juliapereira@example.org,31,Trindade e Tobago,Premium
1788,Stephany Jesus,costavalentina@example.org,34,Geórgia,Free
1789,Isaque Gomes,olivercastro@example.org,22,Peru,Premium
1790,Lavínia Sampaio,moraesvalentim@example.net,39,Croácia,Free
1791,Marcela Ribeiro,xsa@example.com,39,Tanzânia,Premium
1792,Mathias da Mata,luiz-miguelmarques@example.org,52,Países Baixos,Premium
1793,Srta. Luísa Freitas,casa-grandesophia@example.com,36,Iêmen,Free
1794,Dante Pacheco,ericknovais@example.com,58,Peru,Free
1795,Gael Novais,joaquimda-mata@example.net,30,Níger,Premium
1796,Srta. Raquel Carvalho,novaisnathan@example.com,51,Peru,Free
1797,Matteo Novais,calebe07@example.com,20,Chile,Family
1798,Cecília Fernandes,nicolasgoncalves@example.com,39,Tuvalu,Family
1799,Dr. Breno Lima,bellamelo@example.org,40,Lesoto,Family
1800,Natália da Luz,silvaisabel@example.org,52,Afeganistão,Family
1801,Mariah Vieira,apollocamara@example.net,58,Zâmbia,Free
1802,Vitor Gabriel Sá,leandroalves@example.net,39,Mônaco,Family
1803,Srta. Valentina Costela,rael54@example.org,59,Jordânia,Free
1804,Luiz Miguel da Rocha,qrodrigues@example.com,57,Etiópia,Premium
1805,Yuri Pimenta,luiz-otavioandrade@example.net,38,Irlanda,Free
1806,Vicente das Neves,fariaslara@example.com,69,Palau,Free
1807,Manuela Carvalho,pintojose@example.com,70,Gabão,Premium
1808,Ester Siqueira,sribeiro@example.com,63,Palau,Premium
1809,Ester Ribeiro,mmendes@example.org,31,Polônia,Premium
1810,Mirella Fernandes,obarros@example.com,45,Nigéria,Free
1811,Stella Nunes,ravy99@example.net,25,Indonésia,Premium
1812,Pietro Caldeira,kmarques@example.com,68,Birmânia,Premium
1813,Francisco Fogaça,oliver16@example.net,37,Lituânia,Family
1814,Dr. Pedro Lucas Santos,goncalvesnicolas@example.com,53,Arábia Saudita,Free
1815,Maysa Cassiano,ana-beatrizcostela@example.net,22,Iraque,Family
1816,Sr. Guilherme Brito,joaquim25@example.net,41,Marianas do Norte,Family
1817,Maria Júlia Moreira,albuquerquebenjamim@example.com,32,Jordânia,Free
1818,Sr. João Pedro das Neves,isadora83@example.com,55,Malávi,Family
1819,Cauê Duarte,natalia94@example.com,52,Aruba,Free
1820,Maria Alice Lopes,marcelavargas@example.com,52,Níger,Family
1821,Dra. Maria Laura da Cruz,vitor-gabriel11@example.net,69,Papua-Nova Guiné,Family
1822,Bianca Sá,arthur-miguel35@example.com,25,Letônia,Free
1823,Gabriela Novaes,marquesdiego@example.net,61,Catar,Family
1824,Olívia Vieira,britomelissa@example.net,49,Sérvia,Premium
1825,Dra. Sophie Nunes,juan20@example.net,27,Polônia,Premium
1826,Mathias Nogueira,nalbuquerque@example.com,38,Eslovênia,Family
1827,Sr. Gustavo Novaes,mendesnicole@example.com,21,Paquistão,Free
1828,Enzo da Luz,kda-mata@example.com,69,Jamaica,Premium
1829,Maria Cecília Lopes,caueda-cruz@example.org,20,Akrotiri,Free
1830,Lara Costela,yasmin18@example.net,27,Niue,Free
1831,Cauã Farias,acirino@example.net,42,Ruanda,Family
1832,Fernanda Moura,agathadias@example.net,41,Ilhas dos Cocos,Family
1833,Benício Marques,camargorebeca@example.org,64,Micronésia,Premium
1834,Luigi Rezende,ravi62@example.com,41,Ruanda,Family
1835,Erick Ribeiro,ana-ceciliagomes@example.net,53,Uganda,Premium
1836,Alexandre Rios,allana94@example.com,45,Tailândia,Free
1837,Gabriela Silveira,marianalopes@example.net,27,Equador,Family
1838,Maria Rios,nrios@example.net,34,Togo,Free
1839,Mirella Santos,vicentevasconcelos@example.net,55,Dhekelia,Family
1840,Carolina da Conceição,rochaotto@example.net,50,Indonésia,Premium
1841,Matheus Lima,alvescaroline@example.org,36,Domínica,Family
1842,Benicio Lima,daniel28@example.net,38,Anguila,Free
1843,Arthur Miguel da Costa,ramosbruno@example.org,56,Jersey,Free
1844,Lunna da Conceição,otto14@example.com,21,Turquia,Premium
1845,Francisco Novaes,pimentaallana@example.com,59,Peru,Free
1846,Matteo Cassiano,pfarias@example.com,25,Venezuela,Free
1847,Dra. Ana Laura Lima,isis00@example.net,36,Jamaica,Family
1848,Maria Clara Dias,carolina00@example.org,43,Domínica,Premium
1849,José Marques,xsousa@example.net,49,Costa Rica,Free
1850,Davi Luiz Cassiano,benjaminbarbosa@example.org,42,Egito,Free
1851,Ravy Martins,ana85@example.org,63,Fiji,Family
1852,Srta. Lorena Vasconcelos,abreuvitor-hugo@example.com,34,Jibuti,Free
1853,Gabriel Farias,thiago65@example.org,40,Costa Rica,Free
1854,Ana Lívia Machado,albuquerquetheodoro@example.net,30,Costa do Marfim,Premium
1855,Benício Lima,manuela64@example.net,47,Seicheles,Premium
1856,João Miguel Albuquerque,maria-floraparecida@example.org,60,Ilhas Caiman,Free
1857,Maria Sophia Carvalho,gguerra@example.net,61,Catar,Family
1858,Davi Porto,montenegroerick@example.org,18,Níger,Family
1859,Sr. Marcos Vinicius Rios,yan19@example.com,20,Território Britânico do Oceano Índico,Free
1860,Maya Fogaça,qporto@example.com,60,Malásia,Free
1861,Maria Luísa Mendonça,eloah46@example.net,44,Gabão,Family
1862,Enrico Farias,vitor25@example.com,60,Eslovênia,Free
1863,Dra. Eloah Ramos,salescaua@example.com,52,Guiné-Bissau,Family
1864,Lucas Pereira,piresisabella@example.net,20,Monserrate,Free
1865,Sr. Thales Cavalcanti,elisapastor@example.com,45,Guiné-Bissau,Free
1866,Dr. Anthony Silva,borgespaulo@example.org,68,Madagascar,Premium
1867,Ravy Mendonça,luaracostela@example.com,68,Hong Kong,Premium
1868,Bento Câmara,xjesus@example.com,60,Vanuatu,Free
1869,Isadora Montenegro,amendes@example.org,23,Hungria,Free
1870,Srta. Antonella Vasconcelos,erios@example.com,23,Congo-Brazzaville,Family
1871,José Miguel Machado,diogo61@example.com,32,China,Family
1872,Ana Júlia Costa,ncostela@example.org,24,Sara Ocidental,Family
1873,Sr. Lorenzo Mendonça,santosisadora@example.com,56,Luxemburgo,Premium
1874,Vitor Hugo Camargo,sarahsa@example.net,25,Ilha Norfolk,Premium
1875,Maria Vieira,enovais@example.net,18,Ilhas Virgens Americanas,Free
1876,Miguel Sousa,vasconcelosluisa@example.net,28,Vaticano,Family
1877,Gustavo Henrique Casa Grande,maria-luizaguerra@example.org,31,Ilha Bouvet,Free
1878,Sra. Letícia Martins,mdas-neves@example.com,33,Botsuana,Family
1879,Gustavo Henrique Sá,ucaldeira@example.org,51,Bósnia e Herzegovina,Family
1880,Clarice Sales,hellena83@example.net,61,Noruega,Family
1881,Nathan Pimenta,jade53@example.org,34,Anguila,Family
1882,Stella Azevedo,manuellateixeira@example.com,61,Bahamas,Family
1883,Ana Carolina Cavalcante,antonymarques@example.org,18,Iran,Premium
1884,Olivia Cavalcante,caroline29@example.net,49,Catar,Free
1885,Sabrina da Conceição,mbarros@example.org,68,Albânia,Free
1886,Isaac Pimenta,leaoguilherme@example.com,63,Jan Mayen,Premium
1887,Maysa Vargas,almeidahenrique@example.net,39,Barbados,Free
1888,Luiza Viana,ealmeida@example.net,65,Território Britânico do Oceano Índico,Family
1889,Rhavi Nogueira,irodrigues@example.com,46,Fiji,Premium
1890,Emanuella Machado,hnascimento@example.com,42,Jan Mayen,Premium
1891,Luiz Fernando Abreu,gael27@example.org,33,Eritreia,Free
1892,Dr. João Miguel da Rosa,agatha54@example.com,58,Sara Ocidental,Premium
1893,Luna Vasconcelos,juan13@example.com,37,República Centro-Africana,Free
1894,Liz Mendes,fariasbruno@example.com,20,Cabo Verde,Premium
1895,Dr. Ravi Siqueira,cgomes@example.com,53,Tunísia,Free
1896,Julia Novais,brunafarias@example.net,50,Antilhas Holandesas,Family
1897,Clarice Brito,albuquerquesophie@example.com,38,Ilhas Marshall,Premium
1898,Luana Almeida,fsilveira@example.com,62,Letônia,Family
1899,Anthony Gabriel Novais,nogueiracalebe@example.com,21,Pitcairn,Free
1900,Hellena Siqueira,beniciocaldeira@example.net,47,Usbequistão,Premium
1901,Rafael Fogaça,ninarocha@example.com,60,Moçambique,Premium
1902,Caio Rios,da-cruzeduarda@example.net,40,Ilhas Turcas e Caicos,Premium
1903,Sara Castro,araujoisabella@example.com,67,Tonga,Family
1904,Raquel Ferreira,mourafrancisco@example.org,36,Alemanha,Family
1905,Allana Nogueira,murilo64@example.com,23,Ilhas Falkland,Free
1906,Emanuelly Pacheco,nascimentomaria-clara@example.net,64,Vietnam,Family
1907,Bárbara Cavalcanti,hmarques@example.com,40,Aruba,Family
1908,Henrique Monteiro,caldeiramarcela@example.net,56,Tailândia,Family
1909,Lucca Nascimento,matheusvieira@example.com,69,São Vicente e Granadinas,Free
1910,Lorenzo Viana,vteixeira@example.com,36,Kuwait,Family
1911,Josué Vasconcelos,maria-fernanda33@example.org,23,Bielorrússia,Premium
1912,Maria Luiza da Mata,ilima@example.com,26,Azerbaijão,Premium
1913,Clarice Ribeiro,nicole27@example.com,44,Azerbaijão,Free
1914,João Felipe Dias,diego16@example.net,25,São Marinho,Free
1915,Maria Helena Farias,msales@example.com,19,Dinamarca,Free
1916,Lavínia Barros,enriconovaes@example.com,41,Bahamas,Free
1917,Olivia Lopes,alexiabarbosa@example.com,18,Equador,Family
1918,Ana Câmara,casa-grandeana@example.com,33,Nova Zelândia,Premium
1919,Enzo Costa,hsilveira@example.net,56,Barein,Free
1920,Sra. Alexia Campos,rodrigo50@example.net,49,Ilha do Natal,Free
1921,Apollo Leão,camaracaio@example.net,47,México,Premium
1922,Dra. Daniela Lopes,isadorajesus@example.com,33,Jan Mayen,Family
1923,Rebeca Marques,ramosamanda@example.org,20,Domínica,Premium
1924,Olivia Fernandes,hellenamonteiro@example.org,26,Dinamarca,Family
1925,Dr. Yan Mendonça,ferreiraluna@example.org,62,Gabão,Premium
1926,Dra. Manuela da Paz,isabellacampos@example.org,61,República Centro-Africana,Family
1927,Maria Luiza Nunes,guerraisabella@example.com,62,Hong Kong,Premium
1928,Enzo Gabriel Borges,ogoncalves@example.org,31,Paquistão,Premium
1929,Luiz Felipe Ribeiro,abreuenrico@example.net,29,Guiné Equatorial,Premium
1930,Dom Aparecida,mariacampos@example.com,31,Bulgária,Free
1931,Heloísa Moura,maria-isis56@example.org,42,Colômbia,Family
1932,Erick Teixeira,dsousa@example.net,65,Eslováquia,Free
1933,Emanuelly Cardoso,joao-lucasda-cruz@example.com,64,Emirados Árabes Unidos,Premium
1934,Diogo Melo,pedro-miguel37@example.org,58,Ilhas Heard e McDonald,Family
1935,Dr. Liam Sampaio,stellaoliveira@example.org,31,Uruguai,Free
1936,Srta. Camila Fonseca,cardosoana-sophia@example.com,26,Filipinas,Free
1937,Renan Sousa,jalves@example.com,67,Grécia,Free
1938,Kamilly Vasconcelos,cavalcantemaria-alice@example.com,62,Micronésia,Family
1939,Dr. Brayan Rezende,esilva@example.org,59,Tunísia,Free
1940,Laura Pimenta,gabriel62@example.net,26,Costa Rica,Premium
1941,Nicolas Brito,pietrovasconcelos@example.org,60,Tanzânia,Premium
1942,Ana Vitória Fernandes,alexia25@example.net,32,Pitcairn,Family
1943,Sr. José Miguel Pastor,heitoroliveira@example.net,57,Macau,Family
1944,Léo Camargo,sda-cunha@example.net,43,Ilha de Man,Premium
1945,Davi Pires,rodriguesmariana@example.com,34,Território Britânico do Oceano Índico,Premium
1946,Liz Rezende,qbarbosa@example.org,53,Vanuatu,Free
1947,Felipe Moura,carolineramos@example.com,68,Quirguizistão,Family
1948,Olivia Marques,xcassiano@example.org,47,Eritreia,Free
1949,Maria Liz Barros,vianamaria-vitoria@example.org,58,Mauritânia,Premium
1950,Dra. Bárbara Costa,davi-miguelsampaio@example.net,61,Ilhas Turcas e Caicos,Family
1951,Luara Sá,ucarvalho@example.net,65,Sara Ocidental,Family
1952,Dr. Davi Viana,thiago66@example.org,40,Argélia,Free
1953,Olivia Ribeiro,manuella06@example.net,57,Cabo Verde,Premium
1954,Thales Araújo,da-rosapaulo@example.org,25,Jibuti,Free
1955,Levi Nascimento,lunnamacedo@example.net,38,Antígua e Barbuda,Family
1956,Breno Andrade,ifreitas@example.org,46,Malávi,Premium
1957,Isabel Borges,valentimpereira@example.org,26,Noruega,Family
1958,Sra. Jade Barros,zsousa@example.net,39,Geórgia,Family
1959,Antônio Cunha,manuella58@example.net,51,República Dominicana,Family
1960,Sarah Abreu,monteirolara@example.net,57,Guam,Premium
1961,Emanuelly Melo,lnunes@example.org,59,Croácia,Premium
1962,Laís Garcia,iborges@example.com,53,Croácia,Free
1963,Isabela Nascimento,ana-clara55@example.org,52,Catar,Family
1964,Dra. Allana Albuquerque,rodrigo40@example.com,66,Tajiquistão,Premium
1965,Ana Cecília Alves,apimenta@example.org,55,Nauru,Premium
1966,Aylla das Neves,pedro-henriquealves@example.com,62,Nicarágua,Premium
1967,Sr. Pedro Lucas Martins,cirinojosue@example.com,63,Domínica,Premium
1968,Dante Teixeira,gustavo-henriqueda-mata@example.org,37,Estados Unidos,Free
1969,Sr. Lucca Aragão,leaocaue@example.net,54,Bangladesh,Family
1970,Leandro Pires,pda-rocha@example.com,62,Antilhas Holandesas,Family
1971,Pietra Leão,rioslorenzo@example.org,32,Comores,Family
1972,Augusto Ramos,clarice61@example.org,62,Peru,Family
1973,Rafael Almeida,stephanyfarias@example.org,64,Guiné-Bissau,Free
1974,Antonella Lima,jpeixoto@example.net,38,Jordânia,Premium
1975,Dr. Gael Henrique Pires,anthony36@example.org,58,Roménia,Family
1976,Isabel Mendonça,rhavi29@example.com,36,Catar,Free
1977,Samuel Vieira,ravi-luccacampos@example.com,42,Ilhas Caiman,Free
1978,Oliver Cassiano,olivia76@example.com,31,Tailândia,Family
1979,Maria Luiza Guerra,zda-luz@example.org,65,França,Premium
1980,Otto Nogueira,olivia73@example.org,22,Áustria,Free
1981,Olívia Pastor,leo25@example.com,31,Congo-Brazzaville,Free
1982,Lorenzo Marques,da-motafernanda@example.com,63,Trindade e Tobago,Free
1983,Sra. Maria Liz da Mota,zoe15@example.net,27,Sri Lanka,Family
1984,Isabelly Ferreira,clarasampaio@example.com,65,Usbequistão,Family
1985,Ana Cecília Jesus,almeidatheo@example.com,31,Grécia,Premium
1986,Renan Rezende,imoraes@example.org,44,Bósnia e Herzegovina,Free
1987,Aylla Fonseca,albuquerqueleandro@example.com,27,Egito,Premium
1988,Sofia Albuquerque,ccassiano@example.org,30,Birmânia,Family
1989,Rafaela Pimenta,tda-mata@example.com,67,Rússia,Family
1990,Dr. Vitor Nunes,eduardabrito@example.net,37,República Dominicana,Premium
1991,Vicente das Neves,fernandovasconcelos@example.org,63,Tokelau,Premium
1992,Ana Novaes,vianacamila@example.net,51,Quênia,Free
1993,Renan da Conceição,murilo62@example.org,18,Libéria,Family
1994,Luana Pacheco,emanuelmontenegro@example.org,24,Ilhas Caiman,Premium
1995,Lara Nascimento,eda-mota@example.com,54,Noruega,Family
1996,Ana Liz Freitas,gustavo-henrique18@example.com,61,Congo-Kinshasa,Family
1997,Sra. Ester Souza,dsantos@example.com,24,Chipre,Family
1998,Maria Cecília Mendonça,alvesantonella@example.org,59,Costa Rica,Free
1999,Daniela Casa Grande,felipe40@example.org,65,Laos,Premium
2000,Heloísa Cirino,vieiramaria@example.com,59,Territórios Austrais Franceses,Family
2001,Vitor Hugo Guerra,scosta@example.net,47,Comores,Free
2002,Sra. Cecília da Mota,nunesantony@example.net,54,Malta,Family
2003,Vitor Gabriel Pinto,joao-vitor29@example.com,62,Nauru,Free
2004,Dr. Yan Silva,da-costakevin@example.org,26,Armênia,Premium
2005,Ester Barbosa,das-nevesemanuella@example.net,36,Quiribáti,Premium
2006,Leonardo Campos,barrosisabel@example.org,29,Brunei,Premium
2007,Luiz Otávio Machado,pereirajoaquim@example.net,58,Peru,Free
2008,Kaique Marques,pimentadaniel@example.org,46,Iraque,Premium
2009,Ana Beatriz Moraes,theodoro69@example.net,30,Libéria,Premium
2010,João Teixeira,silvadavi@example.com,66,Porto Rico,Free
2011,Mateus Novais,oliviagoncalves@example.org,31,Santa Helena,Free
2012,João Barros,ana-livia88@example.com,59,Equador,Family
2013,Dra. Cecilia Ribeiro,bella12@example.org,28,Grécia,Premium
2014,Laís Cassiano,siqueirakaique@example.com,32,Ilha Norfolk,Family
2015,Ágatha da Rocha,hnascimento@example.org,36,Samoa,Free
2016,Vinicius das Neves,isa@example.net,65,Marianas do Norte,Family
2017,João Lucas Fernandes,josue55@example.net,19,República Centro-Africana,Premium
2018,Milena da Mata,maria24@example.com,70,Iêmen,Premium
2019,Esther Rios,sofia42@example.org,40,Guiné,Free
2020,Maya Ferreira,brayan25@example.com,38,Gana,Premium
2021,Sr. Daniel Monteiro,calebeda-conceicao@example.net,55,Níger,Family
2022,Alexia Nogueira,amartins@example.org,44,Jibuti,Family
2023,Rafaela Azevedo,daniela32@example.org,31,Benim,Premium
2024,Dr. Vitor Gabriel Sampaio,ravy73@example.org,20,Grécia,Premium
2025,Rhavi Pereira,machadoaugusto@example.net,48,Fiji,Free
2026,Otávio Dias,lopessara@example.net,68,Sri Lanka,Premium
2027,Bárbara Fernandes,ocirino@example.net,25,Sudão,Premium
2028,Arthur Dias,mateusda-luz@example.net,57,Ilhas Cook,Premium
2029,Gabriel Viana,mendoncaliam@example.org,56,Kuwait,Premium
2030,Pietra Camargo,vvieira@example.com,36,Ilha de Man,Premium
2031,Bernardo Rocha,pereiradavi-lucas@example.com,66,Cazaquistão,Free
2032,Mateus Barros,isabellalopes@example.com,44,Rússia,Family
2033,Luigi Marques,maria-eduarda85@example.org,37,Papua-Nova Guiné,Family
2034,Melissa Peixoto,calebramos@example.net,62,Bangladesh,Free
2035,Enrico Lima,frezende@example.com,56,Finlândia,Premium
2036,Emanuel Mendes,nicolasda-mota@example.net,67,Gibraltar,Free
2037,Isabela Silveira,moreiraisabella@example.org,60,Nepal,Free
2038,Isaque Martins,maria-isissampaio@example.net,36,Ashmore and Cartier Islands,Premium
2039,Antonella Guerra,joao-gabrielda-luz@example.org,55,Território Britânico do Oceano Índico,Premium
2040,Alícia Fonseca,elisa70@example.org,50,Gana,Premium
2041,Yago Araújo,hjesus@example.net,58,Tonga,Family
2042,Sra. Mariah Correia,lunanunes@example.org,30,Ilhas Caiman,Premium
2043,José Pedro da Luz,pietrada-luz@example.com,27,Canadá,Premium
2044,Dra. Ana Cecília Moraes,da-conceicaomiguel@example.net,50,Bahamas,Family
2045,Maria Alice Sousa,kmelo@example.net,38,Taiwan,Premium
2046,Ana Carolina Fonseca,da-motajuan@example.net,60,São Cristóvão e Neves,Premium
2047,Marcela Novais,azevedomanuela@example.net,23,Ilhas Virgens Americanas,Free
2048,Lorenzo Cavalcanti,ebarbosa@example.org,57,Suazilândia,Free
2049,Sr. Dom Barbosa,caldeirarafaela@example.org,48,Nepal,Premium
2050,Eloá Marques,isaquesouza@example.org,44,Uganda,Premium
2051,Aurora Melo,isispires@example.com,58,Ilhas Virgens Americanas,Premium
2052,Mariane Pinto,upereira@example.org,68,Botsuana,Premium
2053,Isaac Castro,carolina58@example.org,36,Portugal,Free
2054,Dr. Guilherme Azevedo,hmachado@example.org,29,Arábia Saudita,Family
2055,Lunna Jesus,calebe90@example.net,28,Cabo Verde,Family
2056,Sr. Léo Viana,enzo-gabriel77@example.com,68,Sara Ocidental,Premium
2057,Melina da Cruz,luiz-fernando87@example.com,64,Granada,Free
2058,Sr. Davi Lucas Pimenta,sophiaribeiro@example.net,57,Lesoto,Family
2059,Srta. Agatha Sousa,nina48@example.org,31,Zâmbia,Free
2060,Agatha da Mata,lmendes@example.org,62,Dinamarca,Premium
2061,Ana Carolina Caldeira,wcassiano@example.net,52,Egito,Premium
2062,Ana Cecília Barbosa,isabel75@example.net,38,Espanha,Free
2063,Vitor Abreu,maria-laurarios@example.net,62,Liechtenstein,Family
2064,Sr. Gustavo Henrique Monteiro,qsampaio@example.com,56,Vaticano,Family
2065,Anthony Vargas,da-cunhalucca@example.org,65,Austrália,Free
2066,Mariane Ribeiro,mendesmaria-julia@example.org,53,Antígua e Barbuda,Family
2067,Davi Luiz Castro,ana-livia59@example.com,37,Namíbia,Family
2068,Joaquim Silva,danielaferreira@example.org,59,Dinamarca,Free
2069,Gael Peixoto,pbarros@example.org,38,Ilha Norfolk,Premium
2070,Srta. Eloá Rios,gustavomarques@example.com,70,Coreia do Norte,Family
2071,Laura Moreira,davi-lucas60@example.org,36,Singapura,Family
2072,Dra. Bárbara Siqueira,hcampos@example.org,32,Coreia do Sul,Family
2073,Juliana da Rosa,vitormonteiro@example.com,48,Seicheles,Family
2074,Dr. Cauã Alves,jribeiro@example.com,35,Ilha do Natal,Family
2075,Ester Sales,caue99@example.net,70,Suazilândia,Free
2076,Sra. Larissa Costa,jalmeida@example.org,18,Mauritânia,Premium
2077,Maria Flor Ferreira,nicolasribeiro@example.com,57,Bahamas,Premium
2078,Maria Liz Dias,barbosaluiz-fernando@example.org,45,Sérvia,Free
2079,Lucas Dias,maria-ceciliaferreira@example.org,37,República Centro-Africana,Family
2080,Lívia Carvalho,alexandrecavalcante@example.net,58,Suécia,Premium
2081,Diogo Guerra,jalbuquerque@example.org,42,Quênia,Free
2082,Maria Liz Rezende,gfogaca@example.com,59,Áustria,Family
2083,Marcos Vinicius Casa Grande,da-costajose-miguel@example.net,63,Chile,Free
2084,Sofia Farias,msales@example.org,37,Mauritânia,Free
2085,Dr. Henrique Sousa,davi-luiz42@example.net,46,Gana,Premium
2086,Luiz Henrique da Cruz,pedro-lucas66@example.net,27,Malásia,Family
2087,Dra. Hellena Sampaio,moreiramiguel@example.net,64,Montenegro,Free
2088,Sra. Maria Liz Mendonça,jda-rocha@example.com,46,Namíbia,Free
2089,Dr. Otávio Caldeira,dvargas@example.com,57,Somália,Free
2090,Bianca Mendes,vitor-gabriel74@example.net,26,Cuba,Premium
2091,Luiz Miguel Pires,henrique45@example.com,34,Navassa Island,Family
2092,Sr. Luiz Fernando Cassiano,gomesjoaquim@example.net,57,Áustria,Family
2093,Enzo Casa Grande,raquelrocha@example.com,63,Timor Leste,Free
2094,Maria Fernanda Oliveira,gustavo-henriquefogaca@example.net,51,Domínica,Family
2095,Maria Helena Silva,jfonseca@example.com,61,Iêmen,Free
2096,Ana Ribeiro,aragaodavi@example.org,22,Bielorrússia,Family
2097,Maria Clara Fernandes,vitor-hugosousa@example.net,19,Lesoto,Free
2098,Bárbara Fonseca,raquel79@example.com,35,Guiana,Premium
2099,André Câmara,lnascimento@example.org,54,Mali,Free
2100,Joaquim Pacheco,gabrielamoura@example.net,49,Barbados,Free
2101,Emilly Garcia,umontenegro@example.net,31,Burquina Faso,Free
2102,Ryan Campos,santosmaria-isis@example.org,56,Gana,Premium
2103,Manuela Novaes,ana-carolina94@example.net,53,Bulgária,Premium
2104,Maria Laura Cassiano,ana-luizacirino@example.net,34,Letônia,Family
2105,Dr. Rael Cirino,aragaolucas-gabriel@example.net,49,Ilhas Virgens Americanas,Premium
2106,Bárbara da Costa,vieiranina@example.net,49,Roménia,Premium
2107,Arthur Gabriel Albuquerque,matteomoura@example.net,67,Alemanha,Family
2108,Stella Nunes,vieirahellena@example.com,33,Síria,Family
2109,Ravi Lucca Sampaio,sampaiofernanda@example.org,66,Filipinas,Free
2110,Ana Julia Cirino,aparecidaemanuel@example.net,39,Liechtenstein,Family
2111,Ana Carolina Pereira,luiza56@example.com,25,Nova Caledónia,Premium
2112,Marcos Vinicius Cavalcante,sophia90@example.com,48,Singapura,Premium
2113,Sra. Juliana Rios,gael-henriqueda-cunha@example.org,59,Nicarágua,Premium
2114,Dom Siqueira,igormoura@example.com,52,Malásia,Free
2115,Dr. José Miguel Gomes,daniel19@example.org,58,Estônia,Family
2116,Benício Oliveira,anthony-gabrielandrade@example.org,35,Tokelau,Free
2117,Aurora Teixeira,brendapacheco@example.org,19,Porto Rico,Premium
2118,Guilherme Melo,wborges@example.org,36,Maurícia,Family
2119,Luiz Miguel Vasconcelos,knunes@example.org,56,Barbados,Premium
2120,Srta. Liz Santos,asafecavalcante@example.org,51,Emirados Árabes Unidos,Free
2121,Mariana Montenegro,leticia60@example.net,19,Jamaica,Premium
2122,Maria Cecília Barros,yanpastor@example.org,67,Jan Mayen,Premium
2123,Enzo Gabriel Sousa,moreirastephany@example.org,22,Sara Ocidental,Premium
2124,Sophia Viana,juansiqueira@example.net,30,Lesoto,Premium
2125,Pietro Lima,mathiasmachado@example.com,23,Croácia,Premium
2126,Benício Araújo,vrezende@example.org,37,Clipperton Island,Premium
2127,Eloah Ferreira,hbarbosa@example.com,23,Guiné,Family
2128,Milena Vieira,xda-conceicao@example.net,70,Ilha do Natal,Premium
2129,Antonella Fogaça,vasconcelosmariane@example.org,32,Birmânia,Premium
2130,Maria Clara Montenegro,joao-felipepinto@example.com,29,Madagascar,Free
2131,Pedro Miguel Ramos,galbuquerque@example.com,33,Jibuti,Family
2132,Maria Fernanda Gonçalves,carvalhoravi@example.org,56,Austrália,Family
2133,Dom Gomes,vandrade@example.com,32,Território Britânico do Oceano Índico,Free
2134,Luara Silveira,goncalvesamanda@example.net,56,São Pedro e Miquelon,Free
2135,Asafe Marques,zalves@example.net,53,Domínica,Family
2136,Melissa Farias,fda-mota@example.com,19,França,Premium
2137,Helena Montenegro,enzoda-cruz@example.org,25,Mônaco,Premium
2138,Dr. Nicolas Fogaça,eloahmonteiro@example.net,50,Hong Kong,Free
2139,Mariah Lima,joao-guilhermeviana@example.org,29,Síria,Premium
2140,Maria Alice Cassiano,ana-lizaragao@example.org,31,Maurícia,Free
2141,Arthur Miguel Casa Grande,rezendeanthony-gabriel@example.net,32,Moçambique,Family
2142,José Miguel Correia,luizarocha@example.org,54,Akrotiri,Family
2143,Bryan Gomes,vinicius55@example.net,43,Guiné,Family
2144,Josué da Luz,anthonyribeiro@example.com,35,Geórgia do Sul e Sandwich do Sul,Free
2145,Maria Clara Aragão,vitor-gabrielda-rosa@example.com,30,Polinésia Francesa,Free
2146,Srta. Ana Luiza Leão,sarah77@example.com,32,Letônia,Free
2147,Dra. Sarah Cavalcante,camaradavi-lucas@example.com,52,Burundi,Premium
2148,Juliana Araújo,matteoteixeira@example.net,51,Laos,Family
2149,Henry Gabriel da Cunha,nascimentovitor-hugo@example.com,23,Chipre,Family
2150,Maria Júlia Novaes,aparecidapaulo@example.org,46,Nigéria,Premium
2151,Evelyn Rodrigues,caldeiramaria-cecilia@example.com,51,Suazilândia,Premium
2152,Larissa Nascimento,alana28@example.net,47,Iraque,Premium
2153,Eloá Barros,lorena61@example.net,57,Moldávia,Free
2154,Antônio Araújo,pintorodrigo@example.com,37,Tokelau,Free
2155,Oliver Mendes,ryan01@example.org,53,Austrália,Premium
2156,Sr. Antony Rocha,moraesana-clara@example.org,25,Camarões,Free
2157,Vicente Marques,moraesdaniel@example.net,25,Áustria,Premium
2158,Sr. Valentim Pereira,gcastro@example.net,36,Malávi,Free
2159,Raul Moura,nina81@example.org,19,Eritreia,Family
2160,Ana Julia da Rosa,arthur-gabrielda-luz@example.org,54,Arábia Saudita,Family
2161,Sr. Pedro Henrique Rezende,kevin45@example.org,63,Ilha Bouvet,Premium
2162,Emanuel Cavalcanti,kfonseca@example.org,42,Costa Rica,Free
2163,Josué Costela,tsouza@example.org,69,Madagascar,Premium
2164,Sr. Mateus Costela,peixotojoao-vitor@example.net,35,Andorra,Free
2165,Olívia Fogaça,ferreirajuliana@example.com,47,Namíbia,Free
2166,Gael Pinto,jda-cunha@example.org,61,Bermudas,Family
2167,Daniela Nogueira,fariasleticia@example.net,40,Tajiquistão,Free
2168,Sophie Nunes,isaac56@example.org,42,Uganda,Free
2169,Kevin Campos,catarina49@example.org,55,Hong Kong,Family
2170,Sra. Mariana Peixoto,ferreiramaria-flor@example.net,68,Micronésia,Premium
2171,Maria Liz Aragão,ana-vitoria40@example.com,31,Mauritânia,Premium
2172,Emilly Pimenta,gmacedo@example.org,28,Antígua e Barbuda,Family
2173,Lucca Cirino,lorenadas-neves@example.net,24,Tokelau,Family
2174,Otávio Caldeira,krezende@example.org,50,Iran,Free
2175,Maria Helena Araújo,da-pazjoaquim@example.com,21,Santa Lúcia,Family
2176,Luiza Monteiro,oliveirastella@example.net,61,Guiné,Family
2177,Juan Ferreira,luisa98@example.com,55,Suriname,Family
2178,Augusto da Mata,garciaalana@example.com,58,Antígua e Barbuda,Premium
2179,Srta. Laura Melo,juliacamargo@example.org,61,Pitcairn,Premium
2180,José Nogueira,igoroliveira@example.com,35,Ilhas Caiman,Family
2181,Clara Ferreira,novaesgabriel@example.org,22,Canadá,Family
2182,Samuel Cavalcanti,cunhamelina@example.com,68,Ilhas Marshall,Premium
2183,Bruna da Rosa,agomes@example.net,42,Irlanda,Free
2184,Ana Laura Melo,uporto@example.com,47,Serra Leoa,Free
2185,Cauê Pacheco,sgomes@example.org,70,Luxemburgo,Family
2186,João Gabriel Cavalcanti,alicia50@example.com,27,Costa Rica,Family
2187,Samuel Nunes,apollopimenta@example.net,38,Groenlândia,Family
2188,João Felipe Borges,maria-eduardaabreu@example.com,37,Malásia,Free
2189,Ísis Silva,isaque96@example.com,54,Ilha do Natal,Free
2190,Sofia Nunes,pedro-lucas80@example.com,23,Ilhas Salomão,Premium
2191,Ayla da Rocha,sviana@example.net,34,Portugal,Premium
2192,Henry Gabriel Duarte,pedro-lucascasa-grande@example.org,30,Iêmen,Family
2193,Luiza Melo,leandrodas-neves@example.com,57,Gibraltar,Family
2194,Rodrigo Fogaça,andradepedro@example.org,61,Islândia,Premium
2195,Maitê Jesus,ana-liviaramos@example.org,49,Croácia,Family
2196,João Pedro Pacheco,beatriz63@example.org,42,França,Family
2197,Apollo Vasconcelos,souzaenzo-gabriel@example.net,21,Pitcairn,Family
2198,Alícia da Luz,silvanoah@example.com,40,Croácia,Free
2199,Henry Gabriel Novaes,carvalhoryan@example.net,44,Ilha Wake,Free
2200,Alice Borges,joaquimvieira@example.com,29,Nova Zelândia,Premium
2201,Melissa Cavalcante,antonella04@example.com,30,Cuba,Premium
2202,Srta. Milena Sá,cirinoarthur@example.org,52,Colômbia,Free
2203,André Moreira,ryanpeixoto@example.net,36,Barbados,Free
2204,Liz Carvalho,calebcastro@example.net,63,Eritreia,Family
2205,Raquel Novais,ycastro@example.org,28,Jibuti,Free
2206,Mariah Silva,cardosoantonella@example.org,63,Ilha Wake,Family
2207,Vitória Correia,aalbuquerque@example.com,70,Congo-Kinshasa,Premium
2208,Theodoro Castro,souzaian@example.net,70,Tanzânia,Family
2209,Dr. Thomas Câmara,juliana40@example.com,35,Ashmore and Cartier Islands,Free
2210,Ana Julia Ribeiro,hvargas@example.net,21,Polônia,Family
2211,Samuel Casa Grande,vianacamila@example.net,49,Omã,Family
2212,Mirella Freitas,britomaria-isis@example.net,49,Polônia,Family
2213,Sarah Aragão,xfonseca@example.net,24,Butão,Family
2214,João Pedro Cardoso,ejesus@example.net,22,São Marinho,Free
2215,Levi Lima,milena43@example.com,61,Guiné Equatorial,Free
2216,Sarah Borges,xborges@example.org,20,China,Family
2217,Alexandre Teixeira,levinogueira@example.net,36,Arábia Saudita,Family
2218,Lívia Lima,rcunha@example.net,18,Etiópia,Family
2219,Valentim da Rocha,enzo-gabriel61@example.org,46,Antilhas Holandesas,Family
2220,Matteo Alves,qmartins@example.org,44,Singapura,Premium
2221,Samuel Cavalcanti,salesrafaela@example.com,58,Belize,Free
2222,Isabelly Garcia,isisramos@example.net,57,Suíça,Free
2223,Allana da Cunha,bernardo39@example.net,59,África do Sul,Free
2224,Lara Siqueira,snogueira@example.org,33,Vietnam,Premium
2225,Fernanda Martins,ramoslunna@example.com,47,Ilha do Natal,Premium
2226,André Jesus,joao-gabriel86@example.net,57,Egito,Premium
2227,Kaique Pimenta,heloisacassiano@example.net,46,Filipinas,Premium
2228,Dra. Natália Garcia,novaesravy@example.org,18,Ilhas Falkland,Free
2229,Luiz Gustavo Moreira,alicia83@example.org,60,Comores,Family
2230,Vitor Gabriel Azevedo,catarina11@example.com,26,Guernsey,Family
2231,Yuri da Costa,vinicius53@example.org,70,Síria,Family
2232,Heloísa Borges,ana-julianovais@example.org,37,Nova Caledónia,Premium
2233,Dante Fogaça,maria-luisa64@example.com,68,Aruba,Family
2234,Zoe Moura,brunarocha@example.net,50,Argélia,Premium
2235,Brayan Vasconcelos,da-matafernanda@example.org,21,Svalbard e Jan Mayen,Premium
2236,Thomas Rezende,enogueira@example.com,24,Paracel Islands,Free
2237,Anthony Costela,ana-sophia07@example.com,50,Dhekelia,Family
2238,Dr. Benjamin Monteiro,murilo28@example.org,66,Catar,Premium
2239,Letícia Mendes,novaismaria-eduarda@example.com,67,Jersey,Family
2240,Luiz Miguel Mendonça,xcamara@example.net,30,Maurícia,Premium
2241,Mariana Sampaio,santosbrayan@example.net,29,Irlanda,Family
2242,Thales Farias,marcelo53@example.org,26,Congo-Kinshasa,Premium
2243,Isaque Nascimento,moreiramaria-sophia@example.org,58,Bósnia e Herzegovina,Free
2244,Ana Beatriz Vargas,vviana@example.com,65,Domínica,Free
2245,Yago Santos,araujojoana@example.com,68,Colômbia,Family
2246,Theo Marques,smonteiro@example.net,67,Ilhas Falkland,Family
2247,Dr. Raul Cavalcante,vieiraheloisa@example.net,51,Jamaica,Premium
2248,Sr. Luiz Miguel Marques,brenda86@example.com,37,Gabão,Free
2249,Dom Costa,enzo-gabriel36@example.org,64,Burundi,Premium
2250,Maya Caldeira,isabel68@example.org,66,Austrália,Family
2251,Vicente Farias,ysales@example.com,68,Usbequistão,Premium
2252,Alexandre Abreu,bruno23@example.net,43,Dinamarca,Premium
2253,Rael Viana,dfernandes@example.net,70,Dinamarca,Premium
2254,Marcos Vinicius Casa Grande,matteo77@example.com,33,Eslovênia,Free
2255,Sra. Zoe Barros,joao-guilherme53@example.com,62,República Dominicana,Premium
2256,Dr. Miguel Moura,klopes@example.net,23,Eritreia,Premium
2257,Murilo Rocha,isis03@example.com,35,Brunei,Premium
2258,Vinícius Siqueira,nogueiraasafe@example.net,57,Uganda,Free
2259,Brenda Cavalcante,qnogueira@example.net,48,Domínica,Free
2260,Kamilly da Luz,castromaria-eduarda@example.com,32,Belize,Premium
2261,Lucca Barbosa,maria-laura81@example.com,35,Ilhas Caiman,Free
2262,Maria Luiza Vasconcelos,leaoisaque@example.com,47,China,Family
2263,Nicolas Azevedo,ferreiragabrielly@example.net,20,África do Sul,Family
2264,Alexia Duarte,lorenamontenegro@example.com,40,Lesoto,Family
2265,Lucas Carvalho,silveiramatteo@example.com,51,Bermudas,Family
2266,Sra. Jade Monteiro,enzo-gabrielpinto@example.com,21,São Marinho,Premium
2267,Benjamim Peixoto,erick67@example.net,60,Austrália,Free
2268,Joaquim Sampaio,nicolasnovais@example.org,47,Paracel Islands,Premium
2269,Ana Abreu,leonardoda-costa@example.com,65,Macau,Free
2270,Lunna Viana,tsampaio@example.com,68,Ilhas Virgens Americanas,Family
2271,Isis Cavalcanti,souzamaria-julia@example.net,53,Cazaquistão,Free
2272,Dr. Heitor Barbosa,emanuelly60@example.org,68,Croácia,Premium
2273,Felipe Rodrigues,gda-mota@example.org,56,Argentina,Free
2274,Sara Mendes,juansa@example.net,29,Kuwait,Free
2275,Alana Jesus,olivia74@example.org,46,Islândia,Free
2276,Cecília Rocha,ana-liviamontenegro@example.org,28,Mauritânia,Premium
2277,Joana Freitas,mlopes@example.net,56,Território Britânico do Oceano Índico,Family
2278,Daniel Pacheco,riosemanuelly@example.com,37,Colômbia,Free
2279,Theodoro Vieira,gomessarah@example.org,53,China,Family
2280,Sra. Lunna Mendes,ravida-paz@example.com,30,Domínica,Free
2281,Clarice Nascimento,laviniafreitas@example.net,39,Ilhas Virgens Americanas,Family
2282,Sra. Maria Clara Campos,rmartins@example.org,50,Malta,Premium
2283,Dr. Isaac da Mota,csa@example.org,51,Marianas do Norte,Premium
2284,Juan Gonçalves,ayllacavalcanti@example.com,63,Jordânia,Premium
2285,Kaique Moreira,mcorreia@example.org,34,México,Free
2286,Maria Cecília Casa Grande,da-cunhasophie@example.net,30,Roménia,Family
2287,Benicio Araújo,juliacorreia@example.net,22,Ilha Norfolk,Premium
2288,Ana Clara Siqueira,maria-helenamontenegro@example.net,59,Coreia do Norte,Premium
2289,João Felipe Caldeira,monteirojoao-miguel@example.com,47,Geórgia do Sul e Sandwich do Sul,Premium
2290,Anna Liz Rocha,camposanna-liz@example.com,48,Costa Rica,Premium
2291,Eduardo Fogaça,qrezende@example.org,18,Tanzânia,Premium
2292,Eloá da Cruz,rmendonca@example.org,38,Nepal,Free
2293,Ana Julia Duarte,maria-luisamontenegro@example.com,60,Palau,Free
2294,Paulo Caldeira,novaesanthony-gabriel@example.org,21,Belize,Family
2295,Vicente da Cruz,mendoncacatarina@example.net,46,Libéria,Free
2296,Maria Alice Borges,maria-juliaabreu@example.net,45,Bermudas,Family
2297,João Vitor Pastor,salesantonella@example.com,46,Ilha do Natal,Free
2298,Clarice Fernandes,maria-juliamacedo@example.net,33,Moldávia,Premium
2299,Ryan Pimenta,caroline39@example.org,45,Timor Leste,Free
2300,Rafaela Rocha,yuricirino@example.com,21,Omã,Premium
2301,Yan Sampaio,kcavalcanti@example.net,66,Porto Rico,Family
2302,Sra. Fernanda da Cunha,ana-luizaabreu@example.net,47,Etiópia,Family
2303,Maria Luiza Teixeira,amartins@example.org,38,Guiné Equatorial,Premium
2304,João Miguel Monteiro,maria-fernanda39@example.net,28,Vaticano,Free
2305,Leonardo Rios,esterbrito@example.org,33,Santa Lúcia,Family
2306,Thiago Mendes,caleb78@example.net,51,República Checa,Family
2307,Dante Andrade,joao-miguel03@example.com,68,Estados Unidos,Free
2308,Amanda da Cunha,sampaioeloah@example.com,63,São Vicente e Granadinas,Premium
2309,Arthur Gabriel Moura,rrezende@example.com,51,Território Britânico do Oceano Índico,Family
2310,Sr. Pedro Lucas Viana,oliverda-rosa@example.net,30,Noruega,Free
2311,Eduardo Sampaio,oliver95@example.net,27,Rússia,Premium
2312,Juan Moreira,zcardoso@example.org,38,Ilhas Falkland,Free
2313,Leonardo Moraes,oliviaalmeida@example.com,65,Niue,Free
2314,Otávio Cunha,silveiraluara@example.net,60,Moldávia,Premium
2315,Ana Luiza Lopes,jose-miguelsantos@example.org,20,Antilhas Holandesas,Free
2316,Valentina da Mota,zbarbosa@example.net,48,Croácia,Free
2317,Calebe Azevedo,carlos-eduardo68@example.com,58,Salvador,Family
2318,Maria Sophia Camargo,brenda51@example.com,38,Suazilândia,Free
2319,Ana Beatriz Carvalho,emanuellagoncalves@example.net,36,Zimbábue,Free
2320,Theo da Rocha,sjesus@example.com,63,Mauritânia,Free
2321,Matheus Correia,carlos-eduardopastor@example.net,49,China,Family
2322,Vitor Gabriel Duarte,sousamanuella@example.org,66,República Dominicana,Premium
2323,Pedro Vargas,ana86@example.com,44,Namíbia,Family
2324,Rhavi Porto,luiz-felipemoraes@example.com,57,Guiné,Premium
2325,Matheus Câmara,ravi67@example.org,36,Colômbia,Premium
2326,Ravi Lucca Cardoso,jose-pedro18@example.com,56,Akrotiri,Premium
2327,Manuela Gonçalves,oliveiragustavo-henrique@example.net,52,Costa Rica,Free
2328,Srta. Maysa Caldeira,isabella82@example.net,67,Ilhas Turcas e Caicos,Family
2329,Eloá da Mata,bsouza@example.net,54,Emirados Árabes Unidos,Free
2330,José Miguel Araújo,rezendetheo@example.org,45,Ilhas Caiman,Free
2331,Joana Jesus,agatha14@example.com,50,Pitcairn,Free
2332,Yasmin da Mata,maria-cecilianovaes@example.com,68,Rússia,Free
2333,Dr. Asafe Pires,sophia59@example.net,40,Turquia,Family
2334,Sra. Joana Rezende,olivia73@example.org,37,Tailândia,Premium
2335,Alice Silveira,rezendealexia@example.org,39,Belize,Family
2336,Clara Pires,melissa03@example.com,44,Costa Rica,Family
2337,Ana Clara Oliveira,kamilly35@example.net,49,Antígua e Barbuda,Free
2338,Sra. Alana Martins,luiz-fernandopimenta@example.net,60,Comores,Premium
2339,Maria Alice Alves,da-motaeduardo@example.org,50,Rússia,Premium
2340,Pietro Albuquerque,olivia88@example.com,46,São Tomé e Príncipe,Family
2341,Ryan Costa,rafael52@example.org,70,Ruanda,Free
2342,Ravy Abreu,sophie12@example.org,49,Sérvia,Premium
2343,Maria Julia Vieira,kda-cruz@example.org,46,Gabão,Free
2344,Yago Lopes,igornogueira@example.net,52,Burquina Faso,Free
2345,Ian Rocha,maria-isisramos@example.net,57,Líbia,Free
2346,Srta. Maria Julia Leão,maria-fernandada-rosa@example.org,42,Groenlândia,Free
2347,Arthur Gabriel Cavalcante,joao70@example.org,56,Itália,Family
2348,Caleb Melo,emanuellada-conceicao@example.org,23,Papua-Nova Guiné,Family
2349,Calebe das Neves,nrocha@example.com,22,Hungria,Free
2350,Dra. Heloísa Jesus,julia17@example.com,35,Aruba,Family
2351,Dr. Enzo Jesus,leaoana-livia@example.net,25,Suíça,Family
2352,Brenda Barros,olivia43@example.org,42,Mali,Premium
2353,Francisco Souza,salesagatha@example.com,54,Bósnia e Herzegovina,Free
2354,Sophie Alves,enzo-gabrielsouza@example.net,63,Somália,Premium
2355,Maria Fernanda Pereira,umarques@example.org,63,Gibraltar,Family
2356,Ana Vitória Pinto,luanada-rosa@example.net,37,Níger,Premium
2357,Nathan Martins,anasouza@example.net,47,Estados Unidos,Family
2358,Lucca Vasconcelos,zoliveira@example.com,61,Itália,Family
2359,Sra. Ana Carolina Guerra,ana-clarabarros@example.com,43,Lesoto,Premium
2360,Emanuella da Conceição,oliveiramaria-alice@example.org,66,Faroé,Premium
2361,Asafe Silveira,lucas-gabriel75@example.org,67,Suíça,Free
2362,Evelyn Duarte,fogacavitor-hugo@example.org,28,Guiné-Bissau,Family
2363,Lavínia Câmara,lorenzocunha@example.org,45,Dinamarca,Free
2364,Joana da Mata,natalia42@example.net,36,Bielorrússia,Family
2365,Ana Cecília Ferreira,ravi99@example.org,63,Macedônia do Norte,Premium
2366,Sofia Novaes,duarteryan@example.org,47,Jibuti,Family
2367,Ana Liz Santos,ayla99@example.org,50,Suíça,Premium
2368,Emilly Moraes,kevincirino@example.com,64,Dinamarca,Family
2369,Davi Lucas Cavalcanti,da-cruzhadassa@example.net,46,Mauritânia,Premium
2370,Antônio Rocha,miguel53@example.com,69,São Marinho,Family
2371,Sra. Ana Cecília da Paz,joao-pedro99@example.net,21,Costa do Marfim,Family
2372,Leonardo Rezende,nathangoncalves@example.net,63,Indonésia,Family
2373,Sra. Maria Isis Araújo,maria-florcassiano@example.com,68,Bermudas,Premium
2374,Maria Julia Campos,da-conceicaovinicius@example.net,37,Macedônia do Norte,Family
2375,Alexia Montenegro,oliver69@example.com,42,Guiana,Free
2376,Miguel Sampaio,pachecobruno@example.com,66,Costa Rica,Premium
2377,Ana Beatriz Montenegro,yago39@example.net,49,Território Britânico do Oceano Índico,Premium
2378,Benicio Araújo,leticiasouza@example.com,52,Belize,Free
2379,Maria Luiza Borges,vitor-hugo51@example.org,51,Ilha de Man,Premium
2380,Ana Clara Rocha,apollomendes@example.org,57,Birmânia,Family
2381,Matteo Martins,fariasfelipe@example.com,28,Croácia,Free
2382,Sra. Larissa Pimenta,maria-luisa17@example.org,54,República Centro-Africana,Family
2383,João Guilherme Rezende,piresdavi-lucca@example.net,27,Mayotte,Premium
2384,José Pedro Rocha,emanuellapereira@example.com,45,Líbia,Free
2385,Isis da Rosa,miguelda-luz@example.net,59,Arábia Saudita,Free
2386,Bruno Nogueira,rioslucas@example.com,70,Estados Unidos,Premium
2387,Ana Clara Gomes,cribeiro@example.org,54,Botsuana,Family
2388,Pedro da Rocha,thiago93@example.com,25,Líbano,Premium
2389,Sr. Rodrigo Rios,mvieira@example.net,58,São Marinho,Free
2390,Guilherme Brito,theodoro99@example.org,45,Reino Unido,Premium
2391,Rael Aragão,thiago88@example.net,46,Azerbaijão,Family
2392,Gael Melo,ravy94@example.com,21,Iêmen,Family
2393,Vitor Hugo Almeida,usampaio@example.org,54,Quênia,Premium
2394,Dr. Liam Ribeiro,caiogomes@example.net,69,Dhekelia,Family
2395,Maria Flor Machado,fnascimento@example.org,60,Gabão,Free
2396,Leonardo Albuquerque,grocha@example.com,46,Panamá,Premium
2397,Srta. Bianca Fernandes,benicio77@example.org,62,Comores,Free
2398,Dom Gomes,leandro74@example.net,41,Turquia,Free
2399,Luiz Felipe Ferreira,rezendeallana@example.org,24,Malásia,Free
2400,Dr. Carlos Eduardo Câmara,marcela56@example.net,46,Letônia,Premium
2401,Gustavo Ferreira,da-cunhathomas@example.org,36,Guam,Free
2402,Liam da Conceição,luiz-miguel24@example.org,27,Tonga,Premium
2403,Caroline Almeida,costasarah@example.com,34,Jan Mayen,Free
2404,Arthur Gabriel Gonçalves,franciscoalbuquerque@example.org,40,Congo-Kinshasa,Family
2405,Pietro Borges,dom74@example.com,35,Noruega,Free
2406,João Felipe Silva,eloa82@example.com,31,Ilhas Falkland,Free
2407,Vinícius Garcia,aurora15@example.com,45,Costa do Marfim,Free
2408,Helena Moreira,cbarbosa@example.org,34,Polônia,Free
2409,Nathan da Conceição,joao-miguelvargas@example.org,20,Malásia,Family
2410,Gael Henrique Cavalcanti,vieiraheloisa@example.com,35,Belize,Premium
2411,Olivia Fernandes,leo11@example.com,27,Madagascar,Free
2412,Brayan da Mata,das-nevesotavio@example.net,37,Ilhas Falkland,Family
2413,Dr. Vitor Hugo Sousa,ramoscecilia@example.org,19,Malávi,Premium
2414,Levi da Paz,eduardamoraes@example.org,24,Lesoto,Premium
2415,Luiz Miguel Souza,pietro12@example.org,27,Laos,Premium
2416,Diego Gomes,pcamargo@example.org,57,Vietnam,Family
2417,Stephany Costela,mendescamila@example.net,60,Indonésia,Family
2418,Yago Santos,sabrina77@example.com,26,Tailândia,Family
2419,Larissa Farias,andradearthur-gabriel@example.com,43,Akrotiri,Premium
2420,Caroline Vasconcelos,melotheo@example.com,27,Eritreia,Premium
2421,Pedro Lucas Câmara,almeidazoe@example.org,56,Paraguai,Free
2422,Diego Borges,mteixeira@example.com,28,Cuba,Free
2423,Jade da Paz,luiz-fernandoalmeida@example.org,69,Faroé,Free
2424,Lívia Lopes,souzaraquel@example.org,37,Akrotiri,Free
2425,Dr. Otto Pastor,maria-fernandamendonca@example.com,21,Kuwait,Family
2426,João Lucas Freitas,azevedoleo@example.org,59,Antilhas Holandesas,Premium
2427,Pietro Pereira,cunhaamanda@example.com,56,Nicarágua,Family
2428,Dra. Melissa Teixeira,isisbarros@example.org,58,Granada,Free
2429,Valentina Nascimento,jda-conceicao@example.org,59,Ilha Norfolk,Premium
2430,Guilherme Oliveira,nguerra@example.com,54,Marianas do Norte,Free
2431,Augusto Ribeiro,da-matamathias@example.com,18,Iraque,Family
2432,Maria Luísa Campos,thiago74@example.org,70,Costa do Marfim,Premium
2433,Maria Helena Machado,tabreu@example.org,64,Micronésia,Free
2434,Srta. Letícia Montenegro,cmendonca@example.com,56,Marianas do Norte,Free
2435,Gabrielly Sampaio,da-conceicaovalentim@example.net,46,Índia,Family
2436,Isabel Montenegro,dramos@example.com,69,Luxemburgo,Free
2437,Bryan Cunha,eloahnovaes@example.org,33,Argentina,Family
2438,Emanuella Câmara,peixotodaniela@example.com,61,Croácia,Premium
2439,Otávio Peixoto,aylla20@example.org,34,Líbano,Free
2440,Josué Andrade,ana-laura40@example.com,22,Salvador,Free
2441,Alícia Sales,oporto@example.com,59,Países Baixos,Family
2442,Josué Freitas,britosophie@example.com,54,Eritreia,Free
2443,João Guilherme Correia,fonsecaana-laura@example.org,60,Mônaco,Family
2444,Bella Rodrigues,teixeiragiovanna@example.com,46,Chipre,Family
2445,Sra. Lavínia Gonçalves,riosisaque@example.org,38,Fiji,Premium
2446,Ravi Lucca Campos,silveiraenrico@example.org,30,Belize,Free
2447,Maria Fernanda Correia,jose-pedroda-cunha@example.net,32,Sudão,Premium
2448,Alícia Carvalho,imacedo@example.com,65,Lituânia,Family
2449,João Borges,cecilia49@example.com,47,Israel,Free
2450,Dra. Maria Cecília Cardoso,gda-rosa@example.com,47,Suazilândia,Family
2451,Maria Isis Pereira,ottocastro@example.org,59,República Dominicana,Family
2452,Apollo Farias,valentinada-costa@example.com,43,Reino Unido,Free
2453,Miguel Ferreira,ncampos@example.org,66,Ilha de Man,Free
2454,Léo Peixoto,luccavieira@example.org,34,Coral Sea Islands,Free
2455,Caroline Cirino,pmonteiro@example.net,44,Nauru,Family
2456,Vitor Gabriel Cunha,hbrito@example.com,45,Finlândia,Family
2457,Levi Rios,nvargas@example.net,31,Vietnam,Family
2458,Samuel Castro,lorena22@example.net,44,Groenlândia,Premium
2459,Luan Rodrigues,hcastro@example.net,31,Indonésia,Premium
2460,João Guilherme Rodrigues,maria-vitoria48@example.net,68,Antilhas Holandesas,Premium
2461,Dra. Ana Carolina Novais,luiz-gustavomarques@example.com,20,Sara Ocidental,Free
2462,Theodoro Borges,raquelbrito@example.com,48,Malta,Free
2463,Igor Costa,aragaoarthur@example.org,25,Macedônia do Norte,Family
2464,Isabela Montenegro,jnovaes@example.com,37,Sudão,Premium
2465,Maria Clara Ribeiro,isabellysales@example.org,43,Laos,Family
2466,Sra. Hadassa Barros,anna-liz78@example.com,39,Croácia,Family
2467,Maria Luísa Leão,gomesmaysa@example.net,47,Arábia Saudita,Premium
2468,Marina Moraes,epinto@example.com,43,Sri Lanka,Family
2469,Sr. Francisco Jesus,pachecorafael@example.net,68,Países Baixos,Free
2470,Murilo Correia,vitoria48@example.com,21,Mauritânia,Premium
2471,Gael Henrique Moraes,joao-guilhermesiqueira@example.net,68,Tunísia,Family
2472,Anthony Gabriel Moura,enricomacedo@example.net,57,Angola,Family
2473,Esther Mendonça,lcosta@example.net,44,Ilhas Salomão,Premium
2474,Lorena Montenegro,frios@example.org,26,Comores,Premium
2475,Diogo Cavalcante,limamaria-isis@example.org,46,Anguila,Premium
2476,Theo Guerra,ramoslunna@example.org,48,Catar,Family
2477,Sr. Luiz Gustavo Nunes,cecilia32@example.net,52,Marianas do Norte,Family
2478,Anthony Nogueira,ravy92@example.org,63,Iraque,Free
2479,Sr. Danilo Vasconcelos,da-cruzkaique@example.com,20,Jamaica,Family
2480,Heloisa Lima,joao-miguelviana@example.org,20,São Cristóvão e Neves,Family
2481,Antônio Pires,vrios@example.net,48,México,Free
2482,Carolina Rocha,oliver99@example.net,54,Akrotiri,Family
2483,Sra. Lorena da Conceição,rodrigo73@example.net,19,Turquemenistão,Free
2484,Fernanda Cunha,costaisabelly@example.net,34,Etiópia,Premium
2485,Ana Julia da Paz,wcassiano@example.org,41,Tajiquistão,Free
2486,João Vitor da Rosa,vargasleonardo@example.com,21,Cabo Verde,Free
2487,Lucas Gabriel Sampaio,jose-miguelrios@example.org,38,Japão,Family
2488,Gael Fogaça,luiz-miguel14@example.com,67,Itália,Premium
2489,Noah Ferreira,wbrito@example.com,70,Chipre,Premium
2490,Dr. Ravi Martins,pereiraravi@example.org,64,Ilha de Man,Free
2491,Ana Laura Almeida,martinshenrique@example.com,31,Macedônia do Norte,Premium
2492,Maria Liz Brito,ayllamoraes@example.net,25,Costa do Marfim,Free
2493,Théo Correia,ycostela@example.com,30,Peru,Family
2494,Maitê Melo,marianeramos@example.net,45,Haiti,Premium
2495,Lara Correia,pastorhadassa@example.net,30,Ilhas Cook,Free
2496,João Felipe Sampaio,kaiqueda-rocha@example.net,68,Nova Zelândia,Family
2497,Arthur Miguel Barros,portovitor@example.net,63,Salvador,Free
2498,Pedro Henrique Vieira,ravy14@example.com,56,Coral Sea Islands,Free
2499,Amanda Brito,pietro98@example.net,63,Lesoto,Family
2500,Sophia Silveira,lucas49@example.com,40,Cabo Verde,Family
2501,Ana Liz Marques,wsiqueira@example.org,57,Jamaica,Family
2502,Antonella Gomes,clarice58@example.org,34,Croácia,Free
2503,Clara Barbosa,brunanovaes@example.net,51,Pitcairn,Premium
2504,Ravi Lucca Andrade,mpeixoto@example.com,47,Líbia,Family
2505,Sr. Matteo Gomes,alicemontenegro@example.org,66,Rússia,Free
2506,Arthur Miguel Moraes,barroscarolina@example.org,39,Gibraltar,Family
2507,Benjamin Cavalcanti,jesusayla@example.net,19,São Tomé e Príncipe,Family
2508,Sara Brito,marcos-vinicius43@example.com,32,Coreia do Sul,Family
2509,Dr. João Felipe Araújo,znascimento@example.com,35,Hong Kong,Family
2510,Brayan Campos,thomas90@example.org,70,Bermudas,Family
2511,Mateus Machado,eduardo62@example.net,66,Seicheles,Family
2512,Calebe Duarte,joao-guilherme05@example.net,44,Liechtenstein,Free
2513,Sr. Guilherme Abreu,yasmin65@example.org,27,Malásia,Premium
2514,Mariah Barros,iansiqueira@example.net,68,Guiné,Premium
2515,Dom Montenegro,nogueiraluiz-miguel@example.com,41,Barein,Premium
2516,Isabella Dias,qda-paz@example.net,52,Líbano,Premium
2517,Isis Correia,luiz-henriquearagao@example.org,27,Trindade e Tobago,Family
2518,André Sales,otto24@example.com,42,Tonga,Premium
2519,Cecilia Duarte,sara75@example.net,53,Sudão,Premium
2520,Ana Julia Andrade,thiagodias@example.org,58,Albânia,Free
2521,Sr. Gael Rezende,rcavalcanti@example.org,68,Emirados Árabes Unidos,Free
2522,Julia da Paz,maria-fernandasantos@example.com,39,Território Britânico do Oceano Índico,Premium
2523,Jade Lopes,benicioda-mota@example.com,37,Coral Sea Islands,Premium
2524,Danilo Freitas,vasconcelosantonella@example.org,53,Moldávia,Premium
2525,Benjamim Cassiano,noahleao@example.com,30,Cuba,Free
2526,Cauê Farias,ycunha@example.org,61,Luxemburgo,Free
2527,Ana Beatriz Barros,cunhajoao-miguel@example.com,26,Geórgia do Sul e Sandwich do Sul,Premium
2528,Maria Isis Marques,davi-lucas53@example.com,37,Serra Leoa,Family
2529,Maysa Teixeira,yasmin00@example.org,67,Luxemburgo,Family
2530,Benjamim Sales,moraesanthony@example.net,60,Ilhas Caiman,Free
2531,Helena Azevedo,piresevelyn@example.com,29,Malásia,Family
2532,Dra. Elisa da Luz,maria-luisacirino@example.net,56,Haiti,Free
2533,Maria da Paz,pedro-miguelsouza@example.net,68,Jibuti,Family
2534,Maria Flor Rezende,ecosta@example.org,24,Jan Mayen,Family
2535,Mathias Santos,gomesbianca@example.org,51,Congo-Kinshasa,Family
2536,Gustavo Henrique Rocha,bella59@example.net,27,Birmânia,Family
2537,Olivia Sales,jcaldeira@example.org,38,Bulgária,Premium
2538,Maria Sophia Fonseca,diogo77@example.com,60,Ashmore and Cartier Islands,Family
2539,Ana Cecília Fernandes,aaraujo@example.net,53,Vietnam,Free
2540,Yago Almeida,montenegroisabella@example.com,24,República Centro-Africana,Premium
2541,Theodoro Farias,oliverfarias@example.org,28,Suazilândia,Family
2542,Rhavi Machado,maria-helenanovais@example.com,63,Egito,Family
2543,Luiz Felipe da Rosa,otto31@example.com,25,França,Family
2544,Letícia Silva,joana96@example.org,68,Domínica,Premium
2545,Mariana Correia,yrezende@example.net,25,Guiana,Free
2546,Maria Julia Abreu,lfernandes@example.org,70,Estados Unidos,Free
2547,Calebe da Cruz,estherdas-neves@example.net,41,Guatemala,Family
2548,Nicolas Guerra,hadassapereira@example.org,28,Serra Leoa,Family
2549,Maitê Monteiro,gnovais@example.com,68,Guiné Equatorial,Premium
2550,Lavínia Rezende,aragaoarthur@example.org,25,Nicarágua,Free
2551,Davi Lucca Melo,oliveiraana-luiza@example.com,68,Vietnam,Family
2552,Luara Cavalcanti,isadoraduarte@example.com,67,Ilhas Caiman,Family
2553,João Gabriel Rezende,estherfarias@example.com,32,Bermudas,Family
2554,Murilo Vasconcelos,maria-laura26@example.net,33,Ilhas Turcas e Caicos,Family
2555,Dr. Pedro Miguel Souza,castrobruno@example.org,62,Benim,Free
2556,Natália Borges,da-cunhahelena@example.net,46,África do Sul,Family
2557,Marcos Vinicius Casa Grande,moreiramelissa@example.com,28,Mongólia,Premium
2558,Dra. Milena Sales,aragaoaylla@example.net,52,Quirguizistão,Free
2559,Elisa Gomes,smoraes@example.org,48,Gana,Premium
2560,Davi Miguel Ramos,ribeiromaria-sophia@example.net,25,Lituânia,Premium
2561,Antonella da Luz,allanamonteiro@example.com,45,Níger,Premium
2562,Cauã Dias,mendesheloisa@example.org,24,Hungria,Free
2563,Kaique Novaes,tvieira@example.com,32,Coral Sea Islands,Free
2564,Sra. Kamilly Silva,da-motarodrigo@example.org,28,Gabão,Premium
2565,Anthony das Neves,mariapires@example.org,19,Libéria,Family
2566,Liam Pereira,enzo42@example.net,61,Tajiquistão,Free
2567,Liam Silva,aurora14@example.org,31,Guernsey,Free
2568,Maria Sophia Fogaça,mourapedro@example.org,55,Índia,Free
2569,Juliana Costa,lunnamelo@example.com,23,Bangladesh,Family
2570,João Vitor Camargo,joaomachado@example.org,55,Chipre,Family
2571,Apollo Brito,camposarthur@example.org,33,Niue,Family
2572,Arthur Gabriel Teixeira,pimentadiogo@example.com,43,Ilhas Cook,Family
2573,Arthur Moura,monteirootto@example.com,31,Eslováquia,Family
2574,Luiz Otávio da Rocha,ferreiramarcela@example.org,29,São Marinho,Family
2575,Ísis Castro,juliana90@example.com,65,Hungria,Free
2576,Mateus Carvalho,fogacacaroline@example.com,42,Brasil,Family
2577,Guilherme Moreira,maria-laura32@example.com,56,Gana,Family
2578,Lucas Sales,ana-julia17@example.net,66,Clipperton Island,Premium
2579,Luigi Caldeira,andre79@example.org,26,Tunísia,Premium
2580,Sra. Maria Helena Fernandes,camila32@example.com,20,Jamaica,Premium
2581,Sr. Enzo Pereira,maria-fernanda01@example.org,64,Ilhas Marshall,Premium
2582,Letícia Pastor,csouza@example.org,57,Wallis e Futuna,Free
2583,Arthur Gabriel Monteiro,aparecidamaria-vitoria@example.net,70,Seicheles,Family
2584,Maitê Cardoso,alexandresiqueira@example.net,23,Países Baixos,Family
2585,Luigi Ribeiro,ribeiromanuella@example.com,27,Angola,Free
2586,Erick Cassiano,luanacarvalho@example.net,69,Burquina Faso,Free
2587,Benício Correia,cfernandes@example.com,31,Uganda,Premium
2588,Ryan da Rocha,hborges@example.net,26,Bulgária,Premium
2589,Luiz Felipe Pacheco,larissalopes@example.net,26,Iraque,Family
2590,Bryan Fernandes,leo50@example.net,20,Síria,Free
2591,Bárbara Casa Grande,juan54@example.org,22,Croácia,Family
2592,Caroline Ferreira,isis99@example.net,49,Antígua e Barbuda,Premium
2593,Maria Câmara,esilva@example.net,26,Eritreia,Premium
2594,Allana Fogaça,lucas-gabriel08@example.org,30,Vietnam,Free
2595,Maria Sophia Caldeira,lsilva@example.net,60,Sara Ocidental,Family
2596,Olivia Sousa,cleao@example.net,53,Svalbard e Jan Mayen,Premium
2597,Maitê Rodrigues,oda-luz@example.com,37,Jan Mayen,Premium
2598,Fernanda Campos,raulcosta@example.net,65,Mongólia,Premium
2599,Maria Helena Silveira,moraesnina@example.net,27,Domínica,Family
2600,Benicio Barros,daniel66@example.net,39,Togo,Premium
2601,Dr. Miguel Pacheco,gabriela37@example.net,35,Estados Unidos,Free
2602,Carlos Eduardo Garcia,barbara99@example.org,56,Angola,Premium
2603,Yago Cassiano,joao-pedro31@example.org,23,Ilhas Caiman,Premium
2604,Bianca Martins,monteirofernanda@example.net,66,Congo-Kinshasa,Family
2605,Lívia Silveira,manuela87@example.org,21,Dhekelia,Family
2606,Carolina Aragão,davi-miguelda-paz@example.net,18,Ilhas Falkland,Premium
2607,Catarina Mendes,erezende@example.net,42,Ilhas Heard e McDonald,Family
2608,Yuri Nogueira,vitor98@example.com,23,Libéria,Free
2609,Helena Vargas,pedroazevedo@example.net,33,Akrotiri,Free
2610,Antony Castro,alice49@example.net,26,Líbia,Family
2611,Leonardo Castro,qmacedo@example.com,32,Navassa Island,Premium
2612,Arthur Gabriel Gonçalves,waparecida@example.net,56,Domínica,Free
2613,Isabela Mendonça,fernandesrebeca@example.org,64,Tajiquistão,Family
2614,Caio Montenegro,matheus81@example.net,52,Tanzânia,Family
2615,Marcos Vinicius Oliveira,kmachado@example.net,31,Colômbia,Premium
2616,Anthony Andrade,portoantonella@example.com,56,Seicheles,Premium
2617,Yago Casa Grande,yanmachado@example.org,41,Eslováquia,Premium
2618,Caleb Moreira,mariahnunes@example.net,47,Jersey,Free
2619,Srta. Isabela da Luz,piresrenan@example.com,68,Brunei,Free
2620,Sra. Luísa Moura,ndas-neves@example.org,67,Ilha Wake,Family
2621,Sr. Rodrigo Vieira,pereiraluiz-otavio@example.com,53,Togo,Free
2622,Srta. Melina Azevedo,jadepeixoto@example.net,23,Brasil,Family
2623,Luna Fogaça,rmachado@example.net,42,Coreia do Norte,Family
2624,Maria Liz da Cunha,julia13@example.org,57,Malávi,Free
2625,Ana Julia Cassiano,lavinia07@example.org,63,Nauru,Family
2626,Pedro Henrique Monteiro,nogueirakevin@example.org,56,Polinésia Francesa,Free
2627,Leandro Almeida,mendesmathias@example.com,61,Quênia,Premium
2628,Vitor Hugo Nascimento,da-rosabenicio@example.net,61,Japão,Premium
2629,Giovanna Rezende,bbrito@example.org,45,Sri Lanka,Free
2630,Ana Julia da Paz,vgarcia@example.com,56,Catar,Premium
2631,Maitê Marques,garciavitor-hugo@example.net,32,São Pedro e Miquelon,Family
2632,Heloísa Abreu,nataliabarros@example.org,34,Camarões,Premium
2633,Antony Sales,jbarros@example.com,23,Ilhas Falkland,Free
2634,Dra. Vitória Camargo,goncalvesravi-lucca@example.org,36,Ashmore and Cartier Islands,Family
2635,Sr. Vitor Gabriel Castro,rafaelsiqueira@example.org,22,Guatemala,Premium
2636,Mariana Abreu,yda-conceicao@example.com,56,Nigéria,Family
2637,Gael Henrique Almeida,nrios@example.org,47,Seicheles,Free
2638,Pietro da Rosa,ferreiraana@example.org,69,Cuba,Free
2639,Vinícius Mendes,diegomarques@example.org,20,Usbequistão,Premium
2640,Caroline Novais,yasmin83@example.net,24,Cuba,Premium
2641,Sra. Ana Julia Fonseca,moraesjoao-pedro@example.com,33,Grécia,Free
2642,Maya Gomes,tda-cunha@example.com,43,Botsuana,Family
2643,Anthony da Rosa,tsouza@example.com,53,Azerbaijão,Family
2644,Sr. Lucas Pereira,lopesbenicio@example.net,69,Bósnia e Herzegovina,Premium
2645,Stella Cirino,joao-gabriel09@example.net,66,Porto Rico,Family
2646,Isabelly Borges,dnunes@example.com,49,Maurícia,Premium
2647,Lucca da Rosa,claricerezende@example.net,33,Israel,Premium
2648,Dom Campos,viniciusda-mata@example.net,59,Estados Unidos,Premium
2649,Srta. Daniela Sales,ana-lizfarias@example.org,50,Grécia,Premium
2650,Alexia Jesus,saraujo@example.com,31,Sudão,Family
2651,Noah Correia,rezendeyago@example.org,29,Suíça,Free
2652,Bryan da Rocha,inogueira@example.com,36,Bolívia,Premium
2653,Noah Guerra,eduarda27@example.com,26,Polônia,Premium
2654,Luana Barros,yanaragao@example.net,20,República Checa,Free
2655,Léo das Neves,azevedocamila@example.net,24,Brunei,Premium
2656,Melissa Barbosa,ycavalcanti@example.org,52,Austrália,Free
2657,Ana Júlia Aparecida,rochabreno@example.net,55,Hungria,Family
2658,Gael Henrique Albuquerque,ravy20@example.net,69,Usbequistão,Free
2659,Apollo da Paz,fernanda77@example.net,27,Faroé,Free
2660,Luara Peixoto,melissaaparecida@example.org,34,Madagascar,Premium
2661,Lorena Freitas,ycasa-grande@example.com,53,Togo,Family
2662,Rhavi da Costa,vvargas@example.org,70,Guiné,Premium
2663,Alícia Siqueira,pintoayla@example.org,60,Salvador,Family
2664,Dra. Heloísa Azevedo,lopespedro@example.org,70,Sara Ocidental,Family
2665,Luara Montenegro,vicenteribeiro@example.org,31,Áustria,Family
2666,Dr. Augusto Costela,novaeslavinia@example.net,19,Domínica,Premium
2667,José Pedro Ribeiro,ianvasconcelos@example.org,64,Laos,Free
2668,Jade Sampaio,gustavo-henrique73@example.net,26,Sara Ocidental,Free
2669,Sra. Ísis Nogueira,liz32@example.org,64,Ilha do Natal,Premium
2670,Bella Oliveira,ecostela@example.net,20,Samoa,Free
2671,Joana Marques,rpinto@example.com,26,Vietnam,Premium
2672,Lucas Mendonça,da-motaluiz-otavio@example.com,39,Jamaica,Family
2673,Anna Liz Farias,ualbuquerque@example.net,65,Costa do Marfim,Free
2674,Davi Lucca Casa Grande,sophie08@example.org,46,Zâmbia,Family
2675,Dr. Eduardo Moreira,aalves@example.org,49,Canadá,Premium
2676,Kamilly Duarte,souzaantonella@example.org,39,Itália,Free
2677,Heitor da Paz,xaragao@example.com,47,Território Britânico do Oceano Índico,Free
2678,Bryan Mendonça,dvargas@example.org,49,Botsuana,Family
2679,Jade Montenegro,pmendonca@example.com,66,Dinamarca,Premium
2680,Otto Macedo,iduarte@example.net,63,Noruega,Premium
2681,Yuri Novais,tfonseca@example.net,36,Jan Mayen,Premium
2682,Benicio Montenegro,diasian@example.com,62,Ilhas Caiman,Family
2683,Rhavi Ferreira,eda-cunha@example.org,61,Zimbábue,Premium
2684,Benício Albuquerque,helena15@example.org,66,Nauru,Family
2685,Zoe Cavalcanti,gael95@example.org,49,Marrocos,Free
2686,Sra. Agatha Cunha,anovais@example.net,23,Ilha Norfolk,Premium
2687,Sra. Maria Machado,brayan83@example.org,32,Peru,Family
2688,Diogo Vieira,isabelborges@example.com,42,Montenegro,Family
2689,Sr. Léo Moreira,nmarques@example.com,69,Costa do Marfim,Free
2690,Dr. Gustavo Henrique Santos,costelamiguel@example.org,64,Ruanda,Free
2691,Bárbara Rodrigues,antony80@example.net,24,Tanzânia,Family
2692,Yan Machado,emanuellyalbuquerque@example.com,57,Ilha Bouvet,Free
2693,Valentina Pimenta,ecavalcante@example.com,62,Vietnam,Free
2694,Vinicius Lima,ana-luizaalves@example.com,30,Niue,Free
2695,Srta. Maria Sophia Barbosa,maria-isis79@example.com,46,Ilha Bouvet,Free
2696,Aylla Rodrigues,luna70@example.com,42,Austrália,Premium
2697,João Guilherme Rocha,dante16@example.com,64,Austrália,Family
2698,Marcos Vinicius Correia,rodrigo69@example.net,18,Ilhas Virgens Americanas,Family
2699,Eduarda Vasconcelos,isabela73@example.net,28,Zâmbia,Premium
2700,Maria Luiza Rios,msiqueira@example.net,46,Lesoto,Free
2701,João Felipe Alves,novaesana-sophia@example.org,35,Iran,Free
2702,Dra. Ana Cecília Nascimento,maparecida@example.net,36,Espanha,Free
2703,Julia Machado,maria-eduardafogaca@example.com,65,Coreia do Norte,Family
2704,Ana Sophia Silveira,dvasconcelos@example.org,41,Israel,Premium
2705,Ravi Costa,jabreu@example.org,54,Chipre,Free
2706,Cauê da Mata,nda-cruz@example.net,41,República Checa,Premium
2707,Alana das Neves,augustocavalcanti@example.org,43,Haiti,Premium
2708,Maria Laura Pereira,maite33@example.net,49,Indonésia,Family
2709,Ana Vitória Novais,rodrigueslorenzo@example.net,36,Líbano,Free
2710,Dr. Joaquim Costa,eduardacamara@example.com,27,Gana,Premium
2711,Diogo Nunes,freitasyago@example.com,53,Nicarágua,Free
2712,Sra. Rebeca Ferreira,abreuravi@example.com,26,Roménia,Premium
2713,Luiz Felipe Caldeira,bruno35@example.org,29,Maurícia,Free
2714,Vitória Pastor,vasconcelosalexandre@example.com,24,Coreia do Sul,Free
2715,Gael Abreu,vsantos@example.com,40,Ilhas dos Cocos,Family
2716,Isaque Fonseca,cirinoleonardo@example.org,51,Nepal,Free
2717,Maria Alice Gonçalves,sousazoe@example.net,41,Alemanha,Family
2718,João Guilherme Duarte,oliveiramilena@example.org,46,Namíbia,Free
2719,Júlia Câmara,marquesvalentim@example.com,18,Seicheles,Family
2720,Rhavi Porto,liamalmeida@example.com,61,Akrotiri,Free
2721,Ana Luiza Aparecida,raelmoura@example.net,67,Turquia,Premium
2722,Marina Leão,andrademaria-isis@example.net,46,Tonga,Free
2723,Sofia Sampaio,francisco17@example.net,37,Porto Rico,Premium
2724,Srta. Lorena Sampaio,sophie87@example.com,50,Tuvalu,Family
2725,Sra. Evelyn Moraes,eduardada-mota@example.net,39,Jersey,Premium
2726,Lívia Lima,qvasconcelos@example.org,60,São Tomé e Príncipe,Free
2727,Apollo Albuquerque,ada-cunha@example.net,53,Andorra,Free
2728,Melissa Borges,dom37@example.org,41,Cuba,Family
2729,Ana Beatriz Rocha,klopes@example.net,53,Salvador,Premium
2730,Pietra Gonçalves,beatriz40@example.org,50,Camarões,Family
2731,Dra. Milena Novaes,joao-felipe74@example.net,19,Palau,Premium
2732,Ana Carolina Teixeira,vieiramaria-luisa@example.com,58,Bélgica,Free
2733,Natália Ribeiro,egoncalves@example.org,26,Croácia,Free
2734,Srta. Hadassa Montenegro,arthur-gabrielporto@example.org,69,China,Free
2735,Alexandre Aragão,daniel31@example.net,58,Ilhas Cook,Free
2736,Marina Nogueira,upeixoto@example.com,59,Granada,Family
2737,Marcelo Monteiro,lucasalbuquerque@example.net,58,Akrotiri,Free
2738,Sr. Otávio Caldeira,antonellada-rocha@example.net,49,Zimbábue,Family
2739,Daniel Moreira,riosisaac@example.com,21,República Dominicana,Free
2740,Mateus Ribeiro,lucca37@example.net,29,Santa Helena,Free
2741,Allana Viana,marianegarcia@example.org,52,Croácia,Premium
2742,Emilly Guerra,marianafarias@example.org,22,Eslovênia,Free
2743,Ana Liz Souza,rochaalexia@example.com,24,Geórgia do Sul e Sandwich do Sul,Family
2744,Maria Eduarda Albuquerque,apolloda-rocha@example.com,50,Estados Unidos,Free
2745,Erick Brito,cfonseca@example.net,64,Etiópia,Premium
2746,Rodrigo Peixoto,epereira@example.com,41,Mauritânia,Free
2747,Augusto Alves,luiz-otavio50@example.net,18,Rússia,Free
2748,Sophie Araújo,otavio94@example.org,21,Birmânia,Premium
2749,Sophie Leão,riosfernando@example.com,33,Dhekelia,Premium
2750,Eduardo Pacheco,da-costacalebe@example.com,40,Usbequistão,Free
2751,Hellena Gonçalves,helena17@example.net,62,Hong Kong,Family
2752,Gustavo Henrique Gomes,carlos-eduardo40@example.net,40,Antígua e Barbuda,Premium
2753,Carlos Eduardo Ribeiro,brenoandrade@example.org,22,República Dominicana,Premium
2754,Alícia da Rosa,zoerezende@example.net,51,Ilhas Heard e McDonald,Free
2755,Dr. João Pedro Santos,rochaantony@example.org,35,Portugal,Family
2756,Sr. Davi Luiz da Conceição,ravyporto@example.net,44,São Tomé e Príncipe,Premium
2757,Sra. Maria Laura Macedo,sabrina62@example.org,51,Coreia do Norte,Premium
2758,João Gabriel Montenegro,mirella72@example.org,64,Camboja,Free
2759,Lorena Castro,joao-miguel13@example.org,55,Macau,Family
2760,Amanda Melo,raulpeixoto@example.com,49,Turquemenistão,Premium
2761,Davi Lucca Machado,lorena22@example.org,54,Etiópia,Free
2762,Vicente Leão,camargoguilherme@example.org,53,Costa Rica,Premium
2763,Marcos Vinicius Pastor,pedrosiqueira@example.com,19,Congo-Brazzaville,Premium
2764,Sra. Ísis Freitas,da-cunhamaria-liz@example.com,69,Uganda,Premium
2765,Dr. Davi Miguel Siqueira,lmachado@example.org,57,Argentina,Premium
2766,Amanda Caldeira,caroline01@example.org,31,Coreia do Norte,Family
2767,Sra. Mariah Cardoso,alvesnina@example.com,29,Antilhas Holandesas,Premium
2768,Isabella Borges,brenda24@example.com,67,Ilhas Turcas e Caicos,Premium
2769,Enrico Casa Grande,isabellaborges@example.net,22,Gâmbia,Free
2770,Igor Pinto,vvieira@example.org,31,Ilhas Virgens Britânicas,Family
2771,Pedro Miguel Sampaio,duartecaio@example.net,40,Indonésia,Free
2772,Agatha Sales,noah39@example.net,60,Quênia,Free
2773,Dr. João Pedro Alves,emanuella95@example.com,67,Índia,Free
2774,Sr. Heitor Cavalcanti,emilly72@example.com,21,Território Britânico do Oceano Índico,Family
2775,Sra. Maria Cecília Pinto,costamaria-laura@example.net,52,Bangladesh,Free
2776,Dr. João Vitor Vasconcelos,biancarocha@example.com,46,São Tomé e Príncipe,Free
2777,Sarah Vasconcelos,maria-florgarcia@example.net,26,Chile,Premium
2778,Pietra Martins,cirinohenrique@example.net,53,Madagascar,Premium
2779,Eduardo Vargas,antonella41@example.net,32,Guiné,Free
2780,Enzo Gabriel Cunha,guilhermearaujo@example.net,57,Vietnam,Premium
2781,Clarice Fernandes,rcaldeira@example.org,21,Macedônia do Norte,Family
2782,Thales Sales,calmeida@example.net,23,China,Free
2783,Sra. Zoe Mendes,benjaminda-cruz@example.net,59,Paquistão,Free
2784,Maria Vitória Cunha,viniciuscostela@example.com,42,Uruguai,Free
2785,Thomas da Conceição,milena78@example.org,50,Costa Rica,Family
2786,Benjamin Moura,vvieira@example.com,39,Sérvia,Family
2787,Josué Silveira,monteiroheloisa@example.com,32,Benim,Family
2788,Nathan Campos,wsa@example.net,53,Bolívia,Family
2789,Sr. Lucas Gabriel Gomes,henry54@example.com,43,Noruega,Family
2790,Sr. Luigi Dias,antonio83@example.net,44,Equador,Premium
2791,Noah Albuquerque,ycasa-grande@example.com,50,Moldávia,Premium
2792,Dra. Ana Beatriz Rezende,hsiqueira@example.net,35,Congo-Kinshasa,Premium
2793,Leandro Dias,sabrina61@example.net,24,Quênia,Premium
2794,Henry Lopes,ana-cecilia45@example.org,21,Camarões,Free
2795,Antonella Silveira,inascimento@example.com,29,Santa Helena,Free
2796,Lara Cavalcante,cunhaeduarda@example.org,66,Andorra,Free
2797,Pedro Miguel Borges,tnogueira@example.org,47,Angola,Family
2798,Apollo Cardoso,xgarcia@example.com,64,Cuba,Premium
2799,Sra. Mariane da Costa,brunada-cunha@example.net,28,Samoa Americana,Family
2800,Isadora da Conceição,montenegrofernando@example.net,61,Ucrânia,Free
2801,Marcelo Pinto,juliajesus@example.net,53,Guernsey,Premium
2802,Sarah da Rocha,aylanunes@example.org,36,Quirguizistão,Family
2803,Maria Eduarda Sales,pereiraclara@example.org,70,Malta,Family
2804,Esther Cunha,bbrito@example.org,41,Antilhas Holandesas,Premium
2805,Vitor Gabriel da Luz,lopeslavinia@example.org,31,Haiti,Family
2806,Ryan Sales,wcamara@example.org,63,Jan Mayen,Premium
2807,Rebeca da Luz,qcassiano@example.org,56,Líbia,Family
2808,Sra. Maria Luísa Moraes,enzo-gabrielpereira@example.com,55,Ashmore and Cartier Islands,Premium
2809,Rafael Camargo,acassiano@example.com,45,Cabo Verde,Family
2810,Lorenzo Borges,daniel54@example.net,41,Samoa Americana,Premium
2811,Giovanna Duarte,jademartins@example.com,43,Lesoto,Premium
2812,Clara Ramos,gael-henriquemonteiro@example.com,42,Níger,Premium
2813,Augusto Teixeira,hrodrigues@example.net,63,Ilhas Virgens Britânicas,Free
2814,Carolina Sá,caleb73@example.net,46,Colômbia,Premium
2815,Juan Almeida,mcamara@example.org,53,Índia,Family
2816,Bianca Lopes,maria-vitoria20@example.net,68,Usbequistão,Family
2817,Marina da Conceição,isaac46@example.com,27,Líbia,Family
2818,Ana Laura da Conceição,garciasarah@example.org,23,Ucrânia,Family
2819,Fernanda da Luz,oliveiracecilia@example.com,36,Roménia,Premium
2820,Levi Farias,xrios@example.com,42,Malávi,Free
2821,Luísa Gomes,ana-lizlima@example.com,34,Egito,Premium
2822,Diego Rios,claraalmeida@example.net,52,Haiti,Free
2823,Dra. Melina Vasconcelos,goncalvessabrina@example.com,62,Guiana,Free
2824,Ana Beatriz Caldeira,yurimonteiro@example.com,40,Quirguizistão,Free
2825,Gael Henrique Cassiano,brayan89@example.org,30,Mali,Premium
2826,Vinícius Vargas,ana-carolina00@example.com,50,Macau,Family
2827,Mariane da Cunha,sarahgoncalves@example.net,18,África do Sul,Family
2828,Ana Julia Freitas,marianesales@example.org,62,Austrália,Premium
2829,Yago Borges,ana33@example.net,59,Antilhas Holandesas,Family
2830,Ravy Alves,caldeiraenzo-gabriel@example.com,19,Egito,Family
2831,Pietro Nogueira,larissa00@example.net,47,Iraque,Premium
2832,Matteo Andrade,machadoclara@example.net,44,Afeganistão,Free
2833,Luiz Miguel Moura,maria-vitoria06@example.net,50,Dhekelia,Family
2834,Maria Laura Gonçalves,emanuel92@example.com,33,Luxemburgo,Premium
2835,Ana Cecília Lima,luiz-gustavomarques@example.com,33,Porto Rico,Free
2836,Cauã Araújo,siqueiraluiz-miguel@example.com,63,Antígua e Barbuda,Family
2837,Gael Siqueira,barbosabreno@example.net,31,Jan Mayen,Free
2838,Catarina Cardoso,nogueirahelena@example.net,29,Iêmen,Premium
2839,Thomas Camargo,rda-mota@example.com,60,Kuwait,Family
2840,Daniel Moraes,calebe25@example.com,47,Cazaquistão,Free
2841,Brenda da Mota,da-cunhamaria-laura@example.com,38,Turquemenistão,Free
2842,Lívia Pereira,aragaoluigi@example.net,18,Trindade e Tobago,Premium
2843,Maria Eduarda da Costa,smonteiro@example.org,45,Zâmbia,Family
2844,Olivia Gonçalves,luiz-felipepastor@example.com,38,Albânia,Free
2845,Antony Mendonça,santosandre@example.net,27,Polônia,Free
2846,Luigi Teixeira,alananunes@example.com,40,Nova Zelândia,Free
2847,Davi Lucca Siqueira,macedoaurora@example.net,35,Roménia,Free
2848,Matheus Montenegro,viniciusteixeira@example.net,66,Guam,Premium
2849,Leandro Abreu,lorena71@example.com,57,México,Family
2850,Bárbara das Neves,isabelaalves@example.com,19,Afeganistão,Family
2851,Dra. Luna Teixeira,portoenzo-gabriel@example.com,56,Iran,Free
2852,Pietro Gonçalves,iguerra@example.com,70,Eslovênia,Free
2853,Davi da Luz,matteo16@example.net,42,Eritreia,Family
2854,Sr. Enzo Gabriel Vargas,pedro-miguel12@example.org,43,Paraguai,Free
2855,Brayan Sales,osa@example.net,31,Cuba,Premium
2856,Luiz Otávio Dias,cunhaisaque@example.net,43,Irlanda,Family
2857,Luiz Fernando Pereira,ryan61@example.com,51,Alemanha,Premium
2858,Sra. Heloisa Duarte,igorlopes@example.org,54,Ilhas dos Cocos,Family
2859,Eloá Sampaio,zbarros@example.net,31,Antígua e Barbuda,Free
2860,Théo Peixoto,raelvargas@example.com,66,Filipinas,Premium
2861,Maria Júlia Vargas,ocamargo@example.net,35,Mauritânia,Free
2862,Erick da Rocha,ana-sophiada-conceicao@example.net,57,Benim,Premium
2863,Sra. Ana Júlia Teixeira,andrademilena@example.org,23,Mali,Family
2864,José Cassiano,ana-sophia12@example.org,67,Ilha Norfolk,Premium
2865,José Vieira,guilhermeaparecida@example.net,21,Iraque,Premium
2866,Sra. Sarah Nunes,lucas-gabriel23@example.net,23,Peru,Family
2867,Sr. Lorenzo Teixeira,xsilveira@example.net,35,Armênia,Family
2868,Gustavo Henrique Cavalcante,ramosisadora@example.net,27,Costa Rica,Premium
2869,Juliana Campos,vargasana-livia@example.org,35,Domínica,Family
2870,João Gabriel Caldeira,sampaiojoao-guilherme@example.org,36,Líbia,Family
2871,Rodrigo da Conceição,correiamaya@example.org,52,Andorra,Free
2872,Srta. Olívia Alves,fernanda54@example.com,39,Taiwan,Premium
2873,Renan Ramos,luara62@example.org,50,Bermudas,Family
2874,Alexandre Cardoso,joaorodrigues@example.net,65,Marrocos,Premium
2875,Bruna Viana,wcassiano@example.org,31,Malásia,Family
2876,Dr. Cauê Vargas,ypires@example.net,50,Tajiquistão,Family
2877,Allana Jesus,matteo19@example.org,56,Nova Caledónia,Free
2878,Arthur Alves,cunhavitor-hugo@example.net,32,Aruba,Family
2879,Catarina Martins,ana-cecilianogueira@example.org,62,Paquistão,Premium
2880,Dr. Léo Barbosa,felipemoreira@example.com,34,Camboja,Family
2881,Liam Nogueira,heloisa04@example.com,47,Madagascar,Premium
2882,Maria Liz Novais,zsales@example.org,61,Vanuatu,Premium
2883,Sophia Nogueira,fmacedo@example.net,48,São Tomé e Príncipe,Free
2884,Henry Gabriel Costa,kaique06@example.net,19,Mauritânia,Free
2885,Davi Luiz da Rocha,theodoroda-rosa@example.com,47,Turquia,Free
2886,Luigi da Cunha,dcostela@example.net,69,Porto Rico,Premium
2887,Benício Guerra,kevinda-rocha@example.com,45,Ilha Bouvet,Free
2888,Dr. Levi Albuquerque,maya85@example.com,66,Faroé,Premium
2889,Ágatha da Mota,nascimentolivia@example.com,36,Argentina,Family
2890,Pietro das Neves,limaana-laura@example.net,55,Granada,Free
2891,Dr. Felipe Brito,rteixeira@example.org,53,Nova Caledónia,Premium
2892,Yan Pereira,agathaoliveira@example.com,69,Ilhas dos Cocos,Family
2893,Paulo da Rocha,melinagomes@example.org,28,Togo,Premium
2894,Pietro Rezende,britojoao-pedro@example.org,46,Ilha Norfolk,Free
2895,Pedro Araújo,gborges@example.net,40,Zimbábue,Free
2896,Mariah Silveira,ygoncalves@example.org,21,Hungria,Family
2897,Sr. João Gabriel Duarte,lorena47@example.com,18,Índia,Free
2898,Beatriz Barros,jda-luz@example.net,21,Espanha,Free
2899,Matteo Novais,portovalentim@example.org,30,Gâmbia,Premium
2900,João Miguel Araújo,isabella95@example.com,34,Seicheles,Free
2901,Ravi Pimenta,maria-laurada-rosa@example.org,20,Niue,Free
2902,Gael Guerra,pietracavalcanti@example.com,62,São Pedro e Miquelon,Free
2903,Murilo Mendes,igorsampaio@example.net,69,Zimbábue,Family
2904,Yuri Oliveira,marcos-viniciuscirino@example.net,48,Santa Helena,Free
2905,João Lucas Mendonça,alanagoncalves@example.net,50,Tonga,Free
2906,Eloá Pastor,olivermontenegro@example.net,58,Salvador,Premium
2907,Bryan Cirino,yagoporto@example.net,37,Gibraltar,Family
2908,Nathan Moraes,alvesana-sophia@example.org,64,Nigéria,Free
2909,Rafael Vargas,maria-alice22@example.com,59,Ilhas Marshall,Family
2910,Stephany Mendonça,isaacnovaes@example.com,22,Hong Kong,Family
2911,Benício Lopes,zporto@example.com,68,Andorra,Free
2912,Kaique Mendes,jsales@example.com,48,Svalbard e Jan Mayen,Family
2913,Isabela Marques,ferreiragiovanna@example.org,44,Coreia do Norte,Family
2914,Henrique Farias,klopes@example.net,57,Albânia,Premium
2915,Ana Luiza Cirino,almeidaisabela@example.org,68,Namíbia,Premium
2916,Sra. Antonella Monteiro,stella92@example.com,30,Geórgia,Premium
2917,Luiz Felipe Araújo,gomesvinicius@example.org,41,Nova Zelândia,Premium
2918,Danilo da Paz,brendamachado@example.org,53,São Marinho,Family
2919,Sr. Davi Miguel Aparecida,diegoduarte@example.net,70,Timor Leste,Family
2920,Evelyn Correia,melissarezende@example.org,37,África do Sul,Family
2921,Dra. Eloá da Rosa,hmoura@example.org,56,Haiti,Premium
2922,Ana Luiza Lima,ncampos@example.org,33,Líbano,Family
2923,Erick Cirino,nicolas00@example.net,65,Tokelau,Premium
2924,Asafe Cirino,luccacosta@example.net,29,Tuvalu,Premium
2925,Letícia Moura,sampaiomarcos-vinicius@example.net,46,Senegal,Premium
2926,Heloisa Moraes,monteironathan@example.com,43,Birmânia,Family
2927,Davi Pimenta,igor26@example.net,45,Salvador,Premium
2928,Ana Beatriz Fogaça,tcosta@example.net,69,Vietnam,Premium
2929,Stella Novais,mendesdavi@example.org,58,Eslovênia,Free
2930,Paulo Rezende,almeidavinicius@example.com,50,Síria,Free
2931,Sofia Rodrigues,melojoao-guilherme@example.org,51,Arábia Saudita,Premium
2932,Nina Costela,ribeirocecilia@example.net,58,Panamá,Premium
2933,Maria Clara Câmara,da-conceicaoclara@example.com,48,Japão,Premium
2934,Rhavi Oliveira,fernanda00@example.com,62,Monserrate,Family
2935,Beatriz Moura,nascimentoluana@example.com,70,Samoa,Premium
2936,Maria Laura Barros,aragaojosue@example.com,54,Niue,Free
2937,Benício Cassiano,zpimenta@example.com,31,Israel,Premium
2938,Diogo da Mota,davi-lucas60@example.net,45,Nigéria,Family
2939,Ana Julia Novais,bentosiqueira@example.com,59,Afeganistão,Free
2940,Sr. Benicio da Mota,tda-cruz@example.net,62,Cuba,Family
2941,Elisa da Cunha,anna-lizramos@example.org,70,Barein,Free
2942,Manuella Camargo,yan05@example.com,47,Nova Caledónia,Family
2943,Juliana Rocha,rrios@example.com,56,Santa Helena,Family
2944,Ana Sophia Lima,pcamargo@example.net,49,Ilhas Falkland,Free
2945,Daniela Nogueira,enzocardoso@example.net,37,Libéria,Family
2946,Ana Laura Fernandes,vvargas@example.org,36,Quiribáti,Free
2947,Brenda Sampaio,joao-lucas36@example.net,47,Hong Kong,Free
2948,Isabelly Camargo,ugoncalves@example.org,49,Jordânia,Family
2949,Samuel Montenegro,saragao@example.com,23,Dinamarca,Free
2950,Gustavo Henrique Costa,fariasliz@example.org,26,Somália,Premium
2951,Maria Luiza Barros,ymacedo@example.org,64,Camboja,Family
2952,Alexandre da Rosa,moraesdiogo@example.net,19,Líbano,Premium
2953,Sr. João Guilherme Abreu,leandrocavalcanti@example.org,35,Dinamarca,Free
2954,Rhavi Rocha,candrade@example.net,62,Ucrânia,Premium
2955,Davi Luiz Carvalho,allana27@example.org,35,Mayotte,Premium
2956,Luiz Felipe Pires,caparecida@example.com,63,Guiné,Family
2957,Dr. Nathan Brito,mariafonseca@example.net,37,Macau,Premium
2958,Sr. Anthony Costa,lunnamoraes@example.net,50,Botsuana,Premium
2959,Letícia Gomes,urocha@example.org,22,Arábia Saudita,Family
2960,Maria Flor Nascimento,saotto@example.net,21,Congo-Kinshasa,Family
2961,Eduardo Rezende,slopes@example.org,49,São Cristóvão e Neves,Premium
2962,Fernando da Costa,pereirabrenda@example.org,25,Taiwan,Free
2963,Maya Mendes,marianadias@example.com,34,Macau,Free
2964,Miguel da Paz,ipereira@example.com,42,Somália,Family
2965,Heloísa da Rosa,xcostela@example.com,56,Botsuana,Free
2966,Juan Rocha,juan36@example.com,28,Eritreia,Premium
2967,Valentina Moraes,luiz-fernandosiqueira@example.org,36,Mongólia,Premium
2968,Theo Mendonça,pintorebeca@example.org,63,Camarões,Free
2969,Luiz Fernando Viana,luansiqueira@example.net,57,Itália,Premium
2970,Dr. Davi Lucas Gonçalves,aragaobryan@example.com,68,Costa do Marfim,Family
2971,Agatha Santos,lpeixoto@example.net,50,Brunei,Premium
2972,Cecilia Abreu,danteferreira@example.com,38,Samoa Americana,Family
2973,Anthony Castro,bpires@example.org,45,Chade,Premium
2974,João Lucas Pinto,maria-sophiada-cunha@example.org,18,China,Free
2975,Raquel Ramos,scamargo@example.com,57,China,Free
2976,Sra. Maria Luísa Porto,beniciocavalcante@example.org,23,Macau,Free
2977,Ravi Lucca Costela,leaoana-beatriz@example.org,28,Nigéria,Premium
2978,Evelyn Aparecida,mariana48@example.org,66,Malásia,Free
2979,Dra. Ana Luiza Peixoto,pcampos@example.org,35,Hong Kong,Premium
2980,Alexia Ribeiro,kpeixoto@example.org,70,Ilhas Marshall,Free
2981,Heitor Pereira,ana-sophiacaldeira@example.org,60,São Tomé e Príncipe,Family
2982,Ágatha Teixeira,caueteixeira@example.org,46,Reino Unido,Family
2983,João Lucas Cardoso,joao-felipeda-conceicao@example.net,63,Croácia,Premium
2984,Samuel Ramos,cecilia33@example.org,25,Panamá,Premium
2985,Marcela Dias,camargoleticia@example.org,41,Samoa Americana,Premium
2986,Vicente Machado,macedonina@example.com,59,Coreia do Norte,Premium
2987,Sophie Lopes,hcaldeira@example.com,45,Suazilândia,Free
2988,Maria Luísa Alves,valentina53@example.com,68,Estônia,Premium
2989,Rebeca Fonseca,ramosbrayan@example.com,46,Argentina,Premium
2990,Dr. Vicente Castro,ufreitas@example.com,21,Costa do Marfim,Family
2991,Erick Rios,henry52@example.com,18,Bósnia e Herzegovina,Family
2992,Valentina Correia,elisa75@example.org,48,Comores,Family
2993,Maria Julia Carvalho,mourarodrigo@example.net,41,Ashmore and Cartier Islands,Family
2994,Alícia Lima,maria-luisa69@example.com,60,Tokelau,Free
2995,Ísis Ferreira,qsampaio@example.net,29,Luxemburgo,Premium
2996,Carolina Barbosa,souzaluara@example.org,28,Guam,Premium
2997,Giovanna Pires,agathacastro@example.org,67,Panamá,Family
2998,Benicio Teixeira,alicesouza@example.com,53,Ilhas Salomão,Family
2999,Breno Gonçalves,nascimentorenan@example.com,46,Islândia,Family
3000,Gael Cavalcante,avargas@example.org,33,Líbano,Free
3001,Elisa Castro,mathias07@example.org,47,Dinamarca,Family
3002,Heloísa Camargo,vitor-gabrielsales@example.org,25,Bósnia e Herzegovina,Free
3003,Maria Júlia Pinto,cavalcantemaria-liz@example.com,39,Libéria,Free
3004,Sra. Emanuella Sá,nicole49@example.org,49,Butão,Premium
3005,Srta. Maria Júlia Lopes,lucas-gabriel27@example.com,58,Serra Leoa,Family
3006,Lívia Martins,speixoto@example.org,48,Polinésia Francesa,Free
3007,João Felipe Abreu,almeidagabriel@example.net,55,Tonga,Family
3008,Dr. Vicente Viana,yagopires@example.com,61,Ilhas dos Cocos,Free
3009,Josué Souza,borgesanthony@example.com,70,Uruguai,Premium
3010,Gael Henrique Souza,theofonseca@example.org,58,Navassa Island,Premium
3011,Maria Liz Aragão,ian55@example.org,32,Tailândia,Premium
3012,Maria Flor Dias,ofernandes@example.com,61,Iran,Free
3013,Aurora Novaes,hpires@example.net,34,Togo,Family
3014,Dra. Aylla Martins,isabella26@example.com,60,Malásia,Free
3015,Antônio da Cruz,gabrielly18@example.org,63,Japão,Free
3016,Aurora Nogueira,juan85@example.net,57,Costa do Marfim,Premium
3017,Maitê Pacheco,diogovargas@example.com,24,Mongólia,Free
3018,Sr. Arthur Gabriel Novaes,vianaarthur@example.com,52,França,Premium
3019,Srta. Ana Julia Farias,yasmin30@example.org,63,Gâmbia,Free
3020,Allana Vargas,fernandaandrade@example.org,28,Domínica,Free
3021,Dr. Bento Jesus,qfernandes@example.com,29,Senegal,Premium
3022,Fernanda Castro,liam15@example.org,43,Sri Lanka,Free
3023,Catarina Correia,rdas-neves@example.net,25,Monserrate,Premium
3024,Cecília Fogaça,lucca10@example.org,23,Jordânia,Family
3025,Ana Lívia Martins,ecirino@example.net,49,Macedônia do Norte,Free
3026,Stephany Camargo,bduarte@example.org,63,Eritreia,Free
3027,Ayla Caldeira,raullima@example.net,48,Áustria,Free
3028,Lucas Gabriel Albuquerque,luigi16@example.net,45,Andorra,Family
3029,Isaque Fogaça,das-nevesbella@example.com,33,São Tomé e Príncipe,Premium
3030,Ana Carolina Camargo,davi-lucas47@example.net,45,Antilhas Holandesas,Free
3031,Liz Brito,yteixeira@example.org,50,Ilhas Cook,Free
3032,Sr. Matteo Fogaça,gabrielly10@example.com,26,Sérvia,Family
3033,Rafael Souza,peixotoyan@example.com,30,Benim,Family
3034,Gustavo Pinto,araujomanuella@example.org,61,Papua-Nova Guiné,Free
3035,Maria Alice da Mata,beatriz39@example.com,49,Zâmbia,Premium
3036,Dr. Breno Viana,dsouza@example.com,70,Anguila,Free
3037,Bella Cavalcante,bda-luz@example.com,65,Congo-Brazzaville,Family
3038,Sophie Ramos,rezendemiguel@example.net,64,Lituânia,Family
3039,Helena Viana,lucas26@example.org,34,Filipinas,Free
3040,Sophia Cirino,stephany42@example.org,36,Ilhas Caiman,Premium
3041,Guilherme Câmara,yurisilveira@example.net,57,Quirguizistão,Free
3042,Luiz Felipe da Paz,qabreu@example.com,21,Malta,Family
3043,Lorena Novaes,raquelabreu@example.org,48,Guam,Family
3044,Sra. Maria Eduarda Ribeiro,joao-vitor37@example.net,69,Turquemenistão,Premium
3045,Joana Rodrigues,mariasales@example.net,58,Granada,Premium
3046,Heloisa Moura,carolinacorreia@example.org,38,Ilhas Caiman,Premium
3047,Maria Luiza Camargo,sofiarocha@example.net,49,Comores,Family
3048,Dra. Clarice Pinto,orocha@example.com,28,Guernsey,Premium
3049,Srta. Mirella Cardoso,casa-grandebenicio@example.org,36,Jordânia,Free
3050,Lívia Azevedo,leonardoteixeira@example.net,43,Trindade e Tobago,Premium
3051,Srta. Vitória Caldeira,portoisabela@example.com,51,Nepal,Premium
3052,Breno Gomes,sophialima@example.com,62,Costa Rica,Family
3053,Maria Vitória Pereira,gustavo-henriqueguerra@example.net,38,Ilhas Marshall,Premium
3054,Stephany Rodrigues,cecilia81@example.com,56,Svalbard e Jan Mayen,Free
3055,Lucca Oliveira,wrios@example.org,62,República Centro-Africana,Premium
3056,Ísis Pereira,arthur-gabrielcamara@example.org,39,Ruanda,Premium
3057,Clara Carvalho,ecirino@example.com,52,Ilhas Salomão,Premium
3058,Isabel Porto,wdas-neves@example.com,56,Panamá,Premium
3059,Maria Sophia Araújo,qlopes@example.org,53,Espanha,Premium
3060,Thiago Andrade,camposjoao-felipe@example.net,35,República Centro-Africana,Premium
3061,Murilo Azevedo,silveiraguilherme@example.com,57,Vietnam,Free
3062,Luísa Azevedo,nogueiramariane@example.org,32,Croácia,Family
3063,Otávio Dias,esousa@example.com,56,Maurícia,Premium
3064,Ryan Moraes,esthergoncalves@example.com,48,Arábia Saudita,Family
3065,Dr. Vitor Hugo Ribeiro,raelribeiro@example.com,61,Iran,Free
3066,Ian Pastor,bernardo21@example.com,52,Turquia,Free
3067,João Vitor da Mata,fariasjoao-guilherme@example.org,23,Islândia,Premium
3068,Maria Vitória Ferreira,enzo-gabrielnogueira@example.com,29,Mônaco,Free
3069,Sophie Martins,luigilopes@example.net,48,Andorra,Premium
3070,Vitor Marques,yago19@example.org,43,Estados Unidos,Family
3071,Lavínia Cavalcante,nogueiraemilly@example.com,20,Ucrânia,Family
3072,José Pedro Caldeira,marcelo80@example.net,69,República Checa,Premium
3073,Carlos Eduardo da Luz,isabelly81@example.net,47,Samoa,Free
3074,Sra. Nicole Pinto,leticiacarvalho@example.org,35,Zâmbia,Free
3075,Emanuel Fogaça,leopastor@example.com,50,Afeganistão,Family
3076,Heitor Andrade,cassianoisabella@example.org,36,África do Sul,Family
3077,Srta. Vitória Duarte,abreuayla@example.org,25,Quirguizistão,Premium
3078,Srta. Carolina Pastor,jgoncalves@example.net,58,São Tomé e Príncipe,Free
3079,Apollo Pacheco,barbara80@example.net,29,Gabão,Free
3080,Oliver Pastor,cecilia74@example.com,65,Malávi,Premium
3081,Maria Vitória Vieira,das-nevesravi@example.com,29,Iêmen,Free
3082,Henry Caldeira,jsiqueira@example.org,30,Argentina,Free
3083,Alice Jesus,carvalhoyuri@example.net,54,Paquistão,Free
3084,Amanda Martins,pimentalivia@example.net,26,Letônia,Premium
3085,Felipe Nunes,carlos-eduardocampos@example.net,60,Chipre,Premium
3086,Olivia Ferreira,martinsotavio@example.net,50,Líbia,Free
3087,Rodrigo Rezende,cpimenta@example.org,65,Gibraltar,Free
3088,Vinícius da Paz,igor62@example.com,58,Burundi,Free
3089,Ana Cecília Cassiano,jmarques@example.com,32,Ilhas Turcas e Caicos,Premium
3090,Pedro Henrique Freitas,nicolas47@example.com,67,Santa Helena,Family
3091,Lorena da Cunha,anna-lizmoreira@example.net,62,Mali,Premium
3092,José Pimenta,diaseloah@example.net,33,Croácia,Free
3093,Davi Miguel Porto,anthonyteixeira@example.net,53,Cuba,Premium
3094,Davi Sousa,maria-eduarda54@example.org,28,Butão,Free
3095,João Miguel Novaes,arezende@example.com,62,Chade,Free
3096,Raquel Azevedo,maysa31@example.net,37,Cuba,Free
3097,Antonella Pires,zcirino@example.com,29,Portugal,Free
3098,Theodoro da Luz,isaque84@example.com,69,Sara Ocidental,Premium
3099,Nicolas Lopes,kamillyleao@example.org,57,Domínica,Family
3100,Ana Clara Vieira,joao-pedro30@example.com,59,Micronésia,Free
3101,Alana Pires,aylla03@example.net,46,Roménia,Family
3102,Anna Liz Aragão,rcavalcanti@example.org,39,Irlanda,Free
3103,Diogo Sales,goncalvesrafaela@example.net,43,Nigéria,Free
3104,Dr. Lorenzo Almeida,apollocasa-grande@example.org,45,Iraque,Free
3105,Yasmin Duarte,leaocatarina@example.com,21,Gibraltar,Premium
3106,Kaique Costela,msantos@example.org,42,Suécia,Family
3107,Apollo Ramos,goncalvesoliver@example.org,57,Coreia do Norte,Premium
3108,Davi Lucas Leão,bellacavalcanti@example.net,54,Quirguizistão,Family
3109,Mirella Silva,agatha45@example.com,56,Bahamas,Free
3110,Jade Pires,nsa@example.com,52,Vanuatu,Premium
3111,Maria Clara Campos,mendesluiz-otavio@example.org,61,Roménia,Premium
3112,João Vitor Sales,vbarros@example.net,67,Rússia,Free
3113,Marcelo Borges,vianaryan@example.net,54,União Europeia,Premium
3114,Thales Guerra,maria-helenafogaca@example.net,69,Comores,Free
3115,Asafe Fonseca,lsouza@example.org,57,Gana,Premium
3116,Luiz Fernando Ribeiro,calebealmeida@example.com,65,Porto Rico,Family
3117,Maitê Novais,valentinagarcia@example.org,53,Camarões,Premium
3118,Ana Sophia Fonseca,pedro-lucas99@example.net,49,Finlândia,Premium
3119,Lavínia Camargo,ualbuquerque@example.org,25,Islândia,Family
3120,Sr. Ravi Lucca Farias,umontenegro@example.net,70,Taiwan,Family
3121,Rafaela Freitas,tcarvalho@example.org,52,Chipre,Free
3122,Fernanda Vieira,qrodrigues@example.com,48,Jibuti,Family
3123,Yan Martins,jmonteiro@example.com,32,Suazilândia,Free
3124,Dr. Isaac Novaes,bernardocamargo@example.com,41,Gibraltar,Family
3125,Dr. Davi Luiz Novaes,ana-ceciliada-conceicao@example.org,26,Marianas do Norte,Free
3126,Enzo Gabriel Pereira,maria-fernanda81@example.org,60,Geórgia do Sul e Sandwich do Sul,Free
3127,Giovanna Moraes,henrique53@example.org,20,Zâmbia,Free
3128,Nathan Novaes,yagocamargo@example.net,47,Colômbia,Free
3129,Arthur Ribeiro,lais51@example.com,41,Tonga,Free
3130,Calebe Mendes,pnogueira@example.com,38,Wallis e Futuna,Family
3131,Dr. Vitor Gabriel Martins,rodrigo27@example.org,63,Emirados Árabes Unidos,Premium
3132,Igor Ferreira,guerraemanuelly@example.com,26,Marrocos,Family
3133,Henrique Vargas,joao-pedrobarbosa@example.com,61,Guiné,Family
3134,Davi Miguel Silva,luisajesus@example.net,38,Hungria,Free
3135,Alexandre da Mota,pintovalentina@example.net,42,Cabo Verde,Premium
3136,Sra. Bruna Novaes,rafaelada-mata@example.org,52,Botsuana,Free
3137,Sr. Pedro Ferreira,jrocha@example.com,30,Seicheles,Free
3138,Ian da Mota,augustovasconcelos@example.com,39,Guernsey,Free
3139,Gabriela Gonçalves,henrypimenta@example.net,27,Burundi,Free
3140,Isabel Costela,costeladante@example.com,19,Iran,Family
3141,Maria Julia Lopes,boliveira@example.com,62,Ashmore and Cartier Islands,Premium
3142,Luara da Cruz,ypinto@example.org,22,Nova Zelândia,Premium
3143,Marcelo Costa,rhavisilva@example.net,60,Chile,Family
3144,Bárbara Macedo,juliana37@example.com,39,Malta,Family
3145,Bella da Cunha,mendoncahellena@example.com,33,Cazaquistão,Family
3146,Thales Campos,psales@example.org,64,Domínica,Family
3147,Ana Julia Silva,vianaemanuel@example.net,58,Marrocos,Family
3148,Melina Rodrigues,luan88@example.net,32,Níger,Family
3149,Ravi Sales,lda-cruz@example.org,32,Líbano,Free
3150,Dr. João Pedro Vasconcelos,cnunes@example.com,34,Croácia,Free
3151,Oliver Lima,usilveira@example.net,63,Brunei,Premium
3152,José da Rosa,lucas48@example.net,57,Tanzânia,Free
3153,Carlos Eduardo Barros,lais40@example.com,51,Suíça,Family
3154,Bento Pinto,britojose@example.org,40,Botsuana,Free
3155,Dr. Bruno Casa Grande,davi-luizbarbosa@example.net,47,Iraque,Premium
3156,Antônio Duarte,antonycamargo@example.net,45,Ruanda,Premium
3157,Dr. Luiz Felipe Aragão,iviana@example.com,64,Costa do Marfim,Free
3158,Srta. Sophie Farias,luiz-miguelmontenegro@example.org,58,Estados Unidos,Premium
3159,Hellena Carvalho,ana-juliarocha@example.org,63,Honduras,Premium
3160,Srta. Letícia Vasconcelos,larissa18@example.net,29,Gabão,Premium
3161,Dra. Emanuelly Sales,bryan94@example.net,36,Ilhas Virgens Americanas,Free
3162,Mariah Freitas,gomesgabriela@example.com,45,Trindade e Tobago,Premium
3163,José Garcia,tpereira@example.com,18,Somália,Premium
3164,Augusto Leão,ana-julia03@example.org,61,Tonga,Family
3165,Milena Brito,yagofonseca@example.com,45,Japão,Family
3166,Sara Ribeiro,pereiraisaque@example.org,19,Itália,Premium
3167,Stella Pimenta,pgoncalves@example.com,40,Brunei,Premium
3168,Sr. Luiz Miguel Costela,cassianoarthur@example.org,29,Ilha de Man,Free
3169,Heloisa Andrade,casa-grandepietra@example.com,69,Peru,Premium
3170,Pedro Henrique Brito,heloisa21@example.org,61,Suriname,Family
3171,Pietro da Mata,ibarbosa@example.org,18,Áustria,Premium
3172,Davi Pires,bella34@example.net,18,Butão,Family
3173,Antônio da Mota,leaoyan@example.com,21,Mônaco,Family
3174,Dom Caldeira,lucca09@example.net,41,Vaticano,Premium
3175,Augusto Albuquerque,varagao@example.com,51,Guiné Equatorial,Free
3176,Thiago Câmara,diego24@example.com,47,Coral Sea Islands,Family
3177,Anthony Gabriel Campos,da-luzana-clara@example.com,22,Croácia,Family
3178,Carlos Eduardo Sousa,bento22@example.org,20,Tonga,Free
3179,Anthony Sá,luiz-gustavo04@example.net,68,Peru,Free
3180,Brayan Vargas,luana21@example.com,61,Bósnia e Herzegovina,Premium
3181,Isabel Sampaio,camargocamila@example.org,30,Uganda,Free
3182,Isaque Sampaio,qsampaio@example.org,69,Granada,Family
3183,Milena Carvalho,marcos-viniciusfernandes@example.com,69,Wallis e Futuna,Free
3184,Sr. Diogo Sampaio,lda-luz@example.net,26,Costa Rica,Free
3185,Dr. Rodrigo Porto,rodriguesluana@example.com,64,Ilhas Salomão,Free
3186,Anna Liz Viana,matteosilveira@example.org,54,Panamá,Family
3187,Alícia Fernandes,antonio76@example.net,51,Tunísia,Free
3188,Bruna Montenegro,davi-miguel45@example.org,22,Paracel Islands,Family
3189,Giovanna Monteiro,danilo26@example.org,18,Bolívia,Free
3190,Luiz Fernando Nunes,costamariana@example.org,68,Filipinas,Family
3191,Manuella Rodrigues,oteixeira@example.net,31,Fiji,Premium
3192,Ana Clara Aragão,jesuslaura@example.net,61,São Cristóvão e Neves,Free
3193,Benjamim Vasconcelos,xguerra@example.com,51,Eritreia,Family
3194,Raquel Leão,da-pazbella@example.com,53,União Europeia,Premium
3195,Apollo Sá,nascimentomaria-alice@example.org,64,Ilhas Virgens Britânicas,Premium
3196,Ana Cecília Siqueira,jose-pedrocardoso@example.org,47,Líbia,Family
3197,Maitê Nunes,esther82@example.org,40,Ilha Norfolk,Family
3198,Isabel Pimenta,ayllafogaca@example.net,46,Barbados,Premium
3199,Juan Cassiano,peixotoana-julia@example.org,56,Granada,Family
3200,Yuri Vasconcelos,vianaester@example.net,49,Ilhas Virgens Americanas,Free
3201,Evelyn Andrade,lvargas@example.org,48,Costa do Marfim,Family
3202,Thiago Moura,holiveira@example.org,18,Maurícia,Family
3203,Pietro Vasconcelos,pcassiano@example.net,49,Guatemala,Family
3204,Luiz Miguel Teixeira,carolinafarias@example.com,58,Costa do Marfim,Free
3205,Olívia Rodrigues,ribeirokevin@example.net,53,Samoa Americana,Family
3206,Luísa Sales,cavalcantelais@example.net,38,Svalbard e Jan Mayen,Premium
3207,Mariane Andrade,fernandavieira@example.net,39,Gibraltar,Family
3208,Caio Martins,renan43@example.net,38,Bahamas,Family
3209,Renan da Costa,nicole37@example.org,31,Ruanda,Premium
3210,Dra. Ana Beatriz Novais,souzajoao-gabriel@example.com,53,Alemanha,Premium
3211,João Guilherme Borges,guilherme76@example.com,54,Samoa,Family
3212,Enzo Gabriel da Cruz,unascimento@example.net,54,Salvador,Free
3213,Helena da Cunha,bryan08@example.net,44,Trindade e Tobago,Family
3214,Sabrina da Rosa,egomes@example.com,35,Ilha Wake,Premium
3215,Manuela Castro,montenegroisis@example.com,50,Gibraltar,Family
3216,Ana Clara Aragão,theodoro01@example.com,20,Togo,Family
3217,Daniel Borges,sarahcardoso@example.com,25,Armênia,Premium
3218,Samuel Fonseca,uduarte@example.org,41,Sérvia,Free
3219,Pedro Henrique Alves,sabrina68@example.net,23,Malta,Premium
3220,Leonardo Rios,mborges@example.net,49,Turquia,Family
3221,Pedro Henrique Guerra,araujocaue@example.org,54,Ilhas dos Cocos,Free
3222,Ana Vitória da Rocha,matheusfarias@example.org,27,Macedônia do Norte,Family
3223,Sr. Bryan Moura,henriquecaldeira@example.org,33,Tokelau,Family
3224,Anna Liz Novais,rafaelcardoso@example.net,32,Bielorrússia,Premium
3225,Manuella Sampaio,davi-lucas51@example.org,61,Tajiquistão,Free
3226,Heitor Gomes,renan69@example.net,51,Sri Lanka,Premium
3227,Dr. Arthur Miguel Pastor,da-motaisabela@example.org,48,Eslováquia,Free
3228,Vitor Gabriel Alves,luigifogaca@example.com,45,Timor Leste,Free
3229,Lavínia Andrade,calebenascimento@example.net,52,Emirados Árabes Unidos,Family
3230,Ana Lívia Sá,leonardomendes@example.org,62,Maldivas,Premium
3231,João Lucas Souza,yfonseca@example.net,34,Tuvalu,Free
3232,Ana Vitória Marques,vlima@example.org,33,Mauritânia,Premium
3233,Theo Guerra,nalbuquerque@example.org,34,Vietnam,Premium
3234,Rebeca Cirino,qaragao@example.org,36,Gabão,Family
3235,Dr. Leandro Sousa,maria-julia46@example.com,39,Macau,Premium
3236,Rhavi Moura,guilhermefreitas@example.org,43,Hong Kong,Family
3237,Giovanna Albuquerque,vitor-gabriel64@example.net,28,Malávi,Premium
3238,Camila Leão,pereiraana-laura@example.net,21,Guiné-Bissau,Free
3239,Dr. Mateus Sampaio,pereiraandre@example.com,27,Kuwait,Family
3240,Isaque Azevedo,yasmin51@example.com,30,Mauritânia,Family
3241,Ana Luiza Ribeiro,mpereira@example.org,55,Grécia,Family
3242,Diogo Sá,isadoraaragao@example.com,47,Geórgia do Sul e Sandwich do Sul,Premium
3243,Luiz Otávio Rocha,tdias@example.org,27,Luxemburgo,Family
3244,Anthony Gabriel Sales,yalbuquerque@example.org,21,Congo-Kinshasa,Premium
3245,Isaque Carvalho,ucunha@example.com,55,Austrália,Premium
3246,Pedro Henrique Ribeiro,nascimentobenjamin@example.net,52,Uruguai,Family
3247,Caio da Mata,ana-liviada-conceicao@example.com,65,República Centro-Africana,Premium
3248,Lucas Pimenta,ana-julia02@example.org,67,Território Britânico do Oceano Índico,Premium
3249,Lorena Cassiano,camargolavinia@example.net,28,Paraguai,Family
3250,Isaque Montenegro,uleao@example.com,18,Ilhas Marshall,Free
3251,Natália Araújo,barbaracasa-grande@example.net,53,Nepal,Free
3252,Cecília Carvalho,sousapedro-henrique@example.com,24,Bósnia e Herzegovina,Premium
3253,Dr. Davi Lucas Nascimento,renan79@example.net,65,Timor Leste,Family
3254,Camila Sá,pietro60@example.net,40,Botsuana,Free
3255,Matteo Câmara,nicolasribeiro@example.net,25,África do Sul,Premium
3256,Pedro Miguel Fogaça,hfonseca@example.com,44,Ilhas Marshall,Free
3257,Rebeca Rios,nalbuquerque@example.net,34,Egito,Family
3258,Aylla Fernandes,joaquim55@example.org,54,Angola,Free
3259,Kaique Ribeiro,tfernandes@example.com,21,Geórgia do Sul e Sandwich do Sul,Family
3260,Brayan Vieira,pedro-miguel75@example.org,22,Mônaco,Family
3261,Amanda Freitas,da-rochaisabela@example.com,70,Moldávia,Premium
3262,Daniel Cavalcante,caleb75@example.org,53,Suíça,Premium
3263,Arthur Miguel Garcia,montenegroerick@example.com,47,Ilhas dos Cocos,Family
3264,Helena Aparecida,liamcosta@example.org,48,Uruguai,Family
3265,Luana da Cruz,montenegrocaio@example.org,64,Ilha do Natal,Premium
3266,Yasmin Farias,diasjoaquim@example.org,30,Antígua e Barbuda,Free
3267,Caroline Melo,valentimteixeira@example.org,69,Líbano,Family
3268,Vinicius Alves,umonteiro@example.com,43,Guiana,Premium
3269,Benjamin Sousa,fvieira@example.net,29,Quirguizistão,Family
3270,Rafaela Oliveira,umendonca@example.net,38,Países Baixos,Family
3271,Davi Cassiano,kgarcia@example.com,44,Geórgia,Premium
3272,Luiz Otávio Fernandes,joao-miguel29@example.com,51,Coreia do Sul,Family
3273,Maria Júlia Fogaça,vgarcia@example.net,70,Dhekelia,Free
3274,Davi Lucas Alves,vcassiano@example.com,30,Emirados Árabes Unidos,Family
3275,José Pereira,henry-gabriel70@example.com,52,Ilhas Cook,Free
3276,Bella Aragão,anthony-gabrielcampos@example.net,32,Dhekelia,Premium
3277,Sr. Daniel Silveira,julia45@example.net,49,México,Premium
3278,João Guilherme Dias,camargomariah@example.org,70,Bermudas,Free
3279,Isaac Lima,barrosoliver@example.org,44,Suriname,Family
3280,Dr. Liam Vieira,renanguerra@example.org,33,Niue,Premium
3281,Luiza Castro,breno78@example.com,39,Mongólia,Family
3282,Henry Gabriel Souza,mouravalentim@example.net,27,Coreia do Sul,Premium
3283,Matheus Rios,henry-gabriel34@example.net,39,Colômbia,Family
3284,Leandro Rocha,mateus92@example.com,30,Gibraltar,Premium
3285,Beatriz Aparecida,ealves@example.org,63,Lituânia,Premium
3286,Aurora da Mata,rafaela69@example.com,24,Rússia,Family
3287,Henry Gabriel Vargas,eduardacamara@example.net,53,Argélia,Premium
3288,Isaac Rezende,hnascimento@example.org,40,Bolívia,Family
3289,Liam Sá,marquesaugusto@example.net,48,Ilhas Virgens Americanas,Premium
3290,Rodrigo Farias,joao-guilherme60@example.org,40,Santa Lúcia,Family
3291,Mathias Cavalcante,danielamoreira@example.net,58,Samoa,Free
3292,Sra. Emanuelly Sá,raulgoncalves@example.org,67,Gana,Premium
3293,José Miguel Guerra,da-rosamaria-julia@example.com,36,Guiana,Free
3294,Luna Campos,brunacostela@example.org,58,República Centro-Africana,Family
3295,Luiz Otávio Correia,auroracassiano@example.net,26,Uganda,Family
3296,Leonardo Ramos,moraeslevi@example.com,63,Fiji,Family
3297,Manuela Pimenta,zferreira@example.org,22,Liechtenstein,Family
3298,Aylla Almeida,antony79@example.net,31,Finlândia,Free
3299,Sr. Valentim Ramos,emanuellycavalcante@example.net,33,Polinésia Francesa,Free
3300,Arthur Gabriel Rezende,marquesandre@example.net,24,Croácia,Family
3301,Davi Lucca da Costa,melinapereira@example.org,23,República Checa,Free
3302,Giovanna Fernandes,hadassa64@example.org,55,Benim,Family
3303,Dr. Yan da Mota,rochavicente@example.com,38,Líbia,Free
3304,Luiza Lima,andradearthur-gabriel@example.org,28,Polinésia Francesa,Family
3305,Otávio Macedo,qsousa@example.org,39,Santa Lúcia,Premium
3306,Melissa Barbosa,barrosmelina@example.org,64,Dinamarca,Free
3307,Gabriela Carvalho,paulo90@example.net,37,Jersey,Family
3308,Matteo Nunes,nogueiralucas@example.com,62,Costa do Marfim,Family
3309,Yasmin Marques,nataliagomes@example.net,69,Fiji,Free
3310,Isaque Montenegro,aparecidalorena@example.org,24,Ashmore and Cartier Islands,Family
3311,Sra. Rebeca Mendes,das-nevesmaria@example.org,67,Pitcairn,Family
3312,Olívia da Conceição,gustavo73@example.com,62,Domínica,Free
3313,Sr. Vicente Oliveira,dsantos@example.com,27,Trindade e Tobago,Premium
3314,Anthony da Cunha,ferreiramaria-luisa@example.com,68,Indonésia,Premium
3315,Dr. Marcelo Costa,wnovais@example.net,29,Botsuana,Free
3316,Maria Luiza Macedo,yramos@example.org,44,Arábia Saudita,Free
3317,João Miguel Cavalcanti,alexandreabreu@example.com,36,São Tomé e Príncipe,Free
3318,Alexandre da Cruz,ana-lauradias@example.com,48,França,Premium
3319,José Pedro Cunha,ppacheco@example.org,31,Micronésia,Premium
3320,Marina Novais,brunomacedo@example.org,31,Filipinas,Free
3321,Felipe Câmara,bento46@example.com,67,Niue,Free
3322,Sr. Matheus Porto,maria-sophiaborges@example.org,37,Santa Helena,Free
3323,Benjamin Azevedo,martinsluiz-miguel@example.com,59,Mônaco,Premium
3324,Manuela Garcia,cavalcantipedro-henrique@example.net,67,Jersey,Free
3325,Maria Julia Fogaça,antonellapastor@example.com,61,Botsuana,Premium
3326,Mariana Alves,moraesjade@example.com,49,Barbados,Family
3327,Luísa Moreira,ysantos@example.org,27,Nauru,Free
3328,Luara Novais,aaparecida@example.net,18,Uruguai,Premium
3329,Evelyn Silveira,joao-lucas46@example.net,23,Indonésia,Premium
3330,Mirella Correia,snovais@example.com,67,Usbequistão,Free
3331,Théo Castro,igor17@example.org,29,Gâmbia,Premium
3332,Aurora da Rocha,giovannapacheco@example.com,47,Mônaco,Family
3333,Pedro Vasconcelos,sabrinaguerra@example.org,28,Croácia,Family
3334,Heloísa Porto,guerraliam@example.org,40,Brunei,Premium
3335,João Lucas da Luz,duartebreno@example.com,35,Cuba,Premium
3336,Vitor Nogueira,aurora91@example.com,67,Libéria,Family
3337,Juliana Andrade,ana-julia71@example.org,51,Vanuatu,Family
3338,Vitória Duarte,bda-rosa@example.org,39,Togo,Family
3339,Sr. Lucas Gabriel Borges,theodoro46@example.com,18,Domínica,Premium
3340,João Guerra,fdias@example.com,46,Fiji,Family
3341,Arthur Miguel Cunha,maria-julia83@example.org,58,Birmânia,Family
3342,Ian Cunha,hadassaandrade@example.org,51,Dhekelia,Family
3343,Ana Luiza Brito,da-cruzheloisa@example.com,38,Omã,Premium
3344,Beatriz Marques,pintojoao-guilherme@example.org,21,Gabão,Free
3345,Maria Vitória Montenegro,machadoenzo-gabriel@example.net,41,Guiné-Bissau,Premium
3346,Mateus Rodrigues,gomesotto@example.com,47,Argélia,Family
3347,Dr. Augusto Rezende,benicio28@example.org,53,Antártica,Premium
3348,Ana Sophia Martins,da-luzmaite@example.com,65,Cuba,Premium
3349,Emanuella Nascimento,hdias@example.org,26,Timor Leste,Family
3350,Ana Cecília Duarte,nbarros@example.com,47,Nauru,Family
3351,Lara Silveira,zcavalcanti@example.org,69,Moldávia,Free
3352,João Nascimento,murilo81@example.org,61,Svalbard e Jan Mayen,Family
3353,Thales Pimenta,usales@example.org,48,Mauritânia,Free
3354,Bella Melo,emonteiro@example.com,68,Síria,Premium
3355,Carlos Eduardo Dias,andrademaria-alice@example.com,27,Bósnia e Herzegovina,Premium
3356,Théo Alves,pintoana-sophia@example.net,43,Chile,Free
3357,Lavínia Aparecida,maria-juliafonseca@example.org,35,Líbia,Premium
3358,Dr. Carlos Eduardo da Luz,tcamargo@example.org,40,Singapura,Free
3359,João Miguel Fogaça,emilly17@example.com,39,Pitcairn,Premium
3360,Yago da Luz,maria-fernanda70@example.com,33,Bulgária,Family
3361,Lorena Câmara,almeidalucas-gabriel@example.net,18,Ilha Wake,Family
3362,Luiz Gustavo Moura,pbarros@example.com,28,Gibraltar,Family
3363,Heitor Albuquerque,liz61@example.org,69,Eslováquia,Family
3364,Paulo Oliveira,da-costaclarice@example.com,50,São Vicente e Granadinas,Free
3365,João Gabriel Aparecida,das-nevesaylla@example.com,56,Mongólia,Family
3366,Ana Julia Moraes,eduardada-costa@example.com,43,Monserrate,Premium
3367,Mariana Caldeira,pporto@example.org,18,Gabão,Family
3368,Bryan Sousa,brenda20@example.net,36,Laos,Family
3369,Luan Pinto,ksampaio@example.net,63,Ucrânia,Premium
3370,Raquel Viana,esiqueira@example.org,34,Guiné Equatorial,Family
3371,Anna Liz Silva,cfreitas@example.com,34,França,Free
3372,Eloah Pastor,piresguilherme@example.com,59,Taiwan,Free
3373,Yasmin da Mota,ana-luiza76@example.org,68,Espanha,Family
3374,Ana Laura Rezende,ovargas@example.org,47,Uruguai,Premium
3375,Daniela Teixeira,luiz-henrique57@example.net,62,Argélia,Free
3376,Isaque Siqueira,valentim42@example.net,70,Domínica,Premium
3377,Matheus Correia,anunes@example.net,22,Paraguai,Family
3378,Miguel Marques,rodrigo19@example.com,65,Macau,Family
3379,Maitê Azevedo,pmacedo@example.org,69,Indonésia,Family
3380,Yan Araújo,araujovitoria@example.net,33,Guiné-Bissau,Free
3381,Melina Azevedo,mariana92@example.com,62,Filipinas,Family
3382,Sr. Gabriel Camargo,ybarbosa@example.org,54,Ilhas Virgens Americanas,Free
3383,Maria Fernanda Garcia,elopes@example.org,19,Coreia do Sul,Family
3384,Mariana Correia,rmonteiro@example.net,65,Austrália,Free
3385,João Felipe da Paz,nmoraes@example.org,68,Salvador,Premium
3386,Jade Ribeiro,da-cruzana-julia@example.com,50,Panamá,Free
3387,Maria Vitória Pastor,lavinia83@example.net,66,Bósnia e Herzegovina,Premium
3388,Luiz Otávio Silveira,thalesaraujo@example.com,35,Samoa,Family
3389,Maria Julia Mendonça,vieirahelena@example.com,29,Uganda,Premium
3390,Emanuella da Paz,pachecoclara@example.com,58,Mônaco,Free
3391,Dr. Enrico Alves,kjesus@example.com,69,Ilhas Cook,Premium
3392,Ravi Lucca Viana,samuel48@example.org,19,Equador,Premium
3393,Eloá Ribeiro,miguelcavalcante@example.com,35,Croácia,Free
3394,Luiz Henrique da Cruz,isis01@example.com,44,Mayotte,Family
3395,Anthony Caldeira,marinadas-neves@example.com,52,Moçambique,Free
3396,Lunna Cirino,juliaazevedo@example.net,19,Pitcairn,Free
3397,Amanda da Mota,da-conceicaobruno@example.net,56,Congo-Brazzaville,Free
3398,Sr. Dante Brito,isaque58@example.org,59,Argélia,Premium
3399,Cauã da Costa,lunnafogaca@example.net,20,Ilhas Falkland,Free
3400,Luigi Barbosa,joao00@example.org,63,Anguila,Family
3401,Olívia Azevedo,lucas02@example.org,33,São Cristóvão e Neves,Premium
3402,Renan Nogueira,toliveira@example.com,65,Egito,Free
3403,Pedro Henrique Aragão,ngoncalves@example.org,65,Singapura,Premium
3404,Henrique Araújo,yasmin79@example.com,40,Gana,Premium
3405,Ana Julia Sousa,qsilva@example.net,42,Tonga,Free
3406,Vitória Mendonça,tmoraes@example.com,55,Antígua e Barbuda,Family
3407,Matheus Pastor,pedro-miguelnogueira@example.net,40,Alemanha,Premium
3408,Valentim Duarte,brayan43@example.net,49,Guernsey,Premium
3409,Benício Fogaça,imendes@example.net,62,República Dominicana,Free
3410,Luara da Rocha,ygarcia@example.com,58,Porto Rico,Free
3411,Elisa Martins,felipenunes@example.net,49,Dinamarca,Free
3412,Luiz Gustavo Ribeiro,rodrigorocha@example.com,21,Sara Ocidental,Free
3413,Joana Aragão,esther86@example.com,19,Dinamarca,Free
3414,Benjamin Sampaio,cavalcanteleandro@example.net,37,Quirguizistão,Free
3415,Erick Porto,cirinomaite@example.net,33,Malásia,Free
3416,Srta. Mariah Cassiano,rhavi42@example.net,68,Santa Helena,Free
3417,Lucas Barros,thales12@example.net,22,Dhekelia,Free
3418,Agatha Alves,ucostela@example.org,51,China,Premium
3419,Yago Fernandes,gustavorezende@example.org,41,Salvador,Premium
3420,Arthur Gabriel Nascimento,laviniabarros@example.com,51,Portugal,Premium
3421,Maria Cecília Sampaio,emanuella57@example.com,23,República Checa,Family
3422,Ravi Siqueira,arthur-miguelcastro@example.net,44,Nigéria,Premium
3423,Emanuelly Castro,saramartins@example.org,69,Cazaquistão,Family
3424,Maria Macedo,laramendonca@example.com,47,Granada,Family
3425,Danilo da Conceição,moreiraisabel@example.net,69,Belize,Free
3426,Gabriela Cavalcanti,theo85@example.org,65,Polinésia Francesa,Premium
3427,Breno Teixeira,laisrocha@example.org,38,Egito,Premium
3428,Carlos Eduardo Mendonça,ana-sophiapimenta@example.net,69,Suécia,Premium
3429,Gabriela Costa,juliagarcia@example.com,55,Camarões,Family
3430,Josué Pinto,ecirino@example.com,57,Indonésia,Premium
3431,Rebeca Nogueira,arthur28@example.org,32,Anguila,Family
3432,João Pedro Lopes,agatha03@example.org,37,Áustria,Premium
3433,Ana Vitória das Neves,ana-ceciliaoliveira@example.org,58,Tonga,Family
3434,Sr. Igor Cirino,larissacaldeira@example.net,65,Kuwait,Free
3435,João Gabriel Cardoso,psiqueira@example.net,46,Ruanda,Free
3436,Ísis Macedo,antonybarros@example.org,53,Gâmbia,Premium
3437,João Lucas Casa Grande,davi-luiz95@example.com,39,Camboja,Family
3438,Maria Luiza das Neves,vasconcelosdavi@example.com,59,Palau,Free
3439,Rafael Almeida,abreumarcos-vinicius@example.net,52,Maldivas,Free
3440,Luísa Moraes,vcavalcante@example.com,54,Guatemala,Family
3441,Ágatha Almeida,scavalcanti@example.com,51,Timor Leste,Free
3442,Vinicius Moraes,cauemonteiro@example.net,44,Catar,Premium
3443,Dra. Ana Cecília Macedo,bleao@example.net,69,Polônia,Family
3444,Anna Liz Moreira,ana-luiza17@example.org,54,República Centro-Africana,Family
3445,Aylla Melo,olivermoreira@example.net,52,Guam,Free
3446,Marcelo da Luz,fariasisabela@example.org,34,Equador,Premium
3447,Stephany Albuquerque,jose-pedro34@example.net,69,Camarões,Family
3448,Léo da Luz,sadavi-lucas@example.org,42,Sri Lanka,Premium
3449,Ana Cecília da Mota,luiz-gustavoramos@example.net,37,Macau,Free
3450,Yasmin Andrade,otto56@example.com,37,Sudão,Free
3451,Pedro Machado,borgesalexia@example.com,24,Birmânia,Free
3452,Isabella Pires,da-cruzbrayan@example.org,59,Finlândia,Premium
3453,João Pedro Moreira,isaquelopes@example.net,27,Zimbábue,Premium
3454,Brayan Mendes,vitor-gabrielpacheco@example.net,55,Dhekelia,Free
3455,Srta. Helena Cavalcanti,fernandesana-julia@example.net,19,Ilhas Falkland,Premium
3456,Gabrielly Rodrigues,yago42@example.com,37,Territórios Austrais Franceses,Free
3457,Dr. Pietro Melo,ana-juliasilveira@example.org,21,Austrália,Family
3458,Pedro Henrique da Rosa,garciaana-carolina@example.com,18,Turquia,Family
3459,Dr. Paulo Fonseca,ribeirobryan@example.net,38,Jamaica,Premium
3460,Lavínia Rezende,heloisa60@example.net,63,Tunísia,Free
3461,Gustavo Henrique Gonçalves,palmeida@example.org,63,Palau,Free
3462,Valentina Ramos,yan87@example.net,26,Taiwan,Premium
3463,Anna Liz da Rosa,da-pazjoana@example.com,51,Bangladesh,Family
3464,Theodoro Machado,vcamara@example.org,21,Suriname,Premium
3465,Dra. Isabela Guerra,da-luzigor@example.net,28,Egito,Free
3466,Aurora Pereira,maria-helenamonteiro@example.net,58,Gabão,Family
3467,Ayla Novaes,mendoncaleticia@example.net,66,Panamá,Premium
3468,Nicolas Camargo,souzathales@example.com,59,Ilhas Caiman,Premium
3469,Gael Camargo,luiz-felipe98@example.com,24,Egito,Premium
3470,Henrique Casa Grande,pedro61@example.com,22,México,Free
3471,Marina Oliveira,nda-conceicao@example.org,66,Noruega,Family
3472,Ester Correia,larissa34@example.org,43,Tanzânia,Premium
3473,Sra. Maria Julia Guerra,aparecidaayla@example.com,46,Barein,Family
3474,Sofia da Costa,lsampaio@example.net,40,Índia,Free
3475,Francisco Cunha,qcassiano@example.com,27,Jibuti,Family
3476,Léo Peixoto,brayan88@example.com,21,Zâmbia,Family
3477,Murilo Costa,martinsbrayan@example.net,58,Nova Zelândia,Free
3478,Sr. Enzo Gabriel Rocha,eloada-mata@example.com,25,Marianas do Norte,Premium
3479,Maria Clara Silva,kfernandes@example.org,37,Congo-Brazzaville,Family
3480,Milena Santos,xmoreira@example.net,36,Malta,Premium
3481,Vitor Hugo da Costa,cmachado@example.org,33,Tuvalu,Free
3482,Murilo Montenegro,luiz-miguel36@example.net,63,Reino Unido,Free
3483,Maria Clara Carvalho,ribeirodavi-lucca@example.net,58,Antígua e Barbuda,Family
3484,Júlia Costa,brendasampaio@example.net,37,Indonésia,Family
3485,Henrique Pires,zmacedo@example.org,51,São Tomé e Príncipe,Free
3486,Srta. Júlia Leão,bernardo99@example.org,65,São Tomé e Príncipe,Premium
3487,Manuella Cassiano,enzo-gabrielpeixoto@example.net,54,Nepal,Premium
3488,Catarina Santos,moreiramaria-luisa@example.net,43,Papua-Nova Guiné,Free
3489,Davi Santos,aragaoluiz-otavio@example.net,31,Itália,Free
3490,Calebe Dias,marcelamoura@example.net,34,Emirados Árabes Unidos,Free
3491,Gael Machado,sampaioana@example.com,69,Navassa Island,Free
3492,Manuella Dias,moreiraapollo@example.org,21,Togo,Premium
3493,Sra. Pietra Dias,joanafarias@example.com,66,Singapura,Family
3494,Samuel Costela,araujothiago@example.com,27,Ilha de Man,Family
3495,Maitê Melo,alexandrenovais@example.com,64,África do Sul,Free
3496,Yan Camargo,riospedro-miguel@example.org,22,Irlanda,Free
3497,Luigi Abreu,guilherme53@example.org,65,Colômbia,Free
3498,Sr. Cauê da Costa,joao-miguel13@example.net,54,Cazaquistão,Free
3499,Allana da Cruz,sophiafernandes@example.org,65,Angola,Family
3500,Murilo da Rocha,bryan94@example.com,23,Jibuti,Family
3501,Dra. Mariah Azevedo,nunesanthony-gabriel@example.net,31,Maldivas,Family
3502,Alice Mendonça,kevinmarques@example.org,44,Tuvalu,Family
3503,Sarah Rezende,maysa44@example.org,46,Usbequistão,Free
3504,Isabella Guerra,samuel24@example.net,67,Alemanha,Family
3505,Ryan Silva,jsa@example.org,48,Albânia,Family
3506,Maitê Teixeira,gmonteiro@example.net,32,Coreia do Sul,Family
3507,Rodrigo Porto,pietra11@example.net,69,Bahamas,Premium
3508,Bruno Cardoso,luanmarques@example.com,59,Antilhas Holandesas,Premium
3509,Kaique da Cunha,almeidanicole@example.net,34,Luxemburgo,Family
3510,Sr. Leandro Machado,ana-beatrizazevedo@example.org,58,Haiti,Free
3511,Luiz Felipe Santos,costavitoria@example.com,55,Emirados Árabes Unidos,Free
3512,Enzo Rezende,bruna30@example.org,42,Territórios Austrais Franceses,Free
3513,Sr. Rodrigo da Cunha,zcarvalho@example.net,58,Dinamarca,Premium
3514,Marcos Vinicius Vasconcelos,maria-isisbarbosa@example.org,30,Portugal,Family
3515,Laura Borges,brayan36@example.com,35,Líbano,Premium
3516,Gustavo Henrique Fernandes,augusto52@example.com,21,Egito,Premium
3517,Sra. Sara Jesus,camila79@example.org,62,Polinésia Francesa,Free
3518,Benicio Marques,rsousa@example.com,33,Somália,Premium
3519,Antônio Abreu,fariasluiz-gustavo@example.net,31,Geórgia do Sul e Sandwich do Sul,Premium
3520,Cauê Cunha,cavalcantihenry@example.org,46,Camboja,Premium
3521,Dr. Yago Pereira,dpinto@example.com,57,Ilha de Man,Premium
3522,Dra. Agatha Ferreira,apastor@example.net,34,Bermudas,Family
3523,João Vitor Rodrigues,mgomes@example.net,68,Argélia,Premium
3524,Isaque Sousa,maria-fernanda07@example.com,28,Alemanha,Family
3525,Sophie Rios,tda-costa@example.com,57,Quênia,Free
3526,Vitor Hugo Marques,da-pazthomas@example.net,37,Estados Unidos,Premium
3527,Nina Gonçalves,santospietro@example.org,46,Dinamarca,Family
3528,Maria Flor Moraes,garciabianca@example.org,48,Macedônia do Norte,Free
3529,Sra. Natália Machado,garciajoaquim@example.net,31,Panamá,Premium
3530,Maria Liz Brito,cda-rocha@example.net,51,Ilhas dos Cocos,Family
3531,Lucas Gabriel Vasconcelos,ceciliabarbosa@example.com,66,Granada,Free
3532,Lucca Silva,britoagatha@example.net,55,Guam,Premium
3533,Isaac Porto,ceciliasantos@example.com,48,Tokelau,Family
3534,Zoe Barbosa,ramosluna@example.net,60,Svalbard e Jan Mayen,Free
3535,Lucas Gabriel Guerra,fmacedo@example.org,19,Estônia,Free
3536,Elisa Vieira,lucas-gabrielribeiro@example.com,50,Antígua e Barbuda,Premium
3537,Laís Pacheco,hnogueira@example.com,70,Luxemburgo,Free
3538,Gustavo Henrique Freitas,portobianca@example.net,21,Espanha,Family
3539,Mirella Rodrigues,da-costamaria-fernanda@example.net,65,Islândia,Free
3540,Dra. Clara Monteiro,brayan14@example.org,22,Alemanha,Free
3541,Sr. Gustavo Vasconcelos,ocampos@example.org,54,São Pedro e Miquelon,Free
3542,Oliver Santos,oliveiracaroline@example.net,70,Papua-Nova Guiné,Family
3543,Lara Azevedo,ysousa@example.org,50,Islândia,Family
3544,Clarice da Costa,garciapietro@example.com,49,Maldivas,Premium
3545,Heloísa Pereira,emanuellycasa-grande@example.com,53,República Checa,Premium
3546,Lorenzo Fonseca,luisa52@example.org,40,Zâmbia,Free
3547,Leonardo Costa,bella62@example.com,57,Jordânia,Free
3548,Luiz Henrique Moreira,goncalvesnoah@example.net,38,Dhekelia,Family
3549,Yan das Neves,carvalhobrenda@example.com,54,Camboja,Premium
3550,Marcela Cavalcante,albuquerqueisabel@example.com,61,Wallis e Futuna,Family
3551,Ágatha Aragão,eloaandrade@example.com,68,Eslováquia,Premium
3552,Fernanda da Rosa,peixotoeloa@example.com,20,Congo-Kinshasa,Family
3553,Enzo Gabriel Freitas,laurasales@example.net,44,Venezuela,Family
3554,Ísis Dias,jpeixoto@example.org,42,Macau,Premium
3555,Sr. José Miguel Montenegro,marcela49@example.org,24,Antilhas Holandesas,Free
3556,Sra. Ana Liz da Rocha,maysa78@example.com,19,Índia,Premium
3557,Ravy Mendonça,voliveira@example.com,48,Bolívia,Premium
3558,Josué Pires,nathan24@example.net,40,Suazilândia,Premium
3559,Alice Aparecida,apacheco@example.com,70,Kuwait,Free
3560,Maitê Sales,brayan19@example.org,34,Guam,Family
3561,Sr. Eduardo Mendes,fernanda19@example.org,66,Espanha,Family
3562,Isabela Aragão,rodriguesisis@example.org,42,República Centro-Africana,Family
3563,Vitor Hugo Brito,limakevin@example.org,55,Niue,Free
3564,Leandro Cavalcante,doliveira@example.net,24,Alemanha,Free
3565,Enzo Gabriel Leão,apollo42@example.net,36,Bermudas,Premium
3566,Sra. Natália da Cruz,maria-flor10@example.com,53,África do Sul,Premium
3567,Carlos Eduardo Brito,hmontenegro@example.org,22,Nova Zelândia,Premium
3568,Sra. Ana Clara Garcia,fsa@example.org,37,Irlanda,Free
3569,Dra. Sarah Santos,raviteixeira@example.com,56,Chile,Family
3570,Jade Rocha,maria-eduardada-conceicao@example.com,66,Uganda,Premium
3571,Alana Leão,aragaodavi@example.org,40,Afeganistão,Family
3572,Dr. Otto Freitas,albuquerquejulia@example.com,22,Senegal,Free
3573,Nina da Paz,jose-miguel29@example.com,43,Vaticano,Premium
3574,Antonella Caldeira,henriqueleao@example.org,41,Honduras,Free
3575,Lara Souza,marina08@example.net,53,Suazilândia,Family
3576,Ísis Moura,calebeferreira@example.net,29,Anguila,Free
3577,Igor Pastor,ravyjesus@example.org,65,Mongólia,Premium
3578,Evelyn Pereira,ayllapimenta@example.net,21,Lesoto,Premium
3579,Antony Nascimento,theodorodas-neves@example.org,33,Santa Lúcia,Family
3580,Isadora Rios,ana-liz68@example.net,70,Ilha de Man,Free
3581,Theo Oliveira,livia60@example.org,54,Coreia do Norte,Premium
3582,Melissa Campos,isaquepires@example.net,61,Argélia,Free
3583,José Pedro Sá,pvargas@example.com,50,Suíça,Premium
3584,Laís Garcia,valentinabarbosa@example.org,35,Honduras,Free
3585,Ana Liz Aragão,vitoria01@example.com,65,Ilha de Man,Premium
3586,Rodrigo Sampaio,fernandesdante@example.org,61,Malávi,Family
3587,Dra. Melissa Correia,ribeirobeatriz@example.net,53,Burundi,Free
3588,Mariana Pimenta,maria-sophiacunha@example.org,43,Gâmbia,Free
3589,Maria Luísa Nunes,da-matavitor-hugo@example.org,18,Ilhas Virgens Britânicas,Family
3590,Sra. Ana Carolina Cirino,santosana-cecilia@example.org,63,Hungria,Premium
3591,Arthur Peixoto,helenarodrigues@example.org,70,Argélia,Free
3592,Anthony Gonçalves,vitor-hugo18@example.net,24,Nova Zelândia,Free
3593,Srta. Larissa da Costa,camargomarcos-vinicius@example.net,57,Costa do Marfim,Family
3594,Ísis Rios,ncostela@example.org,39,Quirguizistão,Free
3595,Jade Fonseca,renan30@example.com,39,Ilhas dos Cocos,Premium
3596,Maria Liz Nogueira,joao-guilherme78@example.net,52,Índia,Family
3597,Srta. Elisa da Mota,caleb63@example.net,52,Jibuti,Free
3598,Mariana Rodrigues,alexandre32@example.com,49,Libéria,Free
3599,Bianca Moreira,moraesana-livia@example.net,34,Ilhas Heard e McDonald,Family
3600,Vicente Machado,rpeixoto@example.org,61,Faroé,Family
3601,Davi Aparecida,mariana64@example.org,49,Turquia,Free
3602,Daniel Barbosa,alana04@example.net,47,Ruanda,Family
3603,Sra. Isabelly Camargo,ysales@example.net,67,Angola,Free
3604,Isaque Moura,da-cunhaaylla@example.com,58,Ruanda,Family
3605,Felipe Farias,sbarbosa@example.net,37,Chipre,Free
3606,Srta. Clarice Macedo,novaismanuella@example.com,32,Camboja,Free
3607,Ana Carolina Oliveira,mmelo@example.org,67,Armênia,Free
3608,Dr. Arthur Gabriel Santos,diegosiqueira@example.net,45,Timor Leste,Family
3609,Alana Araújo,joao-gabrielbarros@example.org,33,Butão,Family
3610,Apollo Câmara,pintoana-beatriz@example.org,52,Senegal,Free
3611,Enzo Lopes,kjesus@example.net,36,Tonga,Free
3612,Aurora Moraes,borgesdiogo@example.net,18,Ilhas Heard e McDonald,Family
3613,Ana Carolina Fernandes,maria-julialima@example.com,63,República Dominicana,Premium
3614,Alícia Pacheco,mribeiro@example.net,41,Suazilândia,Premium
3615,Raul Rezende,castromelina@example.org,37,Guiné Equatorial,Premium
3616,Sr. João Guilherme Novais,qoliveira@example.org,54,Quirguizistão,Free
3617,Amanda Porto,benjamimcarvalho@example.net,66,Papua-Nova Guiné,Premium
3618,Ágatha Pimenta,fernandocarvalho@example.org,46,Dhekelia,Free
3619,Luiz Henrique Gonçalves,caragao@example.net,31,Canadá,Free
3620,Jade Vargas,luiz-henrique51@example.org,57,Malásia,Free
3621,Isabella Pastor,enzoalves@example.com,38,Salvador,Free
3622,Dra. Ana Beatriz Costa,lucasnascimento@example.com,65,Líbano,Premium
3623,Luan Rezende,novaislucca@example.org,54,Tailândia,Family
3624,Sra. Natália Correia,ana84@example.org,48,Niue,Family
3625,Milena da Conceição,camposvicente@example.net,52,Chipre,Premium
3626,Maria Liz Caldeira,xvieira@example.com,25,Geórgia,Free
3627,Dr. Nathan Vasconcelos,asales@example.com,20,Ilha Norfolk,Family
3628,Dra. Ana Moura,yanalmeida@example.org,36,China,Premium
3629,Bryan da Costa,faragao@example.com,44,Azerbaijão,Free
3630,Vinícius Pimenta,hadassacavalcante@example.org,67,Moldávia,Family
3631,Isabella Lopes,maria-juliacardoso@example.net,27,Jordânia,Free
3632,Dra. Alexia Pimenta,zbarros@example.org,43,Costa Rica,Family
3633,Danilo Rocha,maria-luiza74@example.org,53,Brasil,Free
3634,Cecília Vieira,monteiroleonardo@example.com,62,Guiné,Premium
3635,Yuri Campos,gmacedo@example.net,18,Gibraltar,Family
3636,Nathan Carvalho,fernando32@example.org,35,Sudão,Premium
3637,Cecilia Albuquerque,marinada-conceicao@example.org,58,Sara Ocidental,Premium
3638,Enrico Pereira,joao-pedro74@example.com,22,Ilhas Turcas e Caicos,Family
3639,Guilherme Pereira,biancamendes@example.com,37,São Marinho,Free
3640,Amanda Garcia,portobianca@example.net,34,Libéria,Premium
3641,Julia Farias,luigirios@example.com,37,Egito,Free
3642,Benício Guerra,zcampos@example.org,41,Israel,Premium
3643,Bruno Farias,pedro-miguellima@example.net,66,Niue,Premium
3644,Cecilia Novais,maria-fernanda48@example.com,26,Laos,Free
3645,Benjamim Albuquerque,barbara40@example.net,44,Portugal,Premium
3646,Luara Santos,davi-miguelda-rosa@example.com,48,Costa Rica,Free
3647,Bianca Freitas,taragao@example.com,23,Iran,Family
3648,Luiz Gustavo Cunha,manuella76@example.org,30,Nova Caledónia,Family
3649,Bernardo Santos,camilaoliveira@example.org,24,Guatemala,Free
3650,Hadassa da Mata,carolinapinto@example.net,36,Costa Rica,Premium
3651,Dr. Oliver Rodrigues,ana-liz68@example.com,58,Vanuatu,Premium
3652,Maria Alice Fonseca,joana84@example.com,19,Território Britânico do Oceano Índico,Premium
3653,Ravi da Costa,lunaabreu@example.com,39,Usbequistão,Premium
3654,Maria Fernanda Macedo,isaque64@example.org,36,Groenlândia,Free
3655,Calebe Pereira,pda-cunha@example.com,58,Turquia,Free
3656,Ravy Fogaça,ana-livia02@example.org,34,Nova Zelândia,Family
3657,João Pedro Sales,wbrito@example.net,38,Azerbaijão,Premium
3658,Sra. Helena Borges,meloluiz-miguel@example.org,55,Egito,Premium
3659,Dante Sá,olivermarques@example.net,34,Coreia do Norte,Family
3660,Pedro Henrique Câmara,pastorluiz-otavio@example.com,37,Chade,Premium
3661,Brayan Fernandes,manuela25@example.org,27,Paracel Islands,Free
3662,Luigi Cunha,luisa40@example.com,54,Honduras,Free
3663,Maria Flor Vieira,kda-rosa@example.net,29,Chade,Family
3664,Gael Henrique Cavalcante,joao-guilhermerios@example.com,52,Quirguizistão,Family
3665,Luiz Gustavo Rezende,mariahgoncalves@example.net,49,Samoa,Free
3666,Mathias da Luz,saraujo@example.net,47,Sudão,Premium
3667,Emilly Leão,camposaurora@example.net,20,Botsuana,Family
3668,Dr. Raul Pinto,handrade@example.com,30,México,Premium
3669,Dra. Eduarda da Mata,hgarcia@example.net,49,Japão,Free
3670,Gustavo da Rocha,aparecidalorena@example.org,47,Guiné Equatorial,Free
3671,Lara Araújo,njesus@example.net,45,Taiwan,Family
3672,Oliver Andrade,calebgomes@example.org,56,Finlândia,Premium
3673,Kevin Garcia,arthur-miguel50@example.net,36,Macedônia do Norte,Premium
3674,Maria Clara Melo,ana-julia32@example.org,67,Trindade e Tobago,Premium
3675,Thiago Martins,benjamin30@example.com,20,Marrocos,Premium
3676,Sophie Ferreira,ribeiroisis@example.com,63,Liechtenstein,Family
3677,Dra. Larissa Guerra,ccasa-grande@example.org,24,Namíbia,Free
3678,João Lucas Macedo,riosdiego@example.org,30,Faroé,Premium
3679,Natália Ramos,nogueirasara@example.net,36,Dinamarca,Free
3680,Murilo Costa,zcosta@example.org,31,Costa do Marfim,Premium
3681,Sr. Benjamim Peixoto,fonsecathomas@example.com,20,Guiné,Premium
3682,Lívia Albuquerque,oda-cruz@example.org,54,Arábia Saudita,Family
3683,Rodrigo da Paz,raulgarcia@example.org,66,Quirguizistão,Premium
3684,Danilo Fernandes,otaviorodrigues@example.net,59,Angola,Family
3685,Ryan Martins,oliveiraravy@example.net,20,Jersey,Free
3686,Sra. Maria Vitória Freitas,heloisaborges@example.net,40,Guiné-Bissau,Family
3687,Joana Melo,pedro-henrique48@example.net,33,República Centro-Africana,Free
3688,Sra. Marcela Moraes,gaelsiqueira@example.com,68,Antártica,Free
3689,Théo Sales,mariafarias@example.com,54,Chipre,Free
3690,Léo Melo,zoe32@example.net,21,Dinamarca,Family
3691,Emanuelly Fernandes,moreiramariane@example.com,38,Cuba,Premium
3692,Ana Vitória Cunha,helenacasa-grande@example.net,35,Malta,Premium
3693,Sabrina Vieira,yagoda-conceicao@example.com,70,Vietnam,Premium
3694,Mathias da Cunha,isabella99@example.net,18,Gibraltar,Premium
3695,Oliver Teixeira,da-cruzrafaela@example.com,57,Marianas do Norte,Family
3696,Manuella Vargas,urocha@example.org,63,Kuwait,Free
3697,Antony Leão,mendeslevi@example.net,55,Iraque,Premium
3698,Jade Novais,allana11@example.com,34,Honduras,Free
3699,Benjamim Ferreira,qleao@example.net,29,Cazaquistão,Premium
3700,João Felipe Rocha,jose-miguelda-luz@example.net,69,Mongólia,Family
3701,Anna Liz Guerra,vitor-hugo53@example.com,33,Madagascar,Premium
3702,Dr. Matteo Caldeira,sarah52@example.org,40,Ilhas Marshall,Premium
3703,Ryan da Rocha,rafael16@example.org,45,Navassa Island,Free
3704,João Gabriel Melo,juliana81@example.net,19,Macedônia do Norte,Premium
3705,Sra. Maya Carvalho,pereirasara@example.org,27,Indonésia,Family
3706,Mariana Freitas,mendesjoao-lucas@example.org,61,Congo-Kinshasa,Premium
3707,Dra. Maria Flor Montenegro,joao-pedro27@example.net,67,Tanzânia,Premium
3708,Benjamim Moura,isaque86@example.org,70,África do Sul,Free
3709,Sra. Yasmin Vasconcelos,guilherme69@example.net,37,Tanzânia,Family
3710,Marcos Vinicius Pacheco,eporto@example.com,37,Rússia,Free
3711,Vinicius Teixeira,alexia73@example.org,36,Finlândia,Free
3712,Olivia Viana,esiqueira@example.com,57,Cuba,Family
3713,Maria Fernanda Araújo,esther06@example.com,55,Tokelau,Free
3714,Davi Miguel Costela,ufogaca@example.com,66,Zimbábue,Family
3715,Ana Luiza Silveira,mda-cunha@example.org,18,Ilha de Man,Premium
3716,Nicolas da Cruz,rochaana-sophia@example.org,23,Palau,Free
3717,Sra. Manuela Pacheco,yuriaraujo@example.org,33,França,Family
3718,Srta. Alice Mendes,manuellarezende@example.net,63,Honduras,Family
3719,Mathias Barbosa,henry34@example.org,53,Ilhas Turcas e Caicos,Family
3720,Dra. Marcela Farias,camila59@example.net,28,Jibuti,Family
3721,Caleb Farias,mathias45@example.net,47,Costa Rica,Family
3722,Mariah Novaes,yurimontenegro@example.net,57,Papua-Nova Guiné,Premium
3723,Bryan Cavalcanti,vramos@example.net,36,Sri Lanka,Family
3724,Sabrina Rezende,maria-luiza29@example.com,22,Granada,Premium
3725,Caroline Fogaça,scaldeira@example.com,37,Arábia Saudita,Family
3726,Dra. Liz Araújo,theodoromoura@example.org,52,Panamá,Family
3727,Maysa da Paz,arthurpeixoto@example.org,61,Etiópia,Premium
3728,Maria Helena da Cunha,bpires@example.net,40,Malávi,Family
3729,Ana Clara Araújo,benicio27@example.com,18,Vaticano,Family
3730,Gabriela Novaes,silveirabenjamin@example.com,19,Bermudas,Premium
3731,Antônio da Cruz,pcampos@example.net,61,Nigéria,Family
3732,Sr. Diogo da Luz,dlima@example.net,64,Bangladesh,Free
3733,Théo Rezende,joao-gabriel07@example.org,52,São Marinho,Premium
3734,Lucas Moreira,anthony-gabriel32@example.org,47,Síria,Family
3735,Lorena Campos,marcos-viniciuscarvalho@example.net,26,Butão,Premium
3736,Julia da Cruz,costaluara@example.org,55,São Pedro e Miquelon,Free
3737,Nathan Viana,laraujo@example.org,67,Honduras,Premium
3738,Henrique Castro,novaisravi-lucca@example.net,44,Ilha Norfolk,Free
3739,Maysa Cirino,guerraanthony-gabriel@example.com,50,Papua-Nova Guiné,Free
3740,Yasmin da Paz,fmendes@example.com,32,Síria,Premium
3741,Ester Porto,alice07@example.org,38,Seicheles,Premium
3742,Nina da Mota,xfogaca@example.net,58,Egito,Family
3743,Mariah da Mota,sabrinaborges@example.com,62,Zâmbia,Premium
3744,Hadassa Viana,dpires@example.com,44,Domínica,Free
3745,Ravy da Cunha,igor52@example.org,31,Geórgia,Family
3746,Felipe Marques,qmontenegro@example.net,64,São Tomé e Príncipe,Family
3747,Pedro Henrique Ramos,aparecidacaleb@example.com,25,Vietnam,Free
3748,Enrico Rezende,davi-luiz77@example.net,65,Coreia do Sul,Family
3749,Anthony Alves,luiz-miguel90@example.com,52,Granada,Family
3750,Clara Costela,francisco93@example.com,53,Finlândia,Free
3751,Kevin Siqueira,arthurrodrigues@example.org,56,Mayotte,Family
3752,Sr. Juan Martins,eandrade@example.org,61,Líbano,Premium
3753,Nicolas Montenegro,maria-clarasales@example.com,66,Eritreia,Premium
3754,Dr. Benjamin Marques,viniciusgomes@example.org,30,Chipre,Free
3755,Sr. Dom Porto,anovaes@example.org,38,Jan Mayen,Premium
3756,Cecilia Pereira,ana-lizcarvalho@example.net,31,Costa do Marfim,Free
3757,Juan da Mota,peixotojade@example.net,22,Maurícia,Family
3758,Sofia Camargo,costaluiz-otavio@example.org,62,Burquina Faso,Family
3759,Isabella Cardoso,julia10@example.net,44,Ilhas Cook,Free
3760,Srta. Maria Helena Rocha,kmendes@example.net,27,Jibuti,Family
3761,Bella Machado,rodrigogoncalves@example.com,50,Colômbia,Free
3762,Dr. Liam Silveira,cfreitas@example.org,27,Turquemenistão,Family
3763,Lunna Correia,monteiroelisa@example.com,22,Ucrânia,Premium
3764,Maria Julia Camargo,ana-vitoria79@example.org,65,Moçambique,Free
3765,Juliana da Mota,danilo10@example.net,63,Chade,Family
3766,Benicio Fogaça,zcastro@example.org,51,Guiné-Bissau,Free
3767,Rael Monteiro,arthurrios@example.net,37,Moçambique,Free
3768,Davi Luiz Oliveira,jda-rocha@example.org,26,Congo-Brazzaville,Premium
3769,Dr. Yan Fonseca,davi-lucca97@example.org,37,Gibraltar,Premium
3770,Sr. Henrique Aparecida,caroline88@example.org,48,Jibuti,Premium
3771,Eduarda Ferreira,daniela68@example.org,59,Armênia,Free
3772,Juan Rodrigues,martinsjuan@example.org,63,Maldivas,Free
3773,Emanuella Barros,pietro67@example.com,38,Lesoto,Free
3774,Alexandre Guerra,maria-juliapeixoto@example.com,51,Barein,Family
3775,Luara Carvalho,duarteisabelly@example.com,23,Guiana,Free
3776,Srta. Nina Jesus,aliciaguerra@example.net,19,Malásia,Family
3777,Alana Montenegro,hnovaes@example.org,23,Kuwait,Premium
3778,Maria Vitória Vasconcelos,xmendes@example.com,26,Chipre,Premium
3779,Yago Leão,igor45@example.org,29,Bahamas,Premium
3780,Rael Silva,spastor@example.com,58,Sara Ocidental,Family
3781,Antonella Moreira,lopespietra@example.org,33,Ilhas Virgens Americanas,Premium
3782,Lucas Gabriel Marques,ycasa-grande@example.com,57,Anguila,Family
3783,Dra. Mirella Santos,maria-clara68@example.com,23,Países Baixos,Family
3784,Dr. Vitor Gabriel Brito,ramosjose-pedro@example.org,56,Chipre,Family
3785,João Gabriel Teixeira,sampaioemanuelly@example.net,44,Seicheles,Premium
3786,Maria Helena Sales,luiz-felipecavalcanti@example.net,30,Tokelau,Family
3787,Sofia Nascimento,xcampos@example.net,39,Níger,Free
3788,Nathan Melo,barbara29@example.net,33,África do Sul,Family
3789,Kamilly Aragão,ester23@example.org,60,Dhekelia,Family
3790,Giovanna Fonseca,lopessamuel@example.net,37,Egito,Family
3791,Henry Gabriel Guerra,da-rochabella@example.net,40,Hungria,Family
3792,Léo Alves,cardosocamila@example.net,33,Azerbaijão,Premium
3793,Rafael Nunes,henry-gabrieljesus@example.org,60,Geórgia,Premium
3794,Pietro Azevedo,balves@example.org,24,Andorra,Premium
3795,Luigi Montenegro,theodias@example.org,56,Zâmbia,Premium
3796,Ísis Rezende,cardosohellena@example.com,42,Nova Caledónia,Family
3797,Maria Vitória Caldeira,correiamaya@example.net,31,Ilhas Salomão,Free
3798,Anthony Barros,tcavalcante@example.com,21,Jersey,Premium
3799,Alice Pimenta,lrodrigues@example.com,36,Zimbábue,Family
3800,Caleb Cavalcanti,ana-vitoriadias@example.org,57,Guiné,Free
3801,Maitê da Cruz,pachecodaniela@example.net,43,Bielorrússia,Premium
3802,Maria Vitória Sousa,liamda-paz@example.net,70,São Tomé e Príncipe,Premium
3803,Elisa da Mata,santosbenicio@example.org,31,Argélia,Premium
3804,Sr. Bernardo da Luz,fsa@example.net,70,Ilhas Salomão,Family
3805,Diego Pacheco,eduardoabreu@example.org,61,Arábia Saudita,Free
3806,Vicente Cavalcanti,brunamendes@example.com,48,Dhekelia,Free
3807,Alexandre Novais,dante29@example.org,21,Geórgia,Premium
3808,Davi Marques,jda-mota@example.net,40,Barein,Family
3809,Lucca Campos,goncalvesleonardo@example.com,54,Áustria,Premium
3810,Dr. Kevin Souza,raulcamara@example.org,57,Canadá,Family
3811,Otávio Mendes,lavinia37@example.net,60,Granada,Family
3812,Rebeca Moreira,ocostela@example.net,18,México,Family
3813,Benjamim Almeida,ana79@example.net,66,Uruguai,Premium
3814,Nina Mendes,ana-juliaribeiro@example.org,53,Catar,Free
3815,Henrique da Paz,kamillyda-luz@example.com,32,Dinamarca,Premium
3816,Yuri das Neves,da-rosaantonio@example.org,60,Namíbia,Premium
3817,Dra. Luísa Marques,jesusemanuel@example.org,24,Macedônia do Norte,Free
3818,Aurora Cavalcanti,mouramateus@example.org,23,Zimbábue,Free
3819,Calebe Teixeira,ualves@example.net,50,Groenlândia,Family
3820,Ana Julia Costela,gsouza@example.net,41,Cazaquistão,Free
3821,Sr. Igor Gomes,umartins@example.com,21,Barbados,Premium
3822,Sr. Dom Barbosa,correiamariah@example.net,29,Brunei,Free
3823,Levi Fonseca,cirinopietra@example.com,67,Ilhas Caiman,Family
3824,Rafael da Rosa,moraesdaniela@example.net,58,Burquina Faso,Free
3825,Yago Pimenta,cavalcantejoao-vitor@example.org,63,Santa Lúcia,Premium
3826,Maria Helena Silveira,daniela30@example.org,29,Líbia,Premium
3827,Esther Peixoto,montenegromaya@example.net,50,Polônia,Family
3828,Emanuel Cirino,thiago54@example.org,68,Indonésia,Premium
3829,Natália Mendonça,matteocostela@example.org,46,Filipinas,Family
3830,Ravy Souza,da-cruzalicia@example.org,21,Ilhas Virgens Americanas,Free
3831,Gustavo Henrique Souza,marcos-viniciusabreu@example.com,38,Timor Leste,Premium
3832,Luísa da Paz,cavalcantisophie@example.net,45,Território Britânico do Oceano Índico,Free
3833,Yan Lopes,lucas91@example.org,61,Wallis e Futuna,Premium
3834,Benjamin Vieira,joao-lucascarvalho@example.net,52,Fiji,Free
3835,Maria Sophia Gonçalves,ealves@example.net,68,Antártica,Premium
3836,Noah Fernandes,yuri48@example.net,24,Barbados,Family
3837,Sr. Matteo Castro,arocha@example.com,32,Costa Rica,Premium
3838,Bryan Jesus,abreuapollo@example.net,39,Sri Lanka,Free
3839,Zoe Albuquerque,fernanda54@example.org,29,Roménia,Premium
3840,Caleb Viana,ramosvinicius@example.org,55,Coreia do Sul,Premium
3841,Sara Pimenta,ocamargo@example.com,30,Ilhas Caiman,Free
3842,Vitor da Paz,antony67@example.net,54,Macau,Family
3843,Noah Ferreira,jpinto@example.com,47,Nova Zelândia,Premium
3844,Srta. Sophia Novais,jade60@example.org,48,Domínica,Family
3845,José Miguel Porto,hcassiano@example.net,60,Tuvalu,Premium
3846,Isadora Ferreira,camila90@example.com,58,Ilha Bouvet,Family
3847,Srta. Ana Luiza Pires,scavalcanti@example.net,36,Sri Lanka,Family
3848,Maria Helena Camargo,liamgarcia@example.org,38,Níger,Free
3849,Liam Silva,ana-sophialima@example.com,70,Cabo Verde,Premium
3850,Cauê Guerra,leaoluiz-fernando@example.com,23,Monserrate,Free
3851,Matheus da Luz,ana-julia37@example.org,61,Singapura,Premium
3852,Davi Lucas Cassiano,da-cruzvalentim@example.com,62,Panamá,Family
3853,Maria Fernanda Pereira,jose-pedro49@example.com,47,Butão,Premium
3854,Benjamim Sá,aborges@example.net,22,Turquemenistão,Premium
3855,Bento Duarte,wnovaes@example.org,64,Mayotte,Premium
3856,Ana Carolina Mendes,pduarte@example.org,48,Clipperton Island,Free
3857,Matteo Oliveira,lpastor@example.net,47,Namíbia,Premium
3858,Caleb Vasconcelos,salesjoana@example.org,49,Montenegro,Family
3859,Sra. Ana Laura Lopes,enricopacheco@example.org,69,Comores,Premium
3860,Marcelo Fogaça,fonsecajoana@example.com,20,Macedônia do Norte,Free
3861,Maria Sophia Freitas,zrezende@example.org,25,Venezuela,Free
3862,Srta. Olivia Nunes,ypinto@example.org,59,Jamaica,Family
3863,Ayla da Rosa,hmoraes@example.org,36,Lituânia,Premium
3864,Ágatha Vieira,apolloabreu@example.org,57,Reino Unido,Family
3865,Caleb Siqueira,llopes@example.net,62,Ilhas Caiman,Free
3866,Ana Julia Cassiano,bruno91@example.com,28,Antártica,Family
3867,Dr. Benicio Câmara,gabrielsampaio@example.org,49,Eritreia,Free
3868,Isaac Nunes,barbaracunha@example.net,37,Ilha Bouvet,Premium
3869,Sophia da Cruz,evelyn39@example.com,38,Gabão,Premium
3870,Carlos Eduardo Pacheco,mariaguerra@example.net,40,Letônia,Family
3871,Erick Rios,montenegrodanilo@example.net,34,Tuvalu,Free
3872,Maysa Alves,qleao@example.net,36,Belize,Premium
3873,Pedro Lucas da Luz,smelo@example.net,70,Namíbia,Free
3874,Ana Carolina Cavalcante,gcassiano@example.net,45,Zâmbia,Premium
3875,Dr. José Novais,joao-gabriel67@example.com,60,Canadá,Free
3876,Maysa Moreira,xsilveira@example.org,27,Nigéria,Premium
3877,Dra. Esther Teixeira,augusto34@example.net,40,República Centro-Africana,Free
3878,Guilherme Farias,kfonseca@example.net,25,Groenlândia,Free
3879,Sr. Davi Lucas Rocha,leo10@example.net,23,Eritreia,Free
3880,Maria Flor Rios,joaquim90@example.net,21,Barein,Premium
3881,Theo Barros,sofia38@example.net,27,Coral Sea Islands,Premium
3882,Esther Novais,rezendemaite@example.net,47,Bielorrússia,Premium
3883,Joaquim Sales,emanuellymartins@example.org,40,Austrália,Premium
3884,Sr. Gael Cardoso,siqueiramariane@example.net,27,Ilhas Heard e McDonald,Free
3885,Maria Sophia Correia,rochaluiz-fernando@example.com,43,Bangladesh,Free
3886,Danilo Andrade,hellenasa@example.org,64,Guiné-Bissau,Premium
3887,Sra. Maitê Viana,rodrigueslais@example.org,54,Ilhas Caiman,Family
3888,Paulo Cunha,riosleonardo@example.net,60,Malta,Free
3889,Ayla da Cunha,luiz-felipecardoso@example.com,67,Geórgia do Sul e Sandwich do Sul,Premium
3890,Benjamin Souza,macedomaria-fernanda@example.org,51,Camarões,Free
3891,Yasmin Melo,ualves@example.net,38,Ilha Bouvet,Free
3892,Brenda Carvalho,eduardapires@example.com,67,Jan Mayen,Free
3893,Lorenzo Lima,emanuelfernandes@example.net,56,Svalbard e Jan Mayen,Premium
3894,Lunna Teixeira,davi-lucca83@example.org,26,São Tomé e Príncipe,Family
3895,Diogo Jesus,bella80@example.com,21,Ruanda,Family
3896,Dr. Mateus Vargas,murilocirino@example.net,23,Serra Leoa,Free
3897,Agatha Caldeira,qvieira@example.com,32,Argentina,Free
3898,Srta. Heloisa Nascimento,bryancorreia@example.com,62,Jordânia,Premium
3899,Maria Liz Brito,ribeiroluiz-otavio@example.net,62,Hungria,Premium
3900,Dra. Ana Beatriz Carvalho,barbararocha@example.org,50,Líbano,Family
3901,Bárbara Caldeira,da-matacecilia@example.org,66,Trindade e Tobago,Premium
3902,Hellena Camargo,clarice42@example.com,62,Islândia,Premium
3903,Isabela Novais,ffreitas@example.com,34,Canadá,Free
3904,Henry Gabriel Viana,valentimduarte@example.com,35,Mauritânia,Family
3905,Alexandre Caldeira,erick59@example.org,70,Vietnam,Premium
3906,Gabrielly Abreu,moreirapedro-lucas@example.net,55,China,Family
3907,Carlos Eduardo Alves,da-rosanoah@example.net,23,Jersey,Family
3908,Otto Teixeira,msouza@example.org,49,Estados Unidos,Premium
3909,Yan Jesus,danilo72@example.org,55,Indonésia,Free
3910,Alice Garcia,ucarvalho@example.com,53,Venezuela,Family
3911,Dr. Leonardo Sá,onascimento@example.net,51,Andorra,Free
3912,Maria Liz Moreira,luiz-otaviopeixoto@example.com,32,Geórgia,Family
3913,Murilo Cirino,rezendeaurora@example.com,28,Paraguai,Family
3914,Juliana Caldeira,nogueirajoao-felipe@example.com,42,Costa do Marfim,Free
3915,Ryan Vieira,milenada-costa@example.org,68,Macau,Premium
3916,Maria Sophia Costa,abreugael@example.org,33,Haiti,Family
3917,Paulo Fogaça,grios@example.org,49,Croácia,Premium
3918,Benicio Oliveira,vargasdavi-luiz@example.net,47,Butão,Free
3919,Maria Luiza Sá,qfreitas@example.org,24,Togo,Free
3920,Rafaela Cunha,kporto@example.com,21,Território Britânico do Oceano Índico,Premium
3921,Davi Miguel Moreira,siqueiraeduarda@example.org,69,Luxemburgo,Family
3922,Lívia da Mata,arthur-gabriel99@example.org,57,Costa do Marfim,Free
3923,Isaque Oliveira,zmendes@example.net,47,Moldávia,Family
3924,Sra. Isadora Nunes,guilhermeazevedo@example.com,51,Cuba,Free
3925,Luiza Aparecida,hda-luz@example.org,45,Croácia,Premium
3926,Matteo Fonseca,vlopes@example.net,38,Hungria,Free
3927,Alana Gomes,carolinada-mata@example.net,57,Marianas do Norte,Free
3928,Júlia Cirino,vitor15@example.com,41,Gana,Family
3929,Gabrielly Santos,das-neveslorena@example.org,37,Panamá,Premium
3930,Luigi da Luz,carolinada-paz@example.net,56,Gâmbia,Family
3931,Raul da Luz,eloa73@example.com,25,Ilha de Man,Family
3932,André Campos,ottocassiano@example.org,27,Liechtenstein,Family
3933,Maria Laura Gomes,pmartins@example.net,49,Tuvalu,Premium
3934,Elisa Ribeiro,almeidaraul@example.org,69,Camarões,Free
3935,Amanda da Conceição,ferreiranicole@example.com,59,Croácia,Premium
3936,Caroline Santos,montenegroluiz-otavio@example.com,51,Croácia,Premium
3937,Sra. Lunna Jesus,qda-mata@example.org,57,Ilha do Natal,Free
3938,Vitor Gabriel Carvalho,jramos@example.org,65,São Cristóvão e Neves,Premium
3939,Letícia Vieira,nicolas43@example.net,27,Tajiquistão,Premium
3940,Heloísa Cardoso,jda-conceicao@example.com,43,Nepal,Free
3941,Marcelo Rezende,oliveirarebeca@example.net,63,Polônia,Family
3942,Maria Luísa Duarte,viniciusporto@example.org,42,Vaticano,Free
3943,Sr. Fernando Freitas,ccunha@example.net,66,Peru,Premium
3944,Beatriz Barbosa,melomaria@example.com,66,Níger,Premium
3945,Pedro Miguel Rios,lucca68@example.com,52,Suíça,Free
3946,Lucca Monteiro,maysa49@example.org,53,Bangladesh,Family
3947,Dr. Antony Rezende,stellada-cunha@example.net,44,Panamá,Free
3948,Srta. Olívia Costela,sda-rosa@example.net,33,Reino Unido,Free
3949,Bruna Nunes,antony44@example.com,22,Micronésia,Premium
3950,João da Rosa,rezendemaria-fernanda@example.org,55,Polônia,Premium
3951,Sr. Danilo Vieira,omelo@example.org,37,Zâmbia,Free
3952,João Felipe Pastor,natalia05@example.net,47,Iraque,Premium
3953,Otávio Ribeiro,wcorreia@example.net,59,Ilhas Virgens Americanas,Family
3954,Ana Clara Freitas,sousabella@example.net,30,Costa do Marfim,Premium
3955,Srta. Maria Clara Vieira,ravyguerra@example.com,35,Montenegro,Premium
3956,Maria Flor Casa Grande,cirinoleo@example.net,23,Guiana,Premium
3957,Ana Cecília Campos,joao-vitor81@example.com,65,Itália,Premium
3958,Maria Luiza da Costa,sofia04@example.org,45,Portugal,Family
3959,Maria Flor Dias,yrios@example.net,22,Vaticano,Family
3960,Isabella Ferreira,maria-sophia89@example.com,33,Lesoto,Family
3961,Rhavi Mendes,sabrinasa@example.com,26,Alemanha,Premium
3962,Maria Clara Cirino,brayanrezende@example.com,62,Ilhas Falkland,Free
3963,Vitor Gabriel Fogaça,walves@example.org,56,Taiwan,Free
3964,Sofia Farias,jose-pedro27@example.com,54,Uruguai,Family
3965,Luara Teixeira,joao90@example.com,33,Mauritânia,Free
3966,Dr. Anthony Borges,hsiqueira@example.com,55,Chade,Free
3967,Dante Gomes,gcassiano@example.org,31,Geórgia do Sul e Sandwich do Sul,Premium
3968,Maria Helena Aragão,joaquim88@example.org,29,Guam,Premium
3969,Sr. Luan Borges,fda-paz@example.com,24,São Tomé e Príncipe,Free
3970,Sr. Luigi Moura,esterrios@example.org,28,Cazaquistão,Premium
3971,Beatriz Almeida,mcamara@example.com,46,Ilhas Cook,Premium
3972,Arthur Miguel Farias,da-pazbernardo@example.org,42,Lituânia,Free
3973,Lívia Costa,lucas69@example.org,40,Coreia do Norte,Family
3974,Alexia Barros,maria30@example.net,43,Porto Rico,Family
3975,Carolina Cavalcante,kevin84@example.com,18,Guiné Equatorial,Free
3976,Maria Isis das Neves,rafaelmendes@example.net,21,Moldávia,Free
3977,Nina Macedo,blopes@example.com,56,Porto Rico,Free
3978,Gustavo Borges,ramoslavinia@example.net,42,Andorra,Family
3979,Dante da Mata,zsiqueira@example.org,46,Zimbábue,Family
3980,Cauê Vasconcelos,cpinto@example.com,19,Paraguai,Free
3981,Milena Castro,laura56@example.net,36,Salvador,Family
3982,Sr. João Miguel Cassiano,ana-laura46@example.net,23,França,Family
3983,Dr. Ryan Abreu,milenaalves@example.org,59,Ilha de Man,Free
3984,Sra. Natália Câmara,clara14@example.net,39,Síria,Free
3985,Leonardo Costela,ravi-lucca74@example.org,31,Argélia,Premium
3986,Samuel Fernandes,renanmonteiro@example.com,70,Maldivas,Free
3987,Emanuella Fonseca,guilherme65@example.net,53,Camarões,Family
3988,Nathan Marques,sabrinafogaca@example.org,40,Ilhas Turcas e Caicos,Premium
3989,Davi Lucca Vieira,maria-alicecasa-grande@example.org,30,Liechtenstein,Premium
3990,Rebeca Marques,ana-liviamendonca@example.com,22,Polônia,Premium
3991,Luísa Andrade,aazevedo@example.org,39,Cuba,Free
3992,Agatha Carvalho,oliveiradiego@example.net,61,Barbados,Family
3993,Catarina da Cruz,melinavasconcelos@example.com,46,Trindade e Tobago,Premium
3994,Davi Lucas Dias,csouza@example.org,26,Domínica,Family
3995,Maria Fonseca,fonsecacecilia@example.com,47,Camboja,Premium
3996,Isaac Porto,ana-juliamoraes@example.net,64,Aruba,Free
3997,Noah da Costa,nicole02@example.org,42,Vaticano,Premium
3998,Sr. Davi Lucas Vieira,gael70@example.org,52,Guernsey,Free
3999,Ana Luiza Lopes,julianacaldeira@example.org,56,Gibraltar,Family
4000,Marina da Mota,apollo69@example.net,33,Malta,Premium
4001,Sr. Luiz Felipe Teixeira,wporto@example.com,64,Noruega,Premium
4002,Sr. João Felipe Peixoto,aalves@example.com,25,Áustria,Family
4003,Alexandre Vasconcelos,paulo47@example.com,39,Moldávia,Family
4004,Vitor Hugo Rezende,raelrodrigues@example.org,22,Cuba,Free
4005,Thomas Ramos,enzo38@example.com,63,Suécia,Free
4006,Sra. Ana Cecília Casa Grande,pintoeduardo@example.org,45,Emirados Árabes Unidos,Family
4007,Danilo Duarte,ana-julia62@example.net,54,Chipre,Free
4008,Noah Carvalho,xcirino@example.com,54,Birmânia,Free
4009,Srta. Antonella Oliveira,ecarvalho@example.com,62,Gibraltar,Family
4010,Clara Abreu,henry-gabrielrodrigues@example.org,42,Ilhas Virgens Britânicas,Free
4011,Olívia da Mota,machadolucas@example.org,19,Ilhas Cook,Free
4012,Dra. Luiza Abreu,kferreira@example.com,41,Navassa Island,Free
4013,João Vitor Ferreira,melinacorreia@example.net,40,Sri Lanka,Family
4014,Dr. Bryan Gonçalves,teixeiraenrico@example.com,36,Mauritânia,Free
4015,Gabriela Teixeira,elisa75@example.net,49,Marianas do Norte,Premium
4016,Gabriela Araújo,ana-clara39@example.com,55,Guernsey,Premium
4017,Hellena Cirino,henrypereira@example.com,64,Ilhas Marshall,Free
4018,Dr. Gustavo Henrique Vieira,otavio34@example.com,21,Ilhas Turcas e Caicos,Premium
4019,Sr. Gustavo Pires,gda-cunha@example.com,40,Vanuatu,Family
4020,Letícia Souza,joao-lucas86@example.net,70,Líbia,Free
4021,Brayan Câmara,nogueirasabrina@example.net,53,Ilhas Virgens Americanas,Free
4022,Sr. Fernando Montenegro,mmarques@example.net,44,Canadá,Free
4023,Maria Vitória Cardoso,antonio70@example.com,64,Malásia,Premium
4024,Dra. Kamilly da Cruz,zoecampos@example.org,67,Niue,Premium
4025,Srta. Maria Júlia da Mota,sousasophie@example.com,65,Burundi,Premium
4026,Ian Fernandes,brayancavalcante@example.com,64,Taiwan,Premium
4027,Caroline Lopes,lunna07@example.net,51,Estônia,Free
4028,Alana Barbosa,ydas-neves@example.net,47,Peru,Free
4029,Carolina da Cruz,silvacalebe@example.net,33,Guatemala,Premium
4030,Dra. Maria Isis Marques,davi-luizmacedo@example.com,19,Comores,Premium
4031,Mariana Sá,heloisasouza@example.com,63,Congo-Brazzaville,Family
4032,Antony da Rocha,npires@example.org,45,Montenegro,Family
4033,Maya da Cruz,catarinabrito@example.com,18,São Pedro e Miquelon,Family
4034,Clarice Gomes,rduarte@example.com,26,Costa Rica,Family
4035,Liam Carvalho,gomesmurilo@example.com,48,Porto Rico,Family
4036,Dr. Luiz Henrique Rocha,ravy45@example.org,39,Senegal,Free
4037,Davi Luiz da Paz,leo67@example.net,43,Antártica,Premium
4038,Sr. Mateus Alves,joao-vitor26@example.org,24,Maurícia,Free
4039,Dra. Julia Vieira,freitassara@example.net,64,Cuba,Free
4040,Heitor Moura,biancaferreira@example.com,29,Serra Leoa,Free
4041,Dante Vargas,da-conceicaomarina@example.net,55,Filipinas,Free
4042,Manuella Rezende,nicolaslopes@example.net,47,Antilhas Holandesas,Free
4043,Ana Clara da Rosa,portoayla@example.net,44,Uruguai,Premium
4044,Mariane Rios,da-motaolivia@example.com,33,Gabão,Premium
4045,Luiz Henrique Gonçalves,kgoncalves@example.net,28,Botsuana,Premium
4046,Marcela Costa,ncastro@example.net,37,Botsuana,Family
4047,Beatriz Sampaio,ferreiramaria-helena@example.net,42,Domínica,Free
4048,Liz Machado,luiz-miguelvargas@example.com,62,Lesoto,Family
4049,Sr. Lucas Gabriel Cassiano,ana-lauracavalcante@example.org,46,Barein,Free
4050,Kevin Mendes,oferreira@example.net,42,Papua-Nova Guiné,Free
4051,Dra. Clarice Barbosa,rafaelacamara@example.org,23,Japão,Free
4052,Lorenzo Pacheco,heloisa24@example.net,37,Bielorrússia,Family
4053,Dra. Liz Cardoso,vicenteguerra@example.com,29,Jordânia,Free
4054,Dr. José Miguel Garcia,da-motadaniela@example.net,60,Suriname,Premium
4055,Ian Azevedo,ada-cunha@example.org,41,Bangladesh,Family
4056,José da Mota,vasconcelosolivia@example.org,42,Suíça,Premium
4057,Alice Aparecida,casa-grandececilia@example.net,70,Países Baixos,Premium
4058,Bento Cavalcante,garciaagatha@example.org,45,Micronésia,Premium
4059,Heitor Barros,caldeiramaya@example.com,37,Guiné,Free
4060,Manuela Macedo,lnovaes@example.org,55,São Vicente e Granadinas,Free
4061,Pedro Moraes,vitoria87@example.com,50,Anguila,Free
4062,Daniela Freitas,yurigarcia@example.net,24,Brasil,Family
4063,Allana Duarte,jesusana-laura@example.org,53,Dhekelia,Family
4064,Juliana Ferreira,da-luzana-julia@example.com,58,Haiti,Family
4065,Arthur Gabriel Camargo,theodoro15@example.com,51,Líbia,Free
4066,Dante Moraes,ada-rocha@example.com,69,Egito,Family
4067,Liz Moraes,anthony-gabriel53@example.com,66,Rússia,Premium
4068,Luna Dias,ulima@example.net,31,Quiribáti,Free
4069,Noah Machado,theocostela@example.org,34,Roménia,Free
4070,Isaque Gonçalves,pfogaca@example.com,28,Kuwait,Family
4071,Manuella Vargas,walves@example.net,24,Ilha Bouvet,Premium
4072,Diogo Campos,felipeabreu@example.org,66,Guiné,Free
4073,Natália Campos,isabella17@example.com,46,Estados Unidos,Free
4074,Ryan Câmara,vcorreia@example.net,28,Camarões,Family
4075,Lara Machado,wsantos@example.com,31,Chile,Family
4076,Maitê Montenegro,luiz-otaviofreitas@example.org,38,Nepal,Premium
4077,Eduardo da Conceição,hbarros@example.org,47,Vaticano,Premium
4078,Eduardo Câmara,levibarbosa@example.com,19,Índia,Free
4079,João Gabriel Cavalcanti,jose-miguelcastro@example.com,60,Trindade e Tobago,Family
4080,Levi Montenegro,siqueiratheo@example.org,50,União Europeia,Premium
4081,Igor Ferreira,mouralarissa@example.net,24,Cazaquistão,Family
4082,Henrique Moraes,pnunes@example.net,37,Território Britânico do Oceano Índico,Family
4083,Ravi Pires,luiz-otavio72@example.net,35,Suazilândia,Free
4084,Maria Alice Azevedo,beatrizribeiro@example.org,68,Canadá,Free
4085,Dante Dias,alvescaroline@example.com,31,Líbano,Family
4086,Luiza Ribeiro,kpimenta@example.net,21,Groenlândia,Family
4087,Fernando Rezende,opires@example.org,53,Ucrânia,Free
4088,Benjamin da Cruz,karaujo@example.org,41,Camarões,Free
4089,Júlia Ribeiro,lucas56@example.org,61,Seicheles,Free
4090,Maria Cecília Cavalcante,cirinoalexia@example.net,21,Moçambique,Premium
4091,Gael Pastor,heloisavasconcelos@example.net,67,Cuba,Premium
4092,Yan Santos,ymarques@example.org,22,Tunísia,Free
4093,Breno Castro,garciaisabel@example.net,31,Zâmbia,Premium
4094,Sr. Bernardo da Rocha,machadomaysa@example.net,65,Brunei,Free
4095,Luigi Leão,albuquerqueluan@example.org,67,Macedônia do Norte,Premium
4096,Srta. Hadassa Pastor,viniciusda-cruz@example.com,27,Svalbard e Jan Mayen,Free
4097,Caleb Vasconcelos,borgesmaria-sophia@example.org,32,Guiana,Free
4098,Maria Luiza da Costa,pireslaura@example.net,32,Niue,Free
4099,Dr. Cauê Vasconcelos,gda-cunha@example.net,18,Guatemala,Family
4100,Clara Pastor,mpires@example.org,55,Itália,Premium
4101,Benjamim da Paz,ayllacaldeira@example.com,63,Guatemala,Family
4102,Isaque Borges,maria-claracasa-grande@example.net,61,Territórios Austrais Franceses,Free
4103,Vicente Santos,arthur79@example.net,33,Bahamas,Family
4104,Elisa Moura,davirios@example.org,24,Etiópia,Premium
4105,Bárbara Pacheco,davi-miguelandrade@example.com,47,Pitcairn,Premium
4106,Vitor Hugo Silveira,ncosta@example.net,60,Ilhas Virgens Britânicas,Family
4107,Dr. Rafael Sousa,dcamargo@example.org,66,Faroé,Family
4108,Henrique da Cunha,garciajoao-guilherme@example.org,42,Noruega,Free
4109,Brenda Gonçalves,mendesmaria-cecilia@example.org,46,Tokelau,Premium
4110,Bryan Viana,sophievieira@example.com,56,Países Baixos,Family
4111,Alícia Cavalcante,camaraluara@example.org,39,Andorra,Family
4112,Sra. Melina Guerra,albuquerquelevi@example.org,61,Paracel Islands,Free
4113,Ana Sophia da Costa,oliver38@example.org,33,Egito,Family
4114,Arthur Gabriel da Luz,wcosta@example.net,63,Suriname,Free
4115,Gabriela Casa Grande,jose-miguelpacheco@example.com,30,Colômbia,Premium
4116,Melina da Rocha,da-pazmarcos-vinicius@example.org,66,Síria,Free
4117,Lunna Araújo,pgarcia@example.net,26,Samoa Americana,Premium
4118,Liam Brito,bellasouza@example.org,29,Bielorrússia,Premium
4119,Leandro Melo,levimonteiro@example.org,61,Azerbaijão,Free
4120,Dra. Isadora Melo,matteosampaio@example.com,55,Tuvalu,Family
4121,Ravi Lucca Novaes,renanda-costa@example.org,64,Peru,Premium
4122,Rodrigo Azevedo,ryan96@example.org,55,Albânia,Free
4123,Samuel Azevedo,oliveirajade@example.net,50,Portugal,Premium
4124,Raquel Fonseca,maria-helenasa@example.org,35,Reino Unido,Free
4125,Arthur Gabriel Gonçalves,qbarbosa@example.org,58,Malávi,Premium
4126,Mariana Vasconcelos,machadoalexandre@example.net,42,Jersey,Premium
4127,Ana Júlia Barros,hviana@example.org,33,Tonga,Family
4128,Vinicius Albuquerque,ribeiroryan@example.com,69,Suíça,Premium
4129,Emilly Guerra,zmoura@example.com,42,Noruega,Family
4130,Davi Lucas da Mata,pintojuan@example.net,51,Cuba,Free
4131,Marcela Melo,giovanna51@example.net,26,Gibraltar,Free
4132,Dr. Josué Santos,liamalmeida@example.org,35,São Tomé e Príncipe,Family
4133,Srta. Valentina Peixoto,stephanymontenegro@example.com,39,Jibuti,Free
4134,Sr. Yan Novais,cavalcantegael@example.com,18,Montenegro,Family
4135,Joaquim Cirino,joanafarias@example.net,70,Uganda,Premium
4136,Sr. Samuel Costa,haraujo@example.org,54,Macau,Premium
4137,Mariane Aragão,cavalcantimiguel@example.net,69,Comores,Family
4138,Dr. Dom Alves,siqueiracaua@example.org,21,Vietnam,Family
4139,Luara da Cruz,galbuquerque@example.net,52,Singapura,Family
4140,Luara Pires,lmendes@example.net,58,Groenlândia,Free
4141,André da Rosa,ymendes@example.net,68,Nepal,Family
4142,Mariah Freitas,scunha@example.net,56,Nepal,Premium
4143,Théo Moraes,uguerra@example.net,45,Ilha do Natal,Premium
4144,Mariah Cunha,danilocamara@example.net,62,União Europeia,Premium
4145,Lívia Melo,giovanna17@example.net,70,Mauritânia,Premium
4146,Dr. Isaac da Conceição,vitor-gabrielaraujo@example.org,25,Salvador,Premium
4147,Bella Melo,fernandesluiz-felipe@example.org,29,Israel,Family
4148,Ana Beatriz Aparecida,tdas-neves@example.net,62,Ilhas Virgens Britânicas,Premium
4149,Aurora Lopes,maria-helena15@example.com,43,Reino Unido,Family
4150,Allana Novaes,pazevedo@example.net,48,Chipre,Family
4151,Sabrina Fernandes,novaisnicolas@example.net,60,Tanzânia,Family
4152,Ana Julia Borges,benicio99@example.net,64,Chipre,Family
4153,Valentim Sampaio,henry-gabrielnogueira@example.com,65,Jordânia,Family
4154,Gabriel Araújo,talves@example.net,52,Akrotiri,Family
4155,Nicole Azevedo,sarahrodrigues@example.com,53,Áustria,Family
4156,Ester Cavalcanti,ramosevelyn@example.com,40,Maurícia,Premium
4157,Joana Melo,maitesilveira@example.org,66,Equador,Premium
4158,Kevin Fogaça,ferreirabarbara@example.org,30,Usbequistão,Premium
4159,Ryan Gomes,luanafreitas@example.org,55,Zimbábue,Free
4160,Maria Cecília Cirino,rcarvalho@example.net,22,São Vicente e Granadinas,Free
4161,Ana Carolina da Mota,cazevedo@example.net,20,Índia,Free
4162,Maria Liz Lima,clarabarbosa@example.net,59,São Cristóvão e Neves,Premium
4163,Isabela Pinto,mayalima@example.com,29,Ilhas Virgens Britânicas,Premium
4164,Lara Vasconcelos,rodriguesbernardo@example.net,58,Bielorrússia,Free
4165,Cauã Rezende,sophiasales@example.org,23,Coral Sea Islands,Premium
4166,Sr. Luiz Felipe Cunha,vasconcelosjoana@example.com,39,Bahamas,Free
4167,Pietra Cassiano,gcassiano@example.org,26,Cuba,Free
4168,Ana Cecília da Cruz,pintoravi-lucca@example.net,68,Bulgária,Free
4169,Alícia Fonseca,amanda39@example.org,59,Arábia Saudita,Premium
4170,Cecilia Araújo,maria-ceciliada-rosa@example.org,32,República Centro-Africana,Family
4171,Benjamin Nunes,breno33@example.net,52,Suécia,Premium
4172,Melissa Monteiro,psouza@example.org,22,Jersey,Premium
4173,Ana Júlia Barbosa,renan96@example.org,55,Tanzânia,Family
4174,Marcos Vinicius Guerra,pachecosamuel@example.org,30,França,Family
4175,Dra. Lara Fonseca,tcosta@example.org,18,Roménia,Free
4176,Davi Lucas Pereira,bsouza@example.com,50,Timor Leste,Family
4177,Yasmin Correia,nogueiramaria-liz@example.net,25,Samoa,Family
4178,Aylla Pacheco,ubrito@example.com,51,Ilhas Heard e McDonald,Premium
4179,Pedro Mendonça,vpereira@example.net,32,Geórgia do Sul e Sandwich do Sul,Premium
4180,Dr. Isaque Novaes,bmelo@example.org,26,Niue,Free
4181,João Felipe Albuquerque,rodriguesgabriel@example.com,70,Guernsey,Family
4182,Juliana Monteiro,csilveira@example.org,50,Ilhas Cook,Family
4183,Paulo Melo,aliciafarias@example.net,49,Comores,Free
4184,Bryan Farias,mendoncastephany@example.com,61,Singapura,Family
4185,Luiz Miguel Aparecida,lucas-gabrielmelo@example.org,41,Namíbia,Premium
4186,Otávio Fernandes,kaiquecastro@example.org,48,Tajiquistão,Premium
4187,Aurora Garcia,maria-isis62@example.com,38,Cabo Verde,Free
4188,Sofia da Mata,csampaio@example.com,20,Salvador,Premium
4189,Rodrigo Marques,vieirabella@example.org,70,São Cristóvão e Neves,Premium
4190,Stella da Cunha,maria-lizjesus@example.org,64,Canadá,Premium
4191,Marcos Vinicius Sousa,ypereira@example.org,67,Cuba,Family
4192,Sra. Isabela Montenegro,gustavo-henrique64@example.net,28,Nicarágua,Free
4193,Dr. Apollo Vieira,maria-eduarda69@example.org,57,Armênia,Free
4194,Sr. Pedro Henrique da Cunha,freitasthomas@example.org,57,Paracel Islands,Premium
4195,Brenda da Costa,qcassiano@example.net,32,Chipre,Family
4196,Théo Abreu,freitasmirella@example.org,46,Azerbaijão,Family
4197,Enzo Gabriel Caldeira,ana-sophia05@example.com,51,Singapura,Family
4198,Sr. Theodoro Pinto,pedro-lucas47@example.org,45,Ilhas Turcas e Caicos,Free
4199,João Vitor Mendes,alvesluisa@example.com,66,Ilha Norfolk,Free
4200,Dr. Ian Camargo,yagorios@example.org,62,Indonésia,Family
4201,Sra. Amanda Machado,olivia58@example.org,22,Macau,Free
4202,Dr. Otto Peixoto,thiagoda-costa@example.com,54,Comores,Family
4203,Juliana da Luz,zgomes@example.com,43,Antártica,Premium
4204,Sra. Maria Luísa Teixeira,rhavi99@example.net,54,Birmânia,Family
4205,Yago Pacheco,oliviamartins@example.net,33,São Cristóvão e Neves,Premium
4206,Srta. Sara Rocha,ninafogaca@example.com,65,Domínica,Family
4207,Ravi Lucca Rocha,umontenegro@example.com,64,Guiné Equatorial,Family
4208,Dr. João Lucas da Mota,xaragao@example.com,66,Tunísia,Family
4209,Enzo Gabriel Ramos,augusto94@example.com,66,Sara Ocidental,Premium
4210,Gustavo Henrique Câmara,barrosmaria-vitoria@example.org,59,Afeganistão,Premium
4211,Luiz Miguel Câmara,sampaiomaria-sophia@example.com,29,Costa Rica,Premium
4212,Ana Novais,abreumathias@example.net,61,Akrotiri,Family
4213,Vitor Rios,carvalhojuan@example.org,46,Haiti,Family
4214,Eloah Borges,pintolavinia@example.net,36,Comores,Family
4215,Maria Flor Brito,catarina13@example.com,70,Birmânia,Premium
4216,Gabriela Vargas,carlos-eduardo65@example.org,44,Fiji,Family
4217,Anthony Gabriel Rocha,theo14@example.com,48,Áustria,Free
4218,Lucca Lopes,portoisabel@example.net,45,Chipre,Free
4219,Ana Nunes,da-luzbenicio@example.org,41,Brasil,Premium
4220,Marcos Vinicius da Costa,ana-sophia04@example.com,64,Benim,Premium
4221,Arthur Souza,noahteixeira@example.com,57,Togo,Free
4222,Pietro Almeida,mariahcastro@example.net,54,Guiné Equatorial,Family
4223,Anthony Gabriel Moraes,lucas-gabriel82@example.com,18,Iêmen,Free
4224,Luara Porto,emillyda-cunha@example.org,59,Samoa Americana,Free
4225,Sabrina Fogaça,olivia66@example.net,30,Estônia,Free
4226,Enrico Caldeira,upastor@example.com,42,Ilhas Caiman,Premium
4227,Allana Costa,britosabrina@example.org,42,Equador,Premium
4228,Isaque Costa,joao-lucas93@example.net,35,Grécia,Free
4229,Ana Júlia Pastor,maria-fernanda70@example.org,59,Ilhas Salomão,Free
4230,Paulo Moraes,uvieira@example.com,19,Timor Leste,Free
4231,Emanuel Vieira,albuquerquethomas@example.org,62,Polônia,Family
4232,Ana Carolina Nunes,samuel65@example.com,52,Omã,Premium
4233,Ana Júlia da Rocha,mariapeixoto@example.net,53,Cuba,Premium
4234,Ana Luiza Moreira,opereira@example.net,25,Tonga,Family
4235,Murilo Souza,joao-felipeda-mota@example.net,39,Países Baixos,Premium
4236,Vitor Caldeira,silveirajoao-vitor@example.org,54,Espanha,Free
4237,Eduarda Fonseca,ribeirocarlos-eduardo@example.org,61,China,Free
4238,Henry Macedo,riosdavi-lucca@example.org,58,Bangladesh,Free
4239,Nathan Nunes,laura63@example.org,31,Suazilândia,Family
4240,Sophie Siqueira,pintoleo@example.org,37,Brunei,Free
4241,Paulo Silva,mendoncakaique@example.net,23,Brasil,Family
4242,Benicio Gonçalves,rodrigo79@example.com,60,Peru,Free
4243,Melina Sá,fernando85@example.com,25,Burundi,Free
4244,Pedro Henrique Pires,ada-cruz@example.org,27,Croácia,Premium
4245,Emilly Martins,sabrinamoraes@example.com,47,Timor Leste,Free
4246,Renan Sá,ileao@example.org,40,Estados Unidos,Free
4247,Stella Martins,zbarros@example.org,53,Paquistão,Free
4248,Bruna Silveira,xgoncalves@example.net,34,Eslováquia,Premium
4249,Luiz Miguel Cirino,hadassa17@example.com,47,Marianas do Norte,Family
4250,Fernanda da Costa,luiz-fernando77@example.net,44,Libéria,Family
4251,Camila da Paz,lais20@example.com,33,Índia,Family
4252,Nathan Mendes,eloah67@example.com,37,Nova Caledónia,Premium
4253,Nina Cunha,siqueiraleonardo@example.com,53,Uganda,Family
4254,Ian Almeida,isisda-conceicao@example.net,65,Nova Zelândia,Free
4255,Sr. Guilherme Porto,luisa54@example.org,31,Bósnia e Herzegovina,Family
4256,Isaac Guerra,nascimentomanuela@example.org,22,Chade,Free
4257,Sr. João Guilherme Carvalho,almeidaclara@example.org,60,Taiwan,Premium
4258,Vitor Freitas,ana-clara63@example.net,63,Ilha Norfolk,Premium
4259,Melina Andrade,csilveira@example.org,36,Andorra,Premium
4260,Larissa Nunes,davi-miguelaraujo@example.com,66,Togo,Premium
4261,Catarina Moreira,gomesbrenda@example.com,25,Tailândia,Free
4262,Maria Cecília da Rosa,fmendonca@example.com,44,Wallis e Futuna,Family
4263,Marina Costa,fogacasophia@example.org,55,Lituânia,Family
4264,Maria Cecília Farias,vieirahadassa@example.net,66,Moçambique,Premium
4265,Anna Liz da Paz,eduardo97@example.com,30,Austrália,Free
4266,Pedro Pimenta,esterda-mota@example.org,29,Áustria,Free
4267,Sra. Zoe Brito,bcastro@example.org,52,Albânia,Premium
4268,Ayla Rezende,maria-luisasa@example.net,59,Etiópia,Premium
4269,Srta. Manuela Marques,eduardapeixoto@example.com,35,Ilhas Salomão,Free
4270,Lavínia Teixeira,yuri45@example.com,19,Ucrânia,Free
4271,Josué Pereira,juanaraujo@example.org,30,Ilhas Heard e McDonald,Family
4272,João Miguel Lima,hfogaca@example.com,58,Suriname,Free
4273,Dr. Pedro Henrique Farias,davi-luccaferreira@example.com,63,Ilhas Heard e McDonald,Family
4274,Dr. Matteo Fernandes,theodoromendes@example.org,19,Brasil,Family
4275,Maria Cecília da Mata,alexia74@example.org,60,Irlanda,Family
4276,Sr. Lucas Gabriel Mendes,maysasantos@example.org,18,Portugal,Family
4277,Srta. Catarina Cunha,gabriel65@example.com,57,Bangladesh,Family
4278,Eloá Ribeiro,guerrarafaela@example.com,65,Japão,Family
4279,Dr. Calebe Carvalho,rochasophia@example.com,67,Anguila,Free
4280,Lorenzo da Rocha,siqueiraemilly@example.com,27,Santa Lúcia,Family
4281,Maria Júlia Teixeira,vbarros@example.com,31,Paraguai,Premium
4282,Maysa Câmara,vitorferreira@example.net,36,Mauritânia,Free
4283,Larissa Pastor,valentimda-mota@example.net,63,Costa Rica,Premium
4284,Apollo Borges,albuquerquehenry@example.net,40,Polônia,Family
4285,Stella Novaes,nbarbosa@example.com,68,Somália,Free
4286,Alícia Caldeira,wfonseca@example.org,39,Guernsey,Premium
4287,Thiago Moreira,martinsisis@example.com,33,Guiné,Free
4288,Sr. Vitor Hugo Andrade,mda-rosa@example.net,58,Montenegro,Premium
4289,Ana Sophia Azevedo,isis60@example.com,39,Ilha Bouvet,Family
4290,Isabella da Cunha,liampacheco@example.net,44,São Vicente e Granadinas,Family
4291,Isadora Andrade,luiz-miguelmendonca@example.org,31,Kuwait,Free
4292,Pedro Miguel Porto,ramoseloah@example.com,57,Lituânia,Free
4293,Marcos Vinicius Barbosa,fonsecamarcelo@example.net,42,Svalbard e Jan Mayen,Free
4294,Dra. Marina Rezende,caldeiraeduarda@example.com,24,Mali,Free
4295,Leandro Câmara,pimentajoao-felipe@example.net,47,Tailândia,Family
4296,Bernardo Sales,stephany53@example.org,55,Chipre,Free
4297,Davi Miguel Sampaio,vieirahenry@example.org,42,Granada,Premium
4298,Sr. Eduardo Mendes,maria-aliceabreu@example.org,51,Etiópia,Family
4299,Maria Luísa Santos,fernandesluana@example.org,42,Geórgia,Family
4300,Isabelly Barros,vcastro@example.org,65,Cabo Verde,Family
4301,Ana Vitória Borges,qcaldeira@example.org,48,Uganda,Premium
4302,João Lucas Santos,kamilly48@example.net,60,Finlândia,Premium
4303,Isaque Lima,brayan39@example.net,62,Iran,Premium
4304,Daniela Viana,isantos@example.org,40,Afeganistão,Family
4305,Emanuel Rodrigues,luarapeixoto@example.com,36,Togo,Family
4306,Valentina Castro,zmachado@example.org,37,Estados Unidos,Free
4307,Dr. Gael Henrique Fogaça,heloisaferreira@example.org,53,Estônia,Family
4308,Davi Lucas Moura,goncalvesmelissa@example.org,50,Tuvalu,Free
4309,Gabriel Campos,isabela07@example.com,39,Nova Caledónia,Premium
4310,Emanuel Almeida,da-costaluiz-felipe@example.net,38,Cuba,Free
4311,Dante Leão,nathanmoraes@example.org,51,Croácia,Free
4312,Pedro Henrique Pinto,maria-clararezende@example.net,44,Geórgia do Sul e Sandwich do Sul,Family
4313,Diego Mendonça,fogacamarcelo@example.com,29,Camarões,Free
4314,Arthur Miguel Moraes,marquesbruno@example.net,44,Ilhas Virgens Britânicas,Free
4315,Arthur Miguel Sá,brendabarros@example.net,30,Birmânia,Premium
4316,Isaac Silva,heloisamendonca@example.com,32,Egito,Premium
4317,Melissa Pacheco,vianaisabella@example.com,62,Arábia Saudita,Premium
4318,Sr. Apollo Oliveira,carvalholuigi@example.org,41,Grécia,Premium
4319,Dra. Manuella Fogaça,fernandeshelena@example.net,32,Portugal,Family
4320,Mariah Garcia,santosolivia@example.org,54,Geórgia,Premium
4321,Beatriz Costela,ana-sophia95@example.net,40,Sudão,Free
4322,Vitória Castro,barroslavinia@example.net,36,Paquistão,Premium
4323,José Miguel Fonseca,aferreira@example.com,23,Domínica,Free
4324,Dr. Vinícius Fernandes,emanuelly00@example.org,32,Faroé,Family
4325,Rhavi Costa,gael-henriquemachado@example.org,38,Ilhas Turcas e Caicos,Free
4326,Otávio Cavalcante,jose-miguel58@example.net,19,Finlândia,Family
4327,Levi Abreu,dfonseca@example.org,41,Sara Ocidental,Family
4328,Luna Oliveira,borgesmaria-vitoria@example.net,61,Tailândia,Free
4329,Pietro Brito,wrios@example.org,48,Antilhas Holandesas,Family
4330,Antônio Vieira,pastorlucca@example.net,67,Papua-Nova Guiné,Family
4331,Marcelo da Costa,carvalhoanna-liz@example.org,56,Ilhas Turcas e Caicos,Premium
4332,Zoe Novais,riosravi@example.org,40,Coral Sea Islands,Premium
4333,Liam Fonseca,juliada-rosa@example.net,28,Congo-Brazzaville,Family
4334,Carlos Eduardo Vargas,yaragao@example.com,48,Cazaquistão,Premium
4335,Larissa Lima,sophie13@example.net,53,China,Family
4336,Letícia Fogaça,da-matabenjamin@example.com,25,Dhekelia,Family
4337,Agatha Moura,olivia69@example.net,40,Grécia,Family
4338,Dante Silveira,gustavo85@example.org,51,Quirguizistão,Free
4339,Sra. Pietra Barbosa,jesusana-vitoria@example.net,32,Finlândia,Premium
4340,Isabela Machado,novaesbianca@example.org,45,Kuwait,Premium
4341,Valentina Rios,theodoro20@example.com,49,Cuba,Family
4342,Enzo Gabriel Souza,pastorapollo@example.net,37,Fiji,Family
4343,Isadora Sales,kfogaca@example.org,37,Moldávia,Family
4344,Ana Carolina Lopes,joao-guilhermemontenegro@example.org,36,Trindade e Tobago,Free
4345,Davi Lucca Sales,daniela90@example.com,49,Seicheles,Family
4346,Bryan Santos,melina38@example.net,59,Bielorrússia,Family
4347,Dra. Maria Helena Borges,maria-liz32@example.com,57,Wallis e Futuna,Free
4348,Emilly Pinto,da-motabella@example.net,52,Dinamarca,Free
4349,Maria Fernanda da Cruz,habreu@example.net,43,Líbia,Premium
4350,Matheus Nogueira,apollogoncalves@example.org,60,Ilha Bouvet,Premium
4351,Dr. Diego Albuquerque,ggarcia@example.net,48,Luxemburgo,Free
4352,Aylla Caldeira,klopes@example.org,38,Liechtenstein,Premium
4353,Rebeca Cardoso,sabrinapimenta@example.net,53,Ilhas Turcas e Caicos,Premium
4354,Dra. Ana Sophia Costa,xda-paz@example.org,54,Croácia,Free
4355,Bento Rezende,qribeiro@example.org,49,Coreia do Norte,Free
4356,Sr. Rodrigo Jesus,sarhavi@example.com,18,Libéria,Premium
4357,Rhavi Monteiro,gustavo13@example.com,21,República Dominicana,Family
4358,Caroline Gomes,ymoura@example.net,65,Moldávia,Free
4359,Manuela Ramos,rafaela84@example.org,50,Palau,Premium
4360,João Vitor Pastor,cporto@example.net,32,Etiópia,Family
4361,Joana Alves,hsantos@example.net,18,Ilha de Man,Family
4362,Davi Araújo,mmelo@example.com,62,Omã,Free
4363,Mariah Garcia,pastorlivia@example.net,44,Sara Ocidental,Family
4364,Breno Gonçalves,usilva@example.com,18,Territórios Austrais Franceses,Family
4365,João Felipe Lima,fernandesevelyn@example.org,55,Ilhas Cook,Free
4366,Erick Moreira,lorenzo10@example.com,53,Ilhas Salomão,Free
4367,João Miguel Almeida,stellada-cruz@example.org,65,Nepal,Family
4368,Maria Alice Alves,britoluana@example.org,54,Argélia,Family
4369,Luara Teixeira,duarteemanuella@example.com,37,Ruanda,Family
4370,Raul Almeida,ana-carolina02@example.org,37,Etiópia,Premium
4371,Bárbara Cavalcanti,costaana-clara@example.net,43,Usbequistão,Family
4372,Rodrigo Moura,britorebeca@example.net,29,Líbano,Family
4373,Calebe Oliveira,gda-rocha@example.net,70,Polônia,Family
4374,Ana Luiza Andrade,fabreu@example.org,43,Uganda,Premium
4375,Yasmin Cunha,heitor05@example.net,53,Benim,Premium
4376,Kaique Marques,yasminfernandes@example.net,35,Niue,Free
4377,Noah Câmara,pda-costa@example.net,19,Nepal,Free
4378,Sr. Erick da Rosa,cfernandes@example.com,26,Ilhas Falkland,Premium
4379,Anna Liz Nascimento,otavio84@example.org,27,Nova Zelândia,Premium
4380,Cauê Sousa,ffonseca@example.org,24,Panamá,Free
4381,Dr. Vinícius Cassiano,theodoro47@example.com,56,Espanha,Family
4382,Srta. Maria Alice Viana,costaotto@example.net,67,Croácia,Family
4383,Sra. Luara Cavalcanti,gabrielnunes@example.net,25,São Marinho,Free
4384,Ana Clara Garcia,cassianorhavi@example.com,40,Dhekelia,Family
4385,Olivia Campos,sarahjesus@example.com,62,Malávi,Premium
4386,João Guilherme Caldeira,zferreira@example.com,20,Albânia,Premium
4387,Arthur Gabriel Castro,emillyalmeida@example.net,66,Argélia,Family
4388,Benício Rios,tsales@example.com,41,Marrocos,Premium
4389,Ana Julia Jesus,yuri52@example.org,58,Nicarágua,Family
4390,Dr. Pedro Henrique Machado,srocha@example.com,41,Sérvia,Free
4391,Leonardo Fonseca,mendesjose-pedro@example.org,48,Guiné Equatorial,Family
4392,Luna Costa,caleb09@example.com,18,Roménia,Premium
4393,Otávio Barbosa,da-mataisadora@example.org,58,Gana,Family
4394,Francisco Lopes,nataliasiqueira@example.org,19,Emirados Árabes Unidos,Free
4395,Thiago Moreira,diasana-livia@example.org,26,Faroé,Free
4396,Manuella Guerra,barrosclarice@example.net,30,Chile,Family
4397,Henry Ramos,fogacabruno@example.net,45,Eritreia,Premium
4398,Léo Moreira,bianca19@example.org,61,Alemanha,Premium
4399,Maria Júlia Cunha,qfonseca@example.org,41,Marianas do Norte,Premium
4400,Ana Luiza da Cunha,ramosjose@example.net,38,Aruba,Premium
4401,Maria Flor Garcia,lunamartins@example.com,20,Ilhas Cook,Free
4402,João Pedro Castro,ninanunes@example.org,62,Ilhas Falkland,Family
4403,Maria Eduarda Leão,estherribeiro@example.org,55,Bolívia,Family
4404,Igor Albuquerque,bellagomes@example.com,52,Domínica,Free
4405,Beatriz Lima,barbosalarissa@example.net,57,Malásia,Free
4406,Dra. Cecilia Melo,melissaviana@example.org,63,Sérvia,Free
4407,Rebeca Gomes,kfarias@example.org,42,Rússia,Family
4408,Bianca Siqueira,hda-rocha@example.com,69,Indonésia,Free
4409,Henry Aparecida,felipe80@example.net,19,Niue,Free
4410,Sra. Nicole Freitas,da-conceicaosophie@example.org,44,Eslovênia,Free
4411,Erick Souza,wda-rocha@example.com,68,Polônia,Premium
4412,Mirella Andrade,gda-cruz@example.com,55,Mali,Family
4413,Vitória Cavalcanti,ianabreu@example.net,66,Egito,Free
4414,Gabrielly Rodrigues,nicole19@example.org,24,Marrocos,Free
4415,Sra. Brenda Fonseca,lbrito@example.org,37,Chile,Free
4416,Gabriel Machado,cunharebeca@example.net,51,Costa do Marfim,Premium
4417,Hellena Macedo,agathamonteiro@example.org,24,Venezuela,Family
4418,Liam Martins,hadassapastor@example.net,70,Samoa Americana,Family
4419,Breno Pereira,fernandesana-laura@example.com,25,Birmânia,Premium
4420,Ana Júlia Cardoso,bda-mata@example.org,34,Congo-Brazzaville,Free
4421,Maria Flor Gomes,egomes@example.com,33,Sara Ocidental,Family
4422,Ravi Lucca Nogueira,isaacazevedo@example.org,43,Coral Sea Islands,Family
4423,Stella Porto,nogueiraolivia@example.org,20,Argélia,Free
4424,Maria Luísa Castro,noah64@example.org,41,União Europeia,Premium
4425,Isabella Gonçalves,pgarcia@example.org,24,São Marinho,Premium
4426,Gustavo Moraes,maria-vitoriamoraes@example.org,54,Ilhas Turcas e Caicos,Premium
4427,Bruna Lopes,vitor52@example.net,27,Armênia,Premium
4428,Eduarda Pinto,fernanda18@example.net,38,Moldávia,Premium
4429,Marcela Porto,sousamelissa@example.org,34,Irlanda,Premium
4430,Caroline Melo,cmacedo@example.com,22,Eslováquia,Family
4431,Levi Araújo,danilo84@example.org,29,Gana,Family
4432,Sr. Calebe Novais,qdias@example.org,37,Serra Leoa,Premium
4433,Ísis Porto,ymonteiro@example.net,68,Polônia,Premium
4434,Stella Peixoto,yda-rocha@example.net,67,Marrocos,Free
4435,Júlia Montenegro,hpinto@example.org,49,Suíça,Family
4436,Clarice Castro,maria-laurada-rosa@example.org,23,França,Family
4437,Maria Flor Abreu,scavalcante@example.net,45,Birmânia,Family
4438,Olívia Macedo,ana-julia89@example.net,43,Groenlândia,Family
4439,Caleb Cirino,joao-vitorcavalcanti@example.org,61,Jamaica,Premium
4440,Luiz Gustavo da Rosa,liznunes@example.org,18,Bahamas,Family
4441,Isabela Moraes,yagoduarte@example.net,44,Peru,Family
4442,João Guilherme Lopes,bda-rosa@example.com,64,Macedônia do Norte,Premium
4443,Letícia Sousa,rsilva@example.org,63,Letônia,Premium
4444,Caleb Farias,da-motamaria-laura@example.net,53,Serra Leoa,Family
4445,Antony da Paz,rhavi80@example.com,56,Vanuatu,Free
4446,Yasmin da Paz,doliveira@example.net,34,Chipre,Family
4447,Sra. Beatriz Marques,usousa@example.net,42,Armênia,Free
4448,Eduardo da Conceição,bentomacedo@example.net,59,Guiné Equatorial,Family
4449,Sarah da Luz,nmachado@example.com,42,Finlândia,Family
4450,Luna Ferreira,dsouza@example.com,56,Islândia,Premium
4451,Dr. Emanuel Alves,emillymendonca@example.com,47,Turquia,Family
4452,Vitor Hugo Araújo,isaque18@example.net,21,Macau,Family
4453,Gabrielly Mendes,ribeiroheitor@example.net,69,Moçambique,Family
4454,Dra. Isabella Borges,da-pazanthony-gabriel@example.net,34,Paquistão,Family
4455,Guilherme Sales,ralves@example.com,36,Nova Zelândia,Family
4456,Caroline Siqueira,qmoura@example.org,25,Peru,Free
4457,Enzo Nunes,apolloribeiro@example.org,19,Chile,Free
4458,Jade Sá,igorramos@example.net,36,Jersey,Premium
4459,Davi Pinto,marinamarques@example.net,55,Argélia,Family
4460,Luna Pereira,alicia40@example.org,55,Paraguai,Free
4461,Sr. Benicio Almeida,renanbarbosa@example.org,25,Cuba,Free
4462,Ravi Lucca Pacheco,vasconcelosguilherme@example.net,26,Croácia,Free
4463,Ester Ribeiro,raquelsiqueira@example.net,35,Islândia,Family
4464,Dr. Vinícius Albuquerque,pedro-henrique15@example.net,62,Noruega,Free
4465,Maria Julia Pires,dom23@example.com,51,Antilhas Holandesas,Free
4466,Gael Henrique da Conceição,santosjulia@example.net,64,Ilhas Virgens Americanas,Family
4467,Dr. Liam Farias,lborges@example.org,58,Roménia,Free
4468,Maria Luiza Abreu,otto01@example.org,43,Bósnia e Herzegovina,Free
4469,Nicole Vargas,msiqueira@example.net,31,Tonga,Premium
4470,Dra. Alexia Costa,danielacunha@example.net,66,Ilha Wake,Premium
4471,Cauã Pimenta,freitassarah@example.net,60,Nigéria,Family
4472,Breno das Neves,fariasbenjamim@example.org,32,Libéria,Free
4473,Amanda Araújo,arthurcarvalho@example.net,63,Suazilândia,Premium
4474,Mathias Viana,diaspedro@example.net,41,Croácia,Premium
4475,Maria Fernanda da Conceição,sampaioliam@example.net,65,Quiribáti,Premium
4476,Sra. Mariane Pacheco,benjamimandrade@example.org,29,Albânia,Family
4477,João Guilherme Pires,ramosleonardo@example.org,42,Omã,Premium
4478,Leonardo Viana,gabriellycirino@example.com,38,Cuba,Family
4479,Dra. Bella Vieira,da-costaluiz-gustavo@example.org,50,Jordânia,Free
4480,Benjamin Viana,castrolorena@example.net,45,Guam,Free
4481,Natália Cavalcanti,danielamelo@example.net,54,Ilha Bouvet,Premium
4482,Ana Lívia Lima,rodriguesrenan@example.net,69,Taiwan,Free
4483,Larissa das Neves,kda-luz@example.net,21,Índia,Family
4484,Bárbara Pacheco,helenadas-neves@example.org,39,Polônia,Free
4485,Maria Vitória Freitas,martinsmaria-liz@example.com,26,Argélia,Family
4486,Sr. Henry Gabriel Monteiro,murilocamara@example.net,47,Ilha Norfolk,Premium
4487,Rhavi Nunes,henry-gabrielvargas@example.net,47,Geórgia,Free
4488,Alice Sampaio,cda-costa@example.org,61,Líbano,Free
4489,Luiz Felipe Moura,maya25@example.net,28,Pitcairn,Premium
4490,Maria Laura Peixoto,paulo91@example.org,19,Catar,Premium
4491,Maria Clara Casa Grande,hvieira@example.com,27,Anguila,Family
4492,Luísa Mendes,valentinarocha@example.net,21,Iêmen,Premium
4493,Esther Siqueira,maria-sophiasampaio@example.net,26,Jersey,Premium
4494,Hadassa Novais,heloisanunes@example.com,66,Akrotiri,Premium
4495,José Azevedo,arthur-miguelcirino@example.org,52,Islândia,Premium
4496,Apollo Leão,thomasborges@example.net,25,Samoa Americana,Premium
4497,Fernanda Vargas,barbaramoraes@example.org,30,Polônia,Premium
4498,Josué Caldeira,aparecidakamilly@example.com,44,Roménia,Free
4499,Amanda Peixoto,gustavo-henriqueramos@example.net,62,Venezuela,Free
4500,Isaque Almeida,monteirobreno@example.net,57,Finlândia,Premium
4501,João Guilherme Cavalcante,guilherme73@example.org,52,Cabo Verde,Free
4502,Gustavo Barros,arthurda-mota@example.net,67,Chade,Free
4503,Sr. Carlos Eduardo Silva,viniciusda-rocha@example.com,27,Anguila,Family
4504,Amanda Pereira,borgesraquel@example.org,23,Haiti,Family
4505,Juliana Gonçalves,carlos-eduardo37@example.com,33,Territórios Austrais Franceses,Free
4506,Lívia Cunha,ycostela@example.net,20,Irlanda,Free
4507,Maria Sophia Câmara,nascimentomurilo@example.org,62,Bermudas,Family
4508,Eloah Duarte,portoelisa@example.org,69,Ashmore and Cartier Islands,Free
4509,Dra. Emanuelly Ramos,natalia04@example.com,54,Sudão,Free
4510,Luana Montenegro,fernandaandrade@example.org,65,Panamá,Family
4511,Matheus Novais,danilo56@example.com,18,Timor Leste,Premium
4512,Bruna Macedo,lopesvinicius@example.net,46,Senegal,Free
4513,Sra. Carolina Borges,kevinteixeira@example.com,32,Tailândia,Free
4514,Kamilly Pires,martinsdaniel@example.com,68,Fiji,Free
4515,Pietra Farias,julianarodrigues@example.org,40,Haiti,Premium
4516,Antônio Cassiano,silveiraantonio@example.org,52,Argentina,Free
4517,Sr. João Gabriel Barbosa,rcosta@example.net,32,Guernsey,Premium
4518,Sra. Cecília Barros,aragaogustavo@example.org,45,Cabo Verde,Premium
4519,Rhavi Aparecida,isismachado@example.com,19,Burquina Faso,Premium
4520,João Felipe Brito,mariah00@example.org,46,Gana,Free
4521,Marcos Vinicius Fonseca,isabelrocha@example.com,66,Faroé,Free
4522,Dante Jesus,gabrielagomes@example.org,55,Países Baixos,Free
4523,Raul Correia,zandrade@example.com,67,Tailândia,Family
4524,Camila Rodrigues,gomesjoao-guilherme@example.org,56,Libéria,Free
4525,Josué Azevedo,camilada-mota@example.com,18,Timor Leste,Premium
4526,Bento Oliveira,anna-liz93@example.com,27,Afeganistão,Premium
4527,Ravi Leão,brayan30@example.com,51,Afeganistão,Free
4528,Maria Eduarda Duarte,sfernandes@example.com,65,Paraguai,Premium
4529,Srta. Ana Liz Casa Grande,marcela07@example.org,54,Andorra,Premium
4530,Gael Rodrigues,franciscoda-conceicao@example.com,49,Quênia,Premium
4531,Antônio Rodrigues,vianabianca@example.net,64,Suíça,Premium
4532,Laura Cardoso,luiz-miguel23@example.net,51,Iêmen,Premium
4533,Apollo Dias,yporto@example.com,42,Geórgia,Free
4534,Felipe Siqueira,nicolas65@example.com,53,Anguila,Free
4535,Antônio Ribeiro,gramos@example.com,34,Turquia,Free
4536,Srta. Larissa Borges,hrodrigues@example.com,38,Anguila,Family
4537,Emanuella Monteiro,fsilveira@example.net,40,Laos,Premium
4538,João Cavalcanti,diogo84@example.com,23,Letônia,Premium
4539,Apollo Cirino,alexandrecastro@example.org,63,Bolívia,Family
4540,Catarina Melo,ana-cecilia47@example.com,49,Ilha Wake,Family
4541,Arthur Gabriel Cassiano,marina26@example.net,53,Moldávia,Family
4542,Srta. Ana Carolina da Mata,pedro-henriquesousa@example.net,68,Albânia,Free
4543,Benicio da Costa,emanuella73@example.net,65,Granada,Family
4544,Liz Araújo,portolucas@example.net,43,Arábia Saudita,Premium
4545,Ana Carvalho,cunhahenrique@example.com,43,Benim,Premium
4546,Maya Siqueira,jesusmanuella@example.org,67,Nova Zelândia,Premium
4547,Dr. Caleb Teixeira,das-nevesluiz-gustavo@example.org,18,Gibraltar,Premium
4548,Manuella Novaes,wsa@example.com,63,Islândia,Family
4549,Agatha Dias,esales@example.org,63,Suíça,Premium
4550,Ana Carolina Mendes,agatha52@example.net,44,São Marinho,Family
4551,Danilo Peixoto,jdias@example.com,55,Libéria,Free
4552,Helena Cirino,sampaiodaniel@example.org,47,São Cristóvão e Neves,Free
4553,Agatha Pires,maitedas-neves@example.org,25,Ashmore and Cartier Islands,Free
4554,Ana Julia Andrade,correiacecilia@example.org,37,Samoa,Family
4555,Clarice Melo,ana-carolina36@example.net,68,Zimbábue,Premium
4556,Davi Miguel Farias,xda-mata@example.org,44,Usbequistão,Premium
4557,Valentina Cirino,isadoraoliveira@example.com,32,Singapura,Premium
4558,João Gabriel Araújo,monteiroluiz-felipe@example.com,44,Antígua e Barbuda,Premium
4559,Nicole Jesus,ramosrael@example.com,39,Papua-Nova Guiné,Premium
4560,Bianca da Rosa,kcamargo@example.net,50,Letônia,Free
4561,Alícia Sampaio,scarvalho@example.com,36,Paquistão,Free
4562,Larissa Martins,britoantony@example.org,23,Usbequistão,Free
4563,Brenda Câmara,hmendes@example.com,18,Países Baixos,Premium
4564,Sr. Breno Cirino,clara46@example.net,62,Jamaica,Premium
4565,Davi Luiz Fonseca,antoniocamara@example.com,41,Paracel Islands,Family
4566,Erick Moura,hviana@example.net,22,Benim,Free
4567,Srta. Aylla Fogaça,wfarias@example.org,38,São Tomé e Príncipe,Family
4568,Nicole Castro,miguelda-rosa@example.net,52,Malásia,Family
4569,João Miguel Rocha,vitor-gabriel56@example.com,60,Emirados Árabes Unidos,Premium
4570,Bárbara da Conceição,azevedostella@example.org,33,Turquemenistão,Free
4571,Noah Jesus,cvieira@example.net,33,Israel,Premium
4572,Juan Sousa,ugarcia@example.com,70,Argentina,Family
4573,Ana Beatriz Ramos,jesusmaria-eduarda@example.com,62,Peru,Free
4574,Alice da Mota,dante95@example.com,30,Quênia,Family
4575,Mirella Rios,pdias@example.com,42,Austrália,Family
4576,Natália Viana,larissa60@example.com,33,Jordânia,Family
4577,Stella Costela,joao-vitor20@example.net,64,Iran,Free
4578,Srta. Amanda da Conceição,qcastro@example.com,49,Sri Lanka,Free
4579,José Pedro da Costa,jrezende@example.com,70,Liechtenstein,Premium
4580,Srta. Sophie Aparecida,barrosheitor@example.net,39,Geórgia,Free
4581,Theo Brito,nfonseca@example.net,53,Antilhas Holandesas,Premium
4582,Mariane Fonseca,fariasjoao-vitor@example.org,47,Turquia,Family
4583,Felipe Moreira,sabrinamonteiro@example.com,34,Sri Lanka,Free
4584,Henry Moreira,diasagatha@example.org,41,São Pedro e Miquelon,Premium
4585,Emanuel Montenegro,guerrayago@example.com,21,Nepal,Family
4586,Josué Marques,renanduarte@example.org,60,Afeganistão,Family
4587,Dr. Augusto Montenegro,evieira@example.org,55,Nova Caledónia,Premium
4588,Brenda Mendes,maria-alicebarros@example.com,39,Jibuti,Free
4589,Dr. Erick Garcia,benicio43@example.net,66,Ucrânia,Free
4590,Gael Fonseca,imacedo@example.org,32,Cazaquistão,Premium
4591,Sr. Dante Dias,clarabarbosa@example.org,45,Malásia,Family
4592,Mathias Duarte,moraesheitor@example.net,33,Gana,Free
4593,Yan Costela,fogacakaique@example.org,57,Niue,Free
4594,Mathias Farias,novaesjoao-guilherme@example.net,28,Butão,Family
4595,Davi Lucas Santos,peixotomelissa@example.com,62,Iêmen,Family
4596,Gael Cardoso,maria-alice48@example.org,37,Turquemenistão,Free
4597,Pietra Moraes,da-conceicaobeatriz@example.net,60,Índia,Family
4598,Sr. Henry Gomes,nduarte@example.com,47,Nicarágua,Premium
4599,Lucas Sousa,olivia09@example.net,20,Costa Rica,Free
4600,Danilo Carvalho,rodrigo42@example.com,42,Egito,Premium
4601,Leonardo da Rosa,ryan04@example.net,70,Mongólia,Family
4602,Dra. Cecília Carvalho,esther67@example.org,47,Cuba,Premium
4603,Kamilly Melo,fariasbenicio@example.org,25,Ilha Bouvet,Free
4604,Vinícius Moreira,maria-eduardada-luz@example.com,44,Panamá,Free
4605,Elisa Nunes,bernardo21@example.net,54,Bélgica,Premium
4606,Hadassa da Mata,rcavalcanti@example.com,26,Mônaco,Free
4607,Daniela Alves,laura49@example.net,61,Micronésia,Premium
4608,Elisa Costa,costadavi-luiz@example.com,25,Coreia do Sul,Family
4609,Nathan Pires,marianeteixeira@example.com,34,Japão,Family
4610,Augusto Pimenta,da-cruzravi-lucca@example.com,47,Omã,Family
4611,Yuri Vieira,carlos-eduardopereira@example.net,27,Malávi,Free
4612,Brenda Nascimento,francisco30@example.net,64,Macedônia do Norte,Free
4613,Lunna Macedo,diego07@example.net,54,Líbia,Free
4614,Dr. Arthur Cassiano,manuela41@example.net,50,Somália,Family
4615,Augusto Moraes,luiz-henrique44@example.net,46,Chipre,Family
4616,Bryan Camargo,isabella79@example.org,62,Clipperton Island,Premium
4617,Antônio Duarte,silvavicente@example.org,43,Egito,Family
4618,Arthur Miguel da Conceição,qsiqueira@example.net,70,São Pedro e Miquelon,Premium
4619,Joana Fogaça,antonelladuarte@example.net,53,Ucrânia,Premium
4620,Enzo Araújo,da-luzmaria-julia@example.org,21,Bósnia e Herzegovina,Family
4621,Dra. Maria Alice Nascimento,melissagoncalves@example.com,25,Ilhas Virgens Americanas,Free
4622,Enrico Jesus,caioda-conceicao@example.org,57,Anguila,Family
4623,Lara Macedo,gustavo-henriquemendonca@example.org,65,Egito,Family
4624,Dra. Marcela Peixoto,da-rosahadassa@example.com,67,Países Baixos,Free
4625,Kevin Gonçalves,helenagarcia@example.org,54,Quirguizistão,Family
4626,Ester Carvalho,benjamim04@example.com,51,Alemanha,Family
4627,Sr. Lucas Gabriel Camargo,rezendeanna-liz@example.org,25,Bélgica,Free
4628,Sr. Ravi Camargo,qnovais@example.org,35,Barein,Family
4629,Srta. Lívia Aragão,luiza08@example.net,29,Antilhas Holandesas,Family
4630,Mariane Sousa,paulo75@example.org,29,Birmânia,Free
4631,Dra. Beatriz da Conceição,jesusdaniela@example.com,21,Somália,Family
4632,Mariah Porto,garciaanthony-gabriel@example.com,28,Bangladesh,Free
4633,Manuella Vasconcelos,caroline77@example.com,69,Croácia,Premium
4634,João Gabriel Machado,rochamaria-liz@example.com,50,Sudão,Family
4635,Rafael da Costa,rafaelda-mota@example.net,18,Bélgica,Family
4636,Amanda Campos,nascimentothomas@example.org,21,Austrália,Free
4637,Maria Helena Montenegro,saleslucas-gabriel@example.org,22,Jibuti,Premium
4638,Heitor Macedo,zda-conceicao@example.org,59,Granada,Free
4639,André Rocha,giovannacunha@example.org,19,Portugal,Family
4640,Benjamim Cavalcante,pmoraes@example.org,46,Cazaquistão,Premium
4641,Letícia Montenegro,mirellada-luz@example.org,69,Gibraltar,Family
4642,Jade Pacheco,hramos@example.net,23,Eslováquia,Premium
4643,Ísis Carvalho,stephany03@example.com,32,Paraguai,Free
4644,Maria Fernanda Moreira,zsiqueira@example.com,33,Tanzânia,Free
4645,Bento Casa Grande,yansousa@example.com,39,Ilhas Virgens Britânicas,Premium
4646,Manuela Gomes,mariada-mata@example.com,42,Liechtenstein,Free
4647,Ester Pimenta,vieiramaria-sophia@example.net,60,Iraque,Family
4648,Allana Mendonça,ada-cruz@example.org,45,Costa do Marfim,Premium
4649,Ayla Oliveira,samueldias@example.com,39,Japão,Family
4650,Sr. Caio Guerra,da-motadavi@example.net,44,Turquia,Family
4651,Anna Liz Aparecida,qandrade@example.com,47,Ilha de Man,Premium
4652,Ana Sophia Lima,isabelvasconcelos@example.net,44,Zâmbia,Family
4653,João Lucas Pires,souzaluara@example.net,30,Tokelau,Premium
4654,Sr. Isaque Abreu,catarinaporto@example.net,24,Argentina,Premium
4655,Laís Barbosa,ninamonteiro@example.org,31,Santa Helena,Free
4656,Ravi Lucca da Luz,aleao@example.com,52,Aruba,Free
4657,Dante Costela,ccunha@example.net,22,Roménia,Family
4658,Luiz Fernando Nogueira,gustavo-henrique04@example.org,39,Coreia do Norte,Free
4659,Alícia Andrade,henriquesiqueira@example.net,23,Cazaquistão,Premium
4660,Nathan Moraes,thalescarvalho@example.org,43,São Pedro e Miquelon,Premium
4661,Gabriela Carvalho,ucorreia@example.org,46,Costa do Marfim,Free
4662,Gael Henrique Pimenta,matteo44@example.com,52,Nova Caledónia,Premium
4663,Maria Luiza Leão,lda-costa@example.org,49,Paracel Islands,Premium
4664,João Pedro Brito,dcamargo@example.org,62,Ilhas Turcas e Caicos,Premium
4665,Srta. Kamilly Rezende,bentosouza@example.net,69,Vietnam,Premium
4666,Amanda Fonseca,agathamontenegro@example.net,44,Maurícia,Premium
4667,Nina Sousa,amandajesus@example.org,23,Aruba,Family
4668,Sarah da Costa,rafaela71@example.com,67,Polônia,Free
4669,Rael Cassiano,asafecamara@example.org,24,Níger,Free
4670,Rhavi Macedo,qaragao@example.org,55,Mayotte,Family
4671,Arthur Miguel Casa Grande,diasmaria-vitoria@example.org,39,Luxemburgo,Premium
4672,Clarice Fonseca,matheuscosta@example.com,31,Ilhas Marshall,Premium
4673,Anna Liz Jesus,mateusfonseca@example.net,30,Belize,Free
4674,Augusto Castro,vbrito@example.org,30,Geórgia,Family
4675,Benjamin Fonseca,kamilly78@example.com,57,Quiribáti,Free
4676,Srta. Zoe Oliveira,da-cruzjoao@example.org,50,Kuwait,Family
4677,Sr. Vinícius Siqueira,samuel72@example.net,49,Albânia,Free
4678,Luara da Paz,sara76@example.com,32,São Cristóvão e Neves,Family
4679,Caio Souza,sophie21@example.org,24,Costa Rica,Premium
4680,Marcela Farias,barbosacaio@example.com,27,Samoa Americana,Family
4681,Carolina Costa,hmontenegro@example.org,35,Peru,Family
4682,Laís Barbosa,caueda-costa@example.org,46,Maurícia,Free
4683,Ana Sophia Viana,guerraalexia@example.com,45,Palau,Free
4684,Mateus Câmara,fariashellena@example.net,18,Ilha Bouvet,Premium
4685,Luiz Felipe Lima,vicenteda-mata@example.org,50,Mônaco,Free
4686,Dra. Maria Sophia Fogaça,uazevedo@example.net,25,Suécia,Free
4687,Srta. Ana Liz Novais,dmendonca@example.net,61,Guiné,Premium
4688,Agatha Albuquerque,anovaes@example.com,30,Sérvia,Premium
4689,Breno Pastor,bryan61@example.net,34,Barein,Free
4690,Miguel Ribeiro,cirinolorenzo@example.com,53,Austrália,Premium
4691,Dr. Fernando Rocha,peixotoerick@example.com,63,Islândia,Family
4692,Arthur Castro,krocha@example.org,48,Jersey,Family
4693,Luna Rocha,cavalcanteayla@example.net,31,Áustria,Family
4694,Yuri da Cruz,heitorsilveira@example.org,55,Hungria,Family
4695,Antony das Neves,hcavalcante@example.net,54,Japão,Free
4696,Srta. Stephany Vargas,thomasnogueira@example.org,37,Hong Kong,Premium
4697,Maria Vieira,luiz-felipemachado@example.net,49,Quiribáti,Premium
4698,Noah Costa,zgoncalves@example.net,43,Liechtenstein,Free
4699,Rafael Cassiano,agatha21@example.com,21,Angola,Premium
4700,Luísa Montenegro,pedro-henrique74@example.net,31,Ilhas Marshall,Free
4701,Vicente Araújo,ana-luiza84@example.net,21,Angola,Free
4702,Théo Sousa,calebelima@example.com,65,Cazaquistão,Family
4703,Vicente Silveira,tsiqueira@example.com,42,Noruega,Free
4704,Letícia Silveira,yda-paz@example.org,37,Austrália,Free
4705,Renan Pastor,marquesdavi-luiz@example.org,69,República Dominicana,Family
4706,Danilo da Rosa,leaocaroline@example.com,49,Lesoto,Family
4707,Mateus Pastor,leaonathan@example.net,34,República Centro-Africana,Family
4708,Dr. Breno Mendes,barbara11@example.net,41,Ilha Wake,Premium
4709,Igor Ribeiro,gcorreia@example.net,46,Sri Lanka,Premium
4710,Davi Luiz Cardoso,cardosorafaela@example.org,56,Chade,Premium
4711,Alice Freitas,da-luzdiego@example.com,46,Dinamarca,Free
4712,Benjamin Santos,luaravieira@example.net,35,Angola,Premium
4713,Maria Fernanda da Paz,otto12@example.com,32,Guernsey,Free
4714,Sophie Nunes,monteirodavi-luiz@example.com,65,Níger,Premium
4715,Vitória Rezende,camargojoao-lucas@example.com,62,Polinésia Francesa,Family
4716,Ian Viana,anamartins@example.com,37,Santa Lúcia,Family
4717,Maria Clara Costela,joao-gabriel27@example.com,21,Somália,Family
4718,Carolina Nascimento,cavalcantilucas-gabriel@example.net,31,Guam,Premium
4719,Dr. Alexandre Marques,pimentamaria-sophia@example.net,22,República Centro-Africana,Family
4720,Josué Ribeiro,luara73@example.org,43,Andorra,Free
4721,Dra. Gabrielly Castro,pcarvalho@example.org,50,Tailândia,Free
4722,Raquel da Cruz,camarathomas@example.org,52,Quiribáti,Premium
4723,Manuela Silveira,liamramos@example.org,31,Bulgária,Premium
4724,André Gomes,da-rosaemanuel@example.net,61,Armênia,Free
4725,Isabelly Viana,salessamuel@example.com,32,Costa Rica,Family
4726,Laís Cardoso,pimentabella@example.org,58,Camboja,Free
4727,Srta. Isabelly da Cunha,diogo42@example.net,45,Indonésia,Family
4728,João da Conceição,vianalunna@example.org,52,Barein,Family
4729,Maria Alice Mendes,enzomendes@example.org,38,São Cristóvão e Neves,Free
4730,Maria Luísa Souza,rcarvalho@example.org,28,Samoa,Family
4731,Allana Correia,maria-helena73@example.com,39,Nova Caledónia,Family
4732,Dr. Breno Nascimento,ayla19@example.net,48,Maurícia,Premium
4733,Dra. Anna Liz Duarte,pbarros@example.com,35,Botsuana,Free
4734,Vitor Gabriel Santos,piresmarcos-vinicius@example.org,46,Suíça,Free
4735,Pedro Henrique Silveira,yan33@example.com,26,Emirados Árabes Unidos,Free
4736,Clarice Ribeiro,matheusalves@example.org,44,Trindade e Tobago,Family
4737,Valentina Fonseca,joana06@example.com,24,Liechtenstein,Premium
4738,Dra. Yasmin Garcia,saraujo@example.net,26,Luxemburgo,Premium
4739,Raquel Abreu,ijesus@example.com,28,Macau,Premium
4740,Rhavi Montenegro,mendesrafael@example.org,69,Chipre,Premium
4741,Sr. Danilo Garcia,joao48@example.org,33,Ilha do Natal,Free
4742,Hadassa Borges,ymoreira@example.com,37,Lituânia,Family
4743,Maria Martins,ana-carolinamoura@example.org,62,Palau,Family
4744,Srta. Ana Castro,machadoana@example.com,42,Territórios Austrais Franceses,Premium
4745,Antônio da Mota,antonella52@example.org,52,Polônia,Family
4746,Alexandre Cunha,caldeiraana-julia@example.com,24,Geórgia,Premium
4747,Milena Nunes,olivia42@example.net,68,Malávi,Family
4748,Heloísa Guerra,yan51@example.com,62,Ucrânia,Family
4749,Mathias Barros,oliverfonseca@example.net,31,Bermudas,Premium
4750,Marcela Mendes,sophienascimento@example.org,26,Eslováquia,Family
4751,Pietro da Rocha,ceciliarodrigues@example.net,25,Papua-Nova Guiné,Family
4752,Srta. Ana Liz Garcia,sousagael@example.com,30,Afeganistão,Free
4753,Ravi Pinto,renancavalcanti@example.org,53,Nicarágua,Premium
4754,Enrico Novaes,kabreu@example.net,42,Haiti,Premium
4755,Olivia Mendonça,vbarbosa@example.com,57,Brunei,Free
4756,Camila Sousa,manuela08@example.net,29,Costa Rica,Premium
4757,Théo Monteiro,cda-costa@example.org,41,Eritreia,Family
4758,Isabel Alves,maria-julia48@example.net,64,Ilha do Natal,Premium
4759,Paulo Moreira,machadopietro@example.org,63,Geórgia,Free
4760,Davi Luiz Fonseca,yangoncalves@example.com,51,Birmânia,Family
4761,Liz Abreu,murilopimenta@example.net,61,Ilhas Falkland,Family
4762,Pedro Lucas Barros,da-cruzjoao-miguel@example.org,40,Croácia,Free
4763,Juliana da Cunha,allanamacedo@example.net,19,Jamaica,Premium
4764,Mariana Farias,otavio12@example.net,59,São Cristóvão e Neves,Premium
4765,Antônio Barbosa,lsilva@example.net,54,Territórios Austrais Franceses,Family
4766,Marcelo Viana,da-motamarcelo@example.com,27,Belize,Premium
4767,Maysa Farias,voliveira@example.net,69,Andorra,Free
4768,Ana Sophia Macedo,carolina73@example.org,37,Afeganistão,Free
4769,Valentina Camargo,ana-lauraferreira@example.net,65,Índia,Premium
4770,Ravi Lucca das Neves,crios@example.com,37,Faroé,Family
4771,Sr. Otto Souza,joao-miguelalbuquerque@example.com,24,Venezuela,Family
4772,Nina Machado,alanaoliveira@example.net,64,Irlanda,Free
4773,Marcela Vieira,cavalcanteclarice@example.org,69,Ilhas Falkland,Family
4774,Clara Melo,cmendonca@example.net,62,Papua-Nova Guiné,Premium
4775,Srta. Yasmin Rodrigues,lsampaio@example.net,59,Senegal,Family
4776,Liz Pimenta,smontenegro@example.net,23,Suazilândia,Family
4777,Maria Eduarda Silveira,salesjose-miguel@example.com,40,Dhekelia,Premium
4778,José Pedro Farias,ysales@example.com,25,Cuba,Free
4779,Pedro Henrique Pastor,amandaaraujo@example.net,68,Guernsey,Free
4780,Caio Cassiano,costastephany@example.net,53,Lesoto,Premium
4781,Maria Alice Cunha,elisa60@example.com,26,Uruguai,Family
4782,Bella Farias,otavio51@example.com,49,Coreia do Norte,Premium
4783,Diogo Barbosa,felipe99@example.net,39,Clipperton Island,Family
4784,Amanda Teixeira,maria-alicecorreia@example.org,58,Brunei,Family
4785,Benício Souza,hadassabarros@example.com,58,Dhekelia,Free
4786,Kaique da Mata,ndias@example.org,46,Kuwait,Premium
4787,Vicente Camargo,siqueirabryan@example.net,25,Marrocos,Family
4788,Lucas Gabriel Cavalcanti,francisco20@example.net,44,Porto Rico,Family
4789,Breno Nunes,enzo-gabrielalmeida@example.net,37,Papua-Nova Guiné,Free
4790,Aurora Teixeira,ana-laura47@example.com,63,Granada,Family
4791,Nina Nascimento,tlima@example.com,70,Sudão,Premium
4792,Theodoro da Rocha,arthur-miguel25@example.com,20,Guiana,Free
4793,Dr. Otto Mendonça,davi-miguel77@example.net,32,Samoa Americana,Premium
4794,Jade Alves,aalmeida@example.com,18,Vanuatu,Free
4795,João Miguel Mendes,castromarcos-vinicius@example.net,34,Finlândia,Free
4796,Vicente Pacheco,tmelo@example.net,30,Burquina Faso,Family
4797,Calebe Pinto,antonella29@example.com,67,Camarões,Free
4798,Luiz Otávio Abreu,bda-mota@example.com,21,Belize,Family
4799,Maria Helena Sá,carlos-eduardo82@example.com,29,Seicheles,Premium
4800,Maria Cecília Pastor,liz07@example.com,50,Santa Helena,Free
4801,Leandro Pacheco,xnovaes@example.com,38,Andorra,Free
4802,Luiza Guerra,mda-mota@example.com,52,Malta,Free
4803,Helena Rios,pietro00@example.com,58,Jamaica,Family
4804,Matteo Melo,kazevedo@example.org,19,Guiné Equatorial,Premium
4805,Natália Pimenta,maria-helenaaraujo@example.net,57,Ilhas Marshall,Free
4806,José Pedro Barros,das-nevesvalentim@example.net,66,Quênia,Premium
4807,Arthur Gabriel Marques,ncavalcanti@example.com,27,Zimbábue,Premium
4808,Dra. Esther das Neves,mathias56@example.org,55,Ucrânia,Premium
4809,Giovanna Silveira,apollo33@example.net,60,Santa Helena,Premium
4810,Ryan Novais,fnogueira@example.com,66,Ilhas Marshall,Family
4811,Rael Melo,maria-claracardoso@example.com,66,Montenegro,Free
4812,Mariah Ribeiro,novaisleandro@example.com,18,Costa do Marfim,Free
4813,Sara Nogueira,jose-miguel07@example.org,50,Cabo Verde,Premium
4814,Ian Barros,mmacedo@example.com,40,Paracel Islands,Free
4815,Mathias Pastor,ravycirino@example.com,67,Tailândia,Family
4816,Thales da Paz,joao-vitor84@example.net,55,Paraguai,Free
4817,Ana Lívia Sampaio,zpastor@example.com,62,Ilhas Virgens Britânicas,Family
4818,Valentina Silveira,hcorreia@example.com,52,Gâmbia,Free
4819,Arthur Gabriel Barbosa,natalia89@example.com,30,Jamaica,Premium
4820,Dra. Hellena Rezende,uribeiro@example.com,56,Moldávia,Premium
4821,Cauê Oliveira,salesyan@example.net,55,Fiji,Free
4822,Enzo Cardoso,ana-cecilia50@example.org,41,Paraguai,Free
4823,Isabella Teixeira,manuellapastor@example.com,18,Eslovênia,Premium
4824,Dr. Luiz Gustavo Leão,dpinto@example.net,50,Seicheles,Family
4825,Lucas Mendonça,maria-fernanda28@example.com,56,Turquemenistão,Free
4826,Laís Albuquerque,amanda54@example.net,35,Ilha do Natal,Family
4827,Pietra Guerra,ottocosta@example.net,67,Ilhas Turcas e Caicos,Free
4828,Maria Alice Ferreira,ynovaes@example.com,66,Cabo Verde,Premium
4829,Caroline Guerra,qjesus@example.com,53,Eslovênia,Free
4830,Davi Andrade,enzo80@example.net,70,França,Family
4831,Antônio Novaes,laramartins@example.com,70,Letônia,Free
4832,Arthur Miguel Melo,leocorreia@example.com,41,Croácia,Premium
4833,Nicole Almeida,ayla88@example.net,32,Azerbaijão,Premium
4834,Heitor Machado,bda-mata@example.net,27,Butão,Premium
4835,Benicio Carvalho,lopesmaria-luiza@example.org,32,Jibuti,Free
4836,Ana Carolina Cavalcante,cardosovicente@example.org,53,Macau,Family
4837,Luiz Felipe Azevedo,mribeiro@example.net,53,Egito,Free
4838,Maria Eduarda da Conceição,amacedo@example.org,39,Quirguizistão,Family
4839,Lucca da Conceição,brendapimenta@example.com,36,Kuwait,Premium
4840,Ana Vitória Correia,leandro25@example.com,40,Mônaco,Free
4841,Bárbara Almeida,luiz-miguelcosta@example.com,68,Costa do Marfim,Family
4842,Valentina Lopes,pintocarlos-eduardo@example.net,48,Afeganistão,Free
4843,Hellena Carvalho,theodorojesus@example.net,42,República Centro-Africana,Family
4844,Ísis Guerra,levi55@example.com,58,Egito,Free
4845,Vitória Barros,sandrade@example.com,20,Togo,Family
4846,Caio da Cunha,brayanabreu@example.com,58,Sérvia,Premium
4847,Enzo Lopes,enunes@example.org,28,Cazaquistão,Family
4848,Anthony Gabriel Mendonça,garciaarthur-gabriel@example.net,47,Bélgica,Premium
4849,Cecilia Rios,luana86@example.com,22,Guam,Premium
4850,Ana Cecília da Cruz,jesusclara@example.net,47,Faroé,Family
4851,Igor da Rocha,duartebrayan@example.com,54,Noruega,Free
4852,Mirella Carvalho,costelabianca@example.org,49,Territórios Austrais Franceses,Premium
4853,Vitor Gabriel Fernandes,laraguerra@example.org,70,Cazaquistão,Free
4854,Zoe da Mota,da-motamaria-laura@example.com,39,Congo-Kinshasa,Free
4855,Liz Barbosa,caldeiralucas-gabriel@example.org,22,Israel,Premium
4856,Lavínia da Paz,ana-vitoriasilva@example.net,18,Turquia,Premium
4857,Benjamin Moreira,brunoribeiro@example.com,57,Ilhas Cook,Free
4858,Srta. Luna Sá,ulima@example.org,47,União Europeia,Free
4859,Ian Campos,luiz-otavio59@example.org,48,Nicarágua,Family
4860,Luísa Garcia,fviana@example.org,26,Monserrate,Family
4861,Srta. Melina Lima,joao-pedrocardoso@example.org,31,Timor Leste,Free
4862,Apollo Machado,joao-pedro66@example.com,19,Mayotte,Free
4863,Isadora Pereira,pedro-miguelduarte@example.net,56,Congo-Kinshasa,Family
4864,Sr. Renan Cavalcante,vianajulia@example.net,29,Quênia,Premium
4865,Melina Nascimento,antonymachado@example.org,55,Cuba,Free
4866,Ana Beatriz Rocha,dsa@example.net,65,Ilhas Caiman,Free
4867,Alexia Moraes,tcardoso@example.net,58,Santa Helena,Premium
4868,Yasmin Nunes,rezendelucas-gabriel@example.org,47,Palau,Free
4869,Srta. Amanda Pimenta,joaquimda-cunha@example.org,58,Jordânia,Free
4870,Isis Vargas,sophia65@example.org,43,República Centro-Africana,Free
4871,Alícia Barbosa,rodriguesheitor@example.com,49,Samoa,Premium
4872,Anna Liz Barros,pedrosiqueira@example.org,18,Congo-Brazzaville,Premium
4873,Lucas Gabriel da Mota,freitaslivia@example.com,25,Líbano,Free
4874,Felipe Siqueira,qmendonca@example.net,58,Ilhas Caiman,Premium
4875,Srta. Valentina Fonseca,qalves@example.org,52,Tunísia,Premium
4876,Bruna da Rosa,alexiaalves@example.org,57,Libéria,Premium
4877,Vitor Hugo Fernandes,fcarvalho@example.org,25,Palau,Family
4878,Davi Gonçalves,borgeslucca@example.com,58,Níger,Family
4879,Srta. Alexia Moraes,bfogaca@example.com,24,Catar,Family
4880,Ana Laura da Conceição,nataliamendes@example.com,59,Haiti,Premium
4881,Fernando da Mota,novaisluara@example.net,42,União Europeia,Free
4882,Fernanda da Rocha,gael01@example.org,65,Camboja,Free
4883,Sophia Moraes,hellena00@example.org,51,Santa Lúcia,Premium
4884,Cauã Campos,odas-neves@example.com,48,Marianas do Norte,Free
4885,Francisco Rios,mmarques@example.com,51,Suazilândia,Premium
4886,João Vitor Mendonça,oliveiraerick@example.com,56,Quiribáti,Premium
4887,Anthony Gabriel Pereira,larissa38@example.com,53,Ilhas Virgens Americanas,Premium
4888,Benjamin Moraes,kmoura@example.org,66,São Cristóvão e Neves,Free
4889,Dr. Breno Castro,oliveiraarthur-gabriel@example.net,56,Cabo Verde,Free
4890,Caroline Cardoso,martinsclarice@example.com,26,Guiana,Family
4891,Guilherme Teixeira,lopestheo@example.org,70,Singapura,Free
4892,Gael Henrique Lima,ramosisadora@example.com,18,Camboja,Premium
4893,Enzo Gabriel Pastor,anamendes@example.org,35,Estados Unidos,Premium
4894,Sra. Carolina Moura,martinssabrina@example.com,45,Macau,Free
4895,Valentim Cardoso,noahcostela@example.org,67,México,Family
4896,Marcela Sousa,eloah25@example.net,64,Serra Leoa,Family
4897,Maria Sophia Casa Grande,isabellybrito@example.net,43,Jersey,Premium
4898,Paulo Rocha,peixotomaria-helena@example.net,39,Costa do Marfim,Free
4899,Stephany Montenegro,otto35@example.net,25,Síria,Free
4900,Luiz Felipe Melo,da-rosamarcela@example.net,42,Luxemburgo,Free
4901,Alexia Sampaio,wfreitas@example.com,40,Wallis e Futuna,Premium
4902,Bento Melo,xmendonca@example.com,64,Egito,Free
4903,Isis Cavalcante,pedro-lucasdias@example.net,54,Macau,Free
4904,Luan Ribeiro,montenegrobrayan@example.net,67,Anguila,Premium
4905,Kevin Guerra,almeidaluna@example.org,32,Seicheles,Premium
4906,Srta. Eduarda Caldeira,luiz-gustavosousa@example.com,36,São Marinho,Family
4907,João Felipe Martins,joao-miguelrios@example.org,44,Guiné,Free
4908,Maya Castro,guilherme35@example.com,65,Quênia,Family
4909,João Lucas Correia,tnovais@example.org,48,Síria,Free
4910,Anthony Gabriel da Mata,imacedo@example.org,65,Suíça,Family
4911,Anna Liz Borges,kevindas-neves@example.org,61,Tajiquistão,Free
4912,Dr. Henry Peixoto,agatha99@example.org,23,Micronésia,Family
4913,Miguel Rodrigues,isiscirino@example.net,40,Bósnia e Herzegovina,Premium
4914,Apollo Sá,rochalucas-gabriel@example.org,19,Panamá,Premium
4915,Maya Cavalcante,nmonteiro@example.net,22,Sara Ocidental,Premium
4916,Arthur da Conceição,jdias@example.net,36,Guiana,Premium
4917,Vitor Hugo Fogaça,qpereira@example.org,67,Argélia,Premium
4918,Liam Ferreira,milena57@example.net,48,Reino Unido,Family
4919,Luísa Ramos,vargasluigi@example.com,55,Fiji,Family
4920,Ravi Lucca Siqueira,maria-julia81@example.org,26,Emirados Árabes Unidos,Free
4921,Benicio Costela,allanamendes@example.org,54,Líbano,Free
4922,Daniela Rodrigues,rhavi65@example.net,33,Barbados,Free
4923,Bryan Ramos,wnovaes@example.com,51,Armênia,Premium
4924,Mirella Lima,vicente72@example.org,44,Laos,Family
4925,Enzo Macedo,emanuelda-mata@example.com,44,Brunei,Premium
4926,Aylla Garcia,ivasconcelos@example.org,52,Domínica,Free
4927,Srta. Maria Alice Fernandes,da-rochaarthur@example.com,63,Bósnia e Herzegovina,Premium
4928,Anthony Gabriel Novais,melina91@example.net,29,Botsuana,Free
4929,Sr. Davi Miguel Ribeiro,mendesmaria-julia@example.org,54,Japão,Premium
4930,Dante Pacheco,mirella92@example.net,67,Maldivas,Premium
4931,Luana Sá,kaique37@example.org,28,Gana,Free
4932,Letícia Gomes,macedosophie@example.com,51,Bolívia,Family
4933,Sr. Yan Novais,anthony47@example.org,53,Ashmore and Cartier Islands,Free
4934,Oliver da Costa,wrocha@example.com,31,Bolívia,Family
4935,Julia da Costa,liampeixoto@example.com,48,Níger,Premium
4936,Isis Cavalcante,pfernandes@example.com,40,Moldávia,Family
4937,Arthur Souza,ymendonca@example.com,65,Tonga,Premium
4938,Maria Sophia Macedo,leticiada-rocha@example.com,68,Noruega,Free
4939,Calebe Pires,igomes@example.net,29,Granada,Premium
4940,Sr. Kevin Ribeiro,kpereira@example.net,45,Santa Lúcia,Premium
4941,Raquel Casa Grande,raelsiqueira@example.org,38,Bulgária,Premium
4942,Laura Machado,maria-florcaldeira@example.com,67,Croácia,Family
4943,Liz Barros,da-cunhabrenda@example.com,40,Jordânia,Premium
4944,Cecília Moraes,ana-livia06@example.net,58,Eritreia,Free
4945,Cauê Silva,pietrarios@example.org,65,Sérvia,Premium
4946,Pedro Lucas Pereira,lara56@example.net,67,Maurícia,Premium
4947,Nicole Rodrigues,beatrizjesus@example.net,28,Kuwait,Family
4948,Sra. Eloah Pinto,sda-paz@example.com,36,Cazaquistão,Free
4949,Hadassa Garcia,meloryan@example.com,31,Bolívia,Premium
4950,Melissa Novaes,otavioda-rosa@example.org,54,República Checa,Family
4951,Anna Liz Freitas,gabriela66@example.net,60,Suécia,Free
4952,Maya Montenegro,oliver62@example.com,20,Guiné Equatorial,Premium
4953,Vinicius Lopes,allana98@example.com,32,França,Family
4954,Cecilia Cassiano,vitor-gabrielgomes@example.org,32,México,Premium
4955,Milena Araújo,lpereira@example.com,69,Arábia Saudita,Premium
4956,Maria Clara Machado,maria-laura13@example.net,64,Letônia,Family
4957,Theodoro Sousa,castromaria-isis@example.net,45,Burundi,Family
4958,Sophia Porto,acaldeira@example.org,48,Filipinas,Family
4959,Isabela Costela,zvieira@example.com,33,México,Family
4960,Thomas Vasconcelos,wgarcia@example.org,23,Camboja,Premium
4961,Luiz Miguel Viana,maria-lizmartins@example.org,28,Cazaquistão,Free
4962,Danilo Vieira,wcunha@example.net,23,Tonga,Family
4963,Maria Julia Peixoto,uda-cruz@example.net,53,Singapura,Premium
4964,Benício Novaes,diego52@example.net,23,Jordânia,Premium
4965,Ana Carolina Marques,zsampaio@example.com,70,Costa do Marfim,Free
4966,Luigi Vieira,lucas-gabriel84@example.com,24,Libéria,Free
4967,Carlos Eduardo Novaes,bmendonca@example.net,28,Nepal,Family
4968,Cecília Montenegro,jazevedo@example.org,58,Bulgária,Free
4969,José Rodrigues,eloalima@example.net,55,Serra Leoa,Premium
4970,Ana Vitória Jesus,martinsamanda@example.org,65,Noruega,Free
4971,Davi Lucas da Rocha,kborges@example.net,33,Guiné-Bissau,Family
4972,Ayla Nunes,rodriguessofia@example.net,21,Haiti,Premium
4973,Luiz Miguel Castro,valentinaribeiro@example.net,22,Hungria,Family
4974,Dr. Pedro Nogueira,fogacajose-pedro@example.org,50,Ilhas Marshall,Premium
4975,Dr. Luiz Fernando Pereira,vitor-hugo36@example.com,20,Mali,Premium
4976,Esther Sampaio,nascimentojoao@example.org,22,Eritreia,Family
4977,Luan Novaes,evelynaparecida@example.net,23,Arábia Saudita,Family
4978,Leonardo da Rocha,zda-rocha@example.com,68,Togo,Family
4979,Dr. Breno Moreira,lunna47@example.com,31,Ilha de Man,Premium
4980,Isaque da Mata,garciaisis@example.org,45,Afeganistão,Free
4981,Maria Cecília Peixoto,isaque57@example.com,70,Líbia,Premium
4982,Vinicius Lopes,albuquerquemariah@example.com,69,Birmânia,Free
4983,Sabrina Azevedo,da-cruzantonella@example.org,50,Líbano,Family
4984,Sra. Mariane Gomes,aragaojade@example.org,20,Uruguai,Free
4985,Liz Farias,haraujo@example.net,65,Uruguai,Family
4986,Laura Silva,lucasgarcia@example.org,39,Vietnam,Free
4987,Maria Cecília Cardoso,agatha70@example.net,61,Mauritânia,Premium
4988,Rodrigo Sales,gcavalcanti@example.org,27,Dinamarca,Free
4989,Maria Julia Costela,ninanovais@example.com,47,Moldávia,Family
4990,Luiz Felipe Souza,oaragao@example.org,35,Benim,Family
4991,Sr. Breno Rodrigues,gsa@example.com,63,China,Family
4992,Kaique Ribeiro,da-cruzleticia@example.net,33,Índia,Premium
4993,João Miguel Rezende,carlos-eduardoazevedo@example.com,50,Singapura,Free
4994,Srta. Raquel Cavalcanti,gabrielsiqueira@example.net,21,Dinamarca,Free
4995,Beatriz Lopes,da-costavitor-gabriel@example.com,37,Dinamarca,Family
4996,Ana Sophia Novais,ypastor@example.net,65,Honduras,Premium
4997,Bruna Vieira,riosisabella@example.net,53,Bielorrússia,Premium
4998,Stella Cavalcanti,leandro66@example.net,23,Ilha Wake,Premium
4999,Mariah Fernandes,rodriguesmaria-alice@example.com,20,Líbano,Free
5000,Luiz Miguel das Neves,ana-cecilia89@example.net,29,Seicheles,Premium
5001,Isabella das Neves,ana-laura66@example.org,63,Hungria,Premium
5002,Sr. Rodrigo Vargas,oteixeira@example.net,52,Micronésia,Free
5003,Léo Lopes,rda-mata@example.org,63,Brasil,Free
5004,André Gomes,martinsbenicio@example.org,21,Suíça,Family
5005,Guilherme Ribeiro,zcasa-grande@example.com,28,Ilhas Turcas e Caicos,Family
5006,Elisa Pastor,antonioabreu@example.com,59,Lesoto,Free
5007,Sr. Breno Azevedo,costajose-miguel@example.net,29,Taiwan,Premium
5008,Ravy Cavalcanti,valentinamachado@example.com,54,Belize,Premium
5009,Dr. Luiz Miguel Sá,vda-conceicao@example.net,61,Malásia,Premium
5010,Dra. Júlia Moraes,benjamim35@example.net,62,Bielorrússia,Premium
5011,Stella da Paz,ana-ceciliacamara@example.org,27,Mayotte,Premium
5012,Davi Miguel Melo,ioliveira@example.com,70,Moldávia,Premium
5013,João Vitor Barros,franciscoborges@example.com,45,Congo-Kinshasa,Family
5014,Laura Garcia,brenopires@example.com,25,Venezuela,Premium
5015,Theo Fonseca,carvalhomarcelo@example.net,22,Dinamarca,Premium
5016,Maria Liz Gonçalves,yagoguerra@example.com,47,Estônia,Family
5017,Sra. Nina Ferreira,julia49@example.net,48,Guam,Family
5018,Josué Fernandes,aragaogustavo-henrique@example.net,28,Mali,Family
5019,Sophie Pastor,emanuella73@example.com,32,Angola,Family
5020,Camila Andrade,cavalcantilavinia@example.com,59,República Dominicana,Family
5021,Raquel Duarte,siqueiramaria-eduarda@example.com,63,Panamá,Premium
5022,Luiz Otávio da Rosa,kaiquepastor@example.org,48,Austrália,Free
5023,Lavínia Araújo,aazevedo@example.com,56,Guiné Equatorial,Premium
5024,Alice Costa,araujopedro-lucas@example.org,23,Pitcairn,Premium
5025,João Miguel Nunes,wrodrigues@example.net,56,Jamaica,Premium
5026,Ryan Silveira,marcela00@example.com,21,Ilhas dos Cocos,Free
5027,Maitê Duarte,ramoshenrique@example.net,47,Guiné Equatorial,Free
5028,Amanda Moura,dom00@example.net,24,Jordânia,Free
5029,Bianca Jesus,mmelo@example.com,41,Sri Lanka,Premium
5030,Pietra Silva,maria-juliagoncalves@example.org,28,Turquemenistão,Premium
5031,Lara Farias,samuelalves@example.net,59,Suíça,Family
5032,Isis Mendonça,da-matasara@example.com,34,Guiana,Premium
5033,Dr. Benjamin Macedo,kmartins@example.org,41,Iran,Family
5034,Dr. Yan Siqueira,pietrapires@example.org,64,Jamaica,Premium
5035,Augusto Campos,nina72@example.com,31,Afeganistão,Family
5036,Srta. Stella Duarte,leaomariah@example.org,41,Salvador,Family
5037,Isabela Silva,fsousa@example.org,57,Samoa,Free
5038,Maya Aparecida,brunopires@example.com,39,Monserrate,Family
5039,Letícia Ferreira,ribeirorebeca@example.net,31,Peru,Free
5040,Ísis Pires,casa-grandedavi@example.net,59,Polinésia Francesa,Family
5041,Melina Viana,fonsecaeloah@example.org,41,Malásia,Family
5042,Vinícius Araújo,thales83@example.org,44,Peru,Premium
5043,Maria Luiza Fonseca,ferreiraolivia@example.net,63,Peru,Family
5044,Luiz Fernando Azevedo,joao-gabrielfreitas@example.com,27,Peru,Premium
5045,Olívia Rios,fernandamartins@example.com,69,Porto Rico,Free
5046,Isabelly Araújo,pedro-henrique05@example.net,30,Ilhas Virgens Britânicas,Premium
5047,Henry Gabriel Rodrigues,cavalcantiapollo@example.org,52,Malásia,Premium
5048,Vicente Cassiano,mnovais@example.org,53,Burundi,Family
5049,Arthur Miguel Leão,feliperodrigues@example.com,43,Roménia,Family
5050,Pietro Sales,ana-carolina95@example.org,27,Guiné,Premium
5051,Giovanna Marques,vribeiro@example.org,68,Bolívia,Free
5052,Alana Fogaça,nleao@example.net,53,São Marinho,Free
5053,Sr. Mateus Sá,maria54@example.com,57,Togo,Family
5054,Luísa Barros,maria-flormontenegro@example.org,58,Nova Zelândia,Free
5055,Henry Borges,novaesmaria-isis@example.com,35,Irlanda,Premium
5056,José Mendes,mda-rocha@example.net,39,Guam,Premium
5057,Kaique Melo,ribeirodavi-miguel@example.org,44,Gabão,Free
5058,Sr. Josué Ramos,caldeirahellena@example.org,29,Wallis e Futuna,Family
5059,Sarah Moraes,carolina59@example.com,48,São Pedro e Miquelon,Family
5060,Vicente Andrade,ana-ceciliagarcia@example.org,40,Noruega,Premium
5061,Cecília Ramos,luccada-cunha@example.com,65,Vietnam,Family
5062,Aurora Correia,barbosajade@example.com,21,Síria,Family
5063,Zoe Leão,jmachado@example.org,44,Polônia,Free
5064,Sr. Caleb Machado,barbosagiovanna@example.com,18,Jamaica,Free
5065,Leonardo Cardoso,luisada-cruz@example.net,34,Moçambique,Family
5066,Stella Porto,theo29@example.org,43,Ilhas Marshall,Premium
5067,Marcela Nogueira,lopesdaniela@example.com,26,Jordânia,Free
5068,Ana Siqueira,luiza76@example.net,53,Reino Unido,Free
5069,Pietra Sousa,gustavofreitas@example.com,57,Anguila,Free
5070,Dom Rezende,vasconcelosmaria-luisa@example.org,62,Emirados Árabes Unidos,Family
5071,Matheus Moraes,fernandacostela@example.net,68,República Dominicana,Family
5072,Vinicius Pereira,cassianolunna@example.org,45,Monserrate,Family
5073,Manuella Alves,yasmin94@example.org,34,Ilhas Salomão,Family
5074,Joana Duarte,drios@example.com,39,Costa do Marfim,Free
5075,Alana Pires,matheusoliveira@example.net,29,Islândia,Premium
5076,Juan Pereira,kaiquebarros@example.com,52,Antártica,Family
5077,Ana Laura Ramos,idas-neves@example.com,38,Líbano,Family
5078,Théo Albuquerque,xpinto@example.net,45,Moçambique,Premium
5079,Marina Aparecida,jnovaes@example.org,62,Salvador,Premium
5080,Milena Pimenta,limamurilo@example.com,65,Ilha Bouvet,Free
5081,Srta. Emilly da Cruz,marcos-vinicius68@example.com,62,Macau,Premium
5082,Felipe Araújo,isis15@example.com,42,Aruba,Premium
5083,Melina Moreira,tcamargo@example.com,61,Santa Helena,Premium
5084,Davi Lucas da Luz,alveshenry@example.net,48,Ilhas Virgens Britânicas,Premium
5085,Luiz Fernando Fogaça,machadomaria-julia@example.org,69,Honduras,Family
5086,Dr. Theodoro Teixeira,caroline26@example.org,19,Tailândia,Free
5087,Miguel Cavalcanti,elisada-conceicao@example.net,29,Croácia,Family
5088,Dra. Luiza Dias,theo37@example.org,68,Peru,Premium
5089,Yuri Brito,fda-luz@example.org,56,Chade,Premium
5090,Alexia Vasconcelos,raquel17@example.org,32,Noruega,Premium
5091,Isis Cardoso,macedohenrique@example.org,51,Ilha de Man,Free
5092,Maria Luísa da Luz,wlima@example.com,69,Países Baixos,Premium
5093,Maria Gomes,bella20@example.org,38,Guam,Premium
5094,Luigi Novaes,qnogueira@example.com,25,Guiné,Premium
5095,Srta. Maria Cecília Ferreira,igor46@example.net,45,Tailândia,Premium
5096,Gabrielly Melo,inunes@example.org,33,Cuba,Premium
5097,Ryan Carvalho,sda-rosa@example.org,43,Bahamas,Free
5098,Marcos Vinicius Gomes,maria-florda-mata@example.org,63,Coral Sea Islands,Family
5099,Maria Julia Costela,leomoura@example.org,34,Áustria,Family
5100,Dra. Ísis Campos,vmelo@example.com,70,Omã,Premium
5101,Nicole Peixoto,domrodrigues@example.org,42,Suíça,Premium
5102,Sr. Felipe Fonseca,leoalbuquerque@example.net,60,Samoa Americana,Premium
5103,Eduardo Casa Grande,carolineda-costa@example.net,36,Antilhas Holandesas,Premium
5104,Srta. Olivia Câmara,da-cunhaluigi@example.com,58,Vietnam,Premium
5105,Dom Albuquerque,montenegromaria@example.com,33,Costa Rica,Premium
5106,Rafael da Paz,ana-ceciliaaparecida@example.com,43,Akrotiri,Family
5107,José Miguel da Rosa,camposravi-lucca@example.com,37,Marianas do Norte,Free
5108,Thales Mendonça,stephanybrito@example.net,51,Polônia,Premium
5109,Davi Luiz Montenegro,vda-cunha@example.com,32,Luxemburgo,Free
5110,Luna Camargo,lorena87@example.net,49,Território Britânico do Oceano Índico,Free
5111,Benicio Silva,alvesthiago@example.com,60,Eslovênia,Premium
5112,Sabrina Melo,csiqueira@example.net,59,Colômbia,Free
5113,Ana Clara da Mota,levigarcia@example.org,47,Polinésia Francesa,Family
5114,Levi Camargo,eloah78@example.net,68,Brunei,Family
5115,Ravi Ramos,emanuellapires@example.com,35,Comores,Family
5116,Enzo Gabriel da Cruz,ribeiromaria-cecilia@example.org,48,Grécia,Family
5117,Gustavo Câmara,nascimentoamanda@example.org,50,Gabão,Family
5118,Ana Júlia Pimenta,isaque07@example.com,25,Congo-Kinshasa,Premium
5119,Danilo Araújo,luiz-henriquegarcia@example.com,62,Bahamas,Premium
5120,Davi Aparecida,thiago30@example.com,28,Malásia,Premium
5121,Ana Júlia Novaes,davi-lucasteixeira@example.com,66,Quirguizistão,Free
5122,Ravi Mendes,eloahguerra@example.net,59,Gana,Family
5123,Ágatha Barbosa,novaislucas@example.org,34,China,Premium
5124,Maya Mendonça,oliviateixeira@example.org,39,Birmânia,Free
5125,Bernardo Andrade,lcamargo@example.com,21,Irlanda,Premium
5126,Catarina Santos,da-motaantonella@example.net,34,Zâmbia,Premium
5127,Olívia Oliveira,maria-fernanda06@example.com,46,Dhekelia,Family
5128,Sr. Cauã da Mata,ester20@example.net,51,Filipinas,Premium
5129,Lucas Gabriel Souza,joao-guilhermeguerra@example.net,38,Ilhas Cook,Family
5130,Isabella Rodrigues,ipimenta@example.com,41,Libéria,Free
5131,Danilo Melo,rsa@example.net,49,Dhekelia,Premium
5132,Thiago Cavalcanti,spereira@example.org,43,Lituânia,Premium
5133,Otto Fernandes,fernando57@example.net,41,Catar,Premium
5134,Maria Luiza Barbosa,gustavo-henrique09@example.com,64,Paracel Islands,Free
5135,Gustavo Henrique Barbosa,iancirino@example.net,39,Vaticano,Free
5136,Vitor Pacheco,maria-luizapeixoto@example.com,54,Suriname,Premium
5137,Alexandre Pacheco,freitastheodoro@example.com,30,Barbados,Free
5138,Isaac Alves,moreirajose@example.org,26,Dinamarca,Premium
5139,Melissa da Rocha,mendesjoao-pedro@example.org,62,Nova Caledónia,Family
5140,Sr. Lucas Gabriel Pimenta,cavalcantinina@example.net,55,Geórgia do Sul e Sandwich do Sul,Family
5141,Antony da Rosa,isaacaparecida@example.org,55,Madagascar,Family
5142,Emanuella Machado,luizada-mota@example.org,69,Marianas do Norte,Premium
5143,Carlos Eduardo Farias,guerracaroline@example.org,70,Estônia,Family
5144,Isabela Martins,rebecaoliveira@example.com,49,França,Family
5145,Isabella Viana,frezende@example.net,66,Samoa Americana,Free
5146,Luna Correia,sousaravy@example.net,28,Antilhas Holandesas,Family
5147,Maria Clara Peixoto,rbrito@example.net,65,Mayotte,Free
5148,Srta. Maria Laura Araújo,cpeixoto@example.net,52,Bulgária,Free
5149,Isis Carvalho,josue94@example.com,43,Liechtenstein,Free
5150,Bruna Câmara,caroline87@example.net,65,Canadá,Premium
5151,Catarina Moreira,teixeiraana@example.net,41,Territórios Austrais Franceses,Premium
5152,Yan Castro,moraespietra@example.net,28,Indonésia,Free
5153,Igor Dias,camilacaldeira@example.com,54,Domínica,Premium
5154,João Gabriel Pereira,heloisa52@example.net,57,Clipperton Island,Free
5155,Srta. Cecília Pimenta,benicio53@example.com,19,Barbados,Premium
5156,Luiz Henrique Freitas,ferreiraluara@example.org,20,Uganda,Free
5157,Gustavo Lopes,camargoisaac@example.com,46,São Cristóvão e Neves,Premium
5158,Kevin Monteiro,bernardo33@example.net,18,Estônia,Premium
5159,Joana Leão,lunamonteiro@example.com,46,Chade,Free
5160,Bruna Gonçalves,breno86@example.org,21,Turquia,Premium
5161,Mariane da Paz,costaantonio@example.org,29,Canadá,Family
5162,Arthur Gabriel Sousa,xmoraes@example.org,35,Nova Zelândia,Free
5163,Kaique Correia,da-rosatheo@example.org,65,Malta,Premium
5164,Emanuella Nogueira,albuquerquebrayan@example.com,28,Ilhas Falkland,Family
5165,Luiz Fernando Gonçalves,stella54@example.com,25,Chipre,Free
5166,Srta. Allana Moraes,jcarvalho@example.org,51,Coreia do Sul,Premium
5167,Dr. Caio Moura,novaisantonio@example.net,65,Índia,Free
5168,Dra. Maria Helena Almeida,viniciuspinto@example.net,64,Turquia,Premium
5169,Luísa da Paz,casa-grandehenry@example.org,36,Espanha,Free
5170,José Cassiano,silvapietro@example.net,26,Ilha Wake,Premium
5171,Théo Machado,dommonteiro@example.net,49,Macau,Family
5172,Laura Garcia,maria-isisfonseca@example.net,52,Ilha de Man,Premium
5173,Ana Clara Camargo,brayancassiano@example.net,59,Moçambique,Free
5174,Arthur Gabriel Andrade,alicealves@example.net,23,Antilhas Holandesas,Family
5175,Marcos Vinicius Teixeira,luiz-henriquepereira@example.com,32,Suriname,Family
5176,Bianca da Luz,arthur-gabrielmoura@example.net,61,Birmânia,Premium
5177,Luiz Gustavo Abreu,henry-gabrielmontenegro@example.net,29,Noruega,Premium
5178,Maitê Silveira,cgomes@example.org,61,Ilhas Salomão,Family
5179,Sra. Sabrina Cunha,barrosmateus@example.com,57,Eslovênia,Premium
5180,Sr. Theodoro Campos,montenegrosamuel@example.net,28,Angola,Family
5181,Olivia Ramos,liviapimenta@example.com,57,São Cristóvão e Neves,Free
5182,Sra. Fernanda Novaes,da-matakevin@example.com,62,Nauru,Premium
5183,Camila Andrade,cnovaes@example.com,33,Irlanda,Premium
5184,Vinícius Costa,cavalcanteanthony@example.com,27,Benim,Premium
5185,Liam Cirino,peixotobrenda@example.net,69,Jibuti,Premium
5186,Leonardo Andrade,camposmaria-cecilia@example.com,30,Polônia,Free
5187,Ana Carolina Aparecida,qpereira@example.net,58,Coreia do Sul,Premium
5188,Helena Rocha,lteixeira@example.net,19,São Cristóvão e Neves,Premium
5189,Luiz Gustavo Costa,luiz-gustavocavalcante@example.net,65,Burundi,Premium
5190,Júlia Ribeiro,uda-mata@example.net,20,Suriname,Free
5191,Dra. Manuella Alves,eduardacavalcante@example.com,23,Salvador,Free
5192,Rebeca Pires,andradevitor@example.org,26,Omã,Free
5193,Sr. Joaquim Novaes,fogacaraul@example.net,24,Albânia,Premium
5194,Dra. Beatriz Costela,sousasarah@example.net,52,Alemanha,Family
5195,Antony Sousa,oramos@example.com,21,Barbados,Premium
5196,Antony Mendonça,cirinoraquel@example.org,50,Dhekelia,Free
5197,Maria Julia da Cruz,davi60@example.net,37,São Cristóvão e Neves,Family
5198,Dra. Hadassa Dias,fernandesmaria-eduarda@example.org,26,Fiji,Premium
5199,Theo Andrade,samuelmarques@example.com,69,Sri Lanka,Family
5200,Rafaela Guerra,ana-beatriz89@example.org,50,Bulgária,Family
5201,Maria Clara Farias,icosta@example.org,36,Santa Lúcia,Free
5202,Sr. Luiz Miguel Gomes,casa-grandeana-luiza@example.com,27,Mônaco,Premium
5203,André Guerra,leaosophia@example.org,40,Croácia,Free
5204,Apollo Andrade,rodrigueslorena@example.net,18,Irlanda,Premium
5205,Pietro Marques,gsouza@example.net,62,Hong Kong,Family
5206,Yasmin Marques,diaspedro-henrique@example.org,62,Ilhas Turcas e Caicos,Family
5207,Maria Júlia Guerra,laraborges@example.org,46,Itália,Free
5208,Ravy Mendes,peixotozoe@example.org,55,Itália,Family
5209,Sara Ferreira,scostela@example.net,48,Sérvia,Free
5210,Nicolas Albuquerque,silveirarodrigo@example.com,20,São Cristóvão e Neves,Family
5211,Vinícius da Mota,dante67@example.org,51,Etiópia,Free
5212,Ana Vitória Sales,ana-beatriz93@example.com,29,Singapura,Free
5213,Dra. Fernanda Azevedo,thales77@example.com,49,Malásia,Free
5214,Dra. Cecília da Cruz,fernandesgabrielly@example.com,49,Grécia,Family
5215,Maria Luísa Barros,da-motayago@example.net,45,Seicheles,Free
5216,Yuri Sá,cavalcantebreno@example.org,33,Botsuana,Premium
5217,Clarice Sousa,montenegromaria-cecilia@example.org,67,Ilhas Falkland,Family
5218,Lavínia Almeida,wduarte@example.org,27,Mayotte,Family
5219,Sra. Kamilly Araújo,sophie03@example.org,65,Bélgica,Free
5220,Sr. Henrique Vargas,liampinto@example.org,22,Egito,Free
5221,Eduarda Alves,raviteixeira@example.com,68,Sri Lanka,Free
5222,Dra. Sophie Pimenta,nnovaes@example.org,41,Grécia,Free
5223,João Gabriel Pastor,barrosbenjamin@example.org,48,Macedônia do Norte,Family
5224,Luiz Henrique Aparecida,leaoclara@example.net,42,Costa do Marfim,Family
5225,Murilo Pires,dcaldeira@example.com,29,Mauritânia,Free
5226,Dra. Maria Clara Silva,lucas-gabriel95@example.net,25,Cabo Verde,Free
5227,Ana Albuquerque,andradeclarice@example.org,39,Bósnia e Herzegovina,Family
5228,Maria Alice Moraes,barbosaliz@example.org,65,Síria,Family
5229,Ian Abreu,bruna87@example.org,28,Belize,Free
5230,Emanuelly Barbosa,brayan10@example.com,40,Eslovênia,Premium
5231,Ana Laura Jesus,liamfernandes@example.org,54,Tajiquistão,Family
5232,Henrique Andrade,pereirapedro-lucas@example.org,39,Mauritânia,Free
5233,Dr. Fernando Lima,costelamaria-luisa@example.net,63,Macedônia do Norte,Free
5234,Anthony Gabriel Porto,joao-guilhermeda-mota@example.com,29,Guiné Equatorial,Family
5235,Arthur Monteiro,udas-neves@example.com,47,Wallis e Futuna,Family
5236,Isabel Martins,leonardo06@example.com,38,Estônia,Free
5237,Vicente da Mota,silvahelena@example.com,57,Namíbia,Free
5238,Luna Fonseca,danielda-mota@example.com,68,Cuba,Family
5239,Dr. Dom da Conceição,marcelo75@example.com,24,Lesoto,Family
5240,Heloisa Mendes,maria-luiza98@example.org,61,Ilhas Caiman,Family
5241,Sra. Maria da Mota,leonardoporto@example.net,19,Laos,Premium
5242,João Cavalcanti,carvalhojose@example.net,67,Congo-Brazzaville,Family
5243,Raquel Barbosa,pedropastor@example.com,39,Níger,Free
5244,Brenda Garcia,benjamim55@example.org,43,Coral Sea Islands,Free
5245,Maria das Neves,da-pazgabrielly@example.net,39,Ilhas Cook,Family
5246,Sr. Arthur Miguel Nascimento,cavalcantejose@example.com,38,Geórgia,Free
5247,Yago Alves,riosluiz-felipe@example.net,57,Uganda,Premium
5248,Dr. Arthur Gabriel Mendes,da-cunhaleonardo@example.org,30,Botsuana,Family
5249,Sr. José Miguel Pastor,nmoraes@example.org,50,Dinamarca,Family
5250,Mathias Barbosa,limamaria-luiza@example.net,32,Sri Lanka,Family
5251,Gael Henrique Campos,santosana-vitoria@example.org,33,Colômbia,Family
5252,Julia Mendonça,nandrade@example.net,43,Costa do Marfim,Free
5253,Lorenzo Lima,rezendehelena@example.net,32,Ilha Bouvet,Free
5254,Kamilly Moura,lorenafarias@example.net,49,Guiné-Bissau,Premium
5255,Sra. Eloah Lopes,ninapires@example.net,37,Faroé,Free
5256,Dr. Josué da Mota,lmoraes@example.net,35,União Europeia,Premium
5257,Murilo da Mata,fernando29@example.org,26,Barein,Free
5258,Enrico Pinto,melissasilva@example.com,18,Ilha Wake,Family
5259,Yan Siqueira,joao-pedrogomes@example.com,42,Maldivas,Premium
5260,Gabriela Cirino,valentinamendes@example.net,48,Burquina Faso,Premium
5261,Luísa Martins,dguerra@example.com,30,Albânia,Family
5262,Isis Jesus,francisco11@example.net,49,República Checa,Premium
5263,João Vitor Lopes,diasfrancisco@example.net,31,Jan Mayen,Family
5264,Olívia Azevedo,eduardaporto@example.org,59,Antígua e Barbuda,Premium
5265,Gustavo Leão,teixeiralavinia@example.com,42,Mauritânia,Family
5266,Luan Silveira,mvasconcelos@example.org,19,Uganda,Free
5267,Manuela Vargas,lnascimento@example.net,47,Catar,Premium
5268,Rodrigo Santos,rezendegabriela@example.org,52,Costa do Marfim,Free
5269,Sabrina Teixeira,alexandre04@example.net,33,Dinamarca,Premium
5270,Kaique Dias,da-costaravi-lucca@example.net,45,Tunísia,Family
5271,João da Cruz,nogueiradom@example.com,58,República Checa,Premium
5272,Raquel Ferreira,gael-henriquevargas@example.org,63,Sérvia,Free
5273,Bruna Peixoto,omarques@example.org,64,Marrocos,Free
5274,Dra. Evelyn Cirino,camargoheitor@example.net,45,Sara Ocidental,Family
5275,João Vitor Aragão,tmonteiro@example.net,41,República Dominicana,Free
5276,Davi Lucca Pacheco,maria-alicealbuquerque@example.com,61,Coral Sea Islands,Premium
5277,Sr. Murilo Jesus,amanda59@example.com,44,Cazaquistão,Family
5278,Igor Castro,hellenaandrade@example.net,65,Luxemburgo,Premium
5279,Maria Araújo,montenegromariane@example.com,65,Ilhas Falkland,Premium
5280,Gustavo Aparecida,jesusaugusto@example.net,47,Dhekelia,Family
5281,Maria Liz Pereira,barbarafonseca@example.com,50,Suécia,Family
5282,Sr. Igor Nascimento,psantos@example.net,41,Ilha Wake,Free
5283,Rebeca Rezende,nalves@example.org,56,Marrocos,Premium
5284,José Pedro Nunes,vitor-hugo59@example.net,64,Catar,Family
5285,Lara Costa,raulda-rocha@example.net,19,República Checa,Premium
5286,Marina da Mata,ayla54@example.net,18,Eslováquia,Premium
5287,Elisa Porto,rezendebianca@example.org,44,Domínica,Family
5288,Mariane Albuquerque,guerraaurora@example.org,43,Usbequistão,Free
5289,Dr. Miguel Rezende,oliveirajuan@example.org,22,Butão,Premium
5290,Carlos Eduardo Aparecida,knovais@example.org,18,Samoa,Premium
5291,Vinicius Ramos,ymontenegro@example.com,37,Uruguai,Premium
5292,Manuela Monteiro,kamilly33@example.com,70,Ucrânia,Free
5293,Isabella Vargas,wcirino@example.org,36,Bolívia,Family
5294,Zoe Barbosa,cjesus@example.com,69,Ilhas Virgens Britânicas,Premium
5295,Dra. Eduarda Lima,edias@example.net,37,Suíça,Premium
5296,Calebe Costela,liamcirino@example.net,33,Brasil,Family
5297,Luna Montenegro,juliaribeiro@example.com,43,Afeganistão,Family
5298,Isabelly da Cruz,brenoguerra@example.org,47,Jan Mayen,Premium
5299,Dr. Francisco Sá,luisa81@example.org,54,Moldávia,Premium
5300,Zoe Araújo,cirinoerick@example.org,22,Mongólia,Free
5301,Sabrina Câmara,svargas@example.net,49,Camboja,Family
5302,Luísa Rodrigues,xgarcia@example.net,39,Catar,Free
5303,Léo Ramos,vda-conceicao@example.org,69,Groenlândia,Premium
5304,Antonella Gonçalves,biancarocha@example.com,57,Mauritânia,Premium
5305,Nicolas Rios,catarina88@example.net,64,Sudão,Family
5306,Stephany Dias,silveiratheo@example.net,24,Akrotiri,Premium
5307,Lucca Gonçalves,anthony99@example.net,30,Polônia,Free
5308,Mateus Rodrigues,pastordiego@example.org,22,Camarões,Premium
5309,Julia Fogaça,oaraujo@example.com,52,Geórgia do Sul e Sandwich do Sul,Premium
5310,Luan Cunha,dom81@example.net,19,Etiópia,Free
5311,Maria Helena Santos,tfernandes@example.com,38,Ashmore and Cartier Islands,Premium
5312,Sr. Gael Moraes,ibrito@example.com,36,Tanzânia,Premium
5313,Jade Marques,maria-julia43@example.org,44,Panamá,Free
5314,Sr. Isaac Santos,fernando66@example.com,41,Ilhas Marshall,Premium
5315,Mariane Siqueira,maria-fernandada-mata@example.org,30,Singapura,Free
5316,Sr. Bryan Silveira,maysasousa@example.com,54,Quiribáti,Family
5317,Theodoro Guerra,maria-luizavargas@example.net,44,Líbia,Free
5318,Lucas Gabriel da Rocha,jose78@example.com,68,Finlândia,Free
5319,José Azevedo,nicolas20@example.net,35,Eslováquia,Free
5320,Cauê Pires,jose81@example.com,22,Honduras,Family
5321,Luiz Fernando Pires,luanfernandes@example.com,36,Uruguai,Premium
5322,Antônio Nogueira,carolina45@example.org,64,Nova Zelândia,Premium
5323,Benjamim Azevedo,juliana15@example.net,34,Guiné,Family
5324,Sra. Mariah Brito,julianabrito@example.com,23,Brasil,Premium
5325,Luiz Gustavo Fogaça,trezende@example.com,26,Ilhas Caiman,Family
5326,Felipe Costa,hda-mota@example.net,36,Brasil,Free
5327,Dra. Maria Luísa Leão,fariasotavio@example.com,41,Geórgia do Sul e Sandwich do Sul,Premium
5328,José Miguel Alves,rmoraes@example.net,40,Lituânia,Premium
5329,Sra. Eloah Lima,melina17@example.net,22,Haiti,Family
5330,Raul Almeida,alvesisis@example.net,40,Egito,Free
5331,Manuella Pereira,qmelo@example.net,58,Rússia,Free
5332,Maitê Machado,novaisliam@example.net,38,Costa do Marfim,Free
5333,Arthur Miguel Machado,ada-paz@example.org,68,Marrocos,Family
5334,Lucas Viana,lara49@example.org,27,Ilhas Virgens Americanas,Free
5335,Luiz Fernando da Conceição,mouramaysa@example.org,45,Guiné Equatorial,Free
5336,André Ribeiro,da-conceicaojoao-gabriel@example.org,18,Guiana,Premium
5337,Maria Alice Alves,mendesallana@example.com,47,Moçambique,Free
5338,Antony Farias,emanuellaborges@example.org,48,Palau,Premium
5339,Dra. Yasmin Viana,mvieira@example.org,56,Santa Lúcia,Premium
5340,Luiz Otávio Sá,lavinia56@example.org,69,Países Baixos,Family
5341,Stephany Rocha,pintohadassa@example.net,63,Congo-Brazzaville,Free
5342,Sr. Luiz Miguel Aparecida,salesjuliana@example.net,39,Singapura,Family
5343,Maitê Dias,mariah51@example.net,43,Azerbaijão,Free
5344,Natália Pinto,lucas70@example.com,41,Hungria,Family
5345,Caleb Guerra,rodriguesdavi@example.net,25,China,Family
5346,Gustavo Henrique Gomes,apastor@example.org,34,Omã,Premium
5347,Daniel Gonçalves,jlopes@example.net,68,Brunei,Family
5348,Marina da Rocha,lunaalbuquerque@example.com,47,Turquia,Free
5349,Dr. Vicente Ramos,ramosluiza@example.net,32,Burquina Faso,Family
5350,Isis Almeida,limanoah@example.org,27,Equador,Premium
5351,Fernanda Ferreira,qleao@example.org,29,Nauru,Premium
5352,Matteo Macedo,zmontenegro@example.net,70,Santa Helena,Premium
5353,Lorena Fonseca,ana-sophia14@example.net,22,Ilhas Cook,Premium
5354,Thomas Fonseca,qcamara@example.net,53,Brunei,Premium
5355,Sra. Helena Albuquerque,ppires@example.net,43,São Tomé e Príncipe,Free
5356,Maria Cecília Garcia,luan04@example.org,68,Tailândia,Free
5357,Fernanda Ferreira,vieiracaue@example.net,48,Ilha de Man,Family
5358,Maria Clara Campos,rmoura@example.com,68,Arábia Saudita,Family
5359,Dra. Esther Ribeiro,ccassiano@example.net,40,Ruanda,Family
5360,Emanuel Nogueira,ana-sophiacampos@example.com,22,Áustria,Premium
5361,Bernardo Azevedo,ana-juliaabreu@example.org,33,Eritreia,Free
5362,Clarice Ferreira,ana-lauracassiano@example.net,19,Japão,Premium
5363,Melina Albuquerque,ssousa@example.com,63,São Vicente e Granadinas,Family
5364,Theodoro Rezende,nina15@example.org,56,Marianas do Norte,Premium
5365,Daniel Garcia,moreiramaria-fernanda@example.com,53,Svalbard e Jan Mayen,Premium
5366,Julia Castro,luiz-gustavonascimento@example.net,55,Áustria,Free
5367,Leonardo Sampaio,nicolas53@example.org,48,Argentina,Free
5368,Matteo Mendonça,joanavasconcelos@example.net,58,Canadá,Family
5369,Hadassa Araújo,osouza@example.net,45,Timor Leste,Free
5370,João Moreira,guilherme29@example.com,49,Comores,Premium
5371,Dr. Brayan Caldeira,elisafarias@example.org,70,Eslovênia,Free
5372,Melissa Novaes,benjamim96@example.org,48,Portugal,Premium
5373,Ana Carolina Sales,stellanascimento@example.net,21,Marianas do Norte,Free
5374,Pietro da Mota,umacedo@example.com,50,Santa Helena,Family
5375,Caroline Gomes,lopesluiz-gustavo@example.net,40,Territórios Austrais Franceses,Family
5376,Alana Montenegro,ada-mata@example.com,37,Dhekelia,Family
5377,Vitória Monteiro,novaisanthony@example.com,33,Belize,Family
5378,Heitor da Rocha,davi84@example.org,32,Níger,Premium
5379,Bruna Rocha,davi-miguel39@example.org,57,Macau,Premium
5380,Marcelo Montenegro,aylapimenta@example.org,33,Tajiquistão,Family
5381,Renan Melo,zleao@example.net,36,Guam,Family
5382,Caroline Carvalho,erick03@example.org,51,Trindade e Tobago,Premium
5383,João Gabriel Fogaça,da-pazdiego@example.net,32,Akrotiri,Family
5384,Laís Siqueira,rezendejoao-vitor@example.com,34,Lituânia,Premium
5385,Ana Beatriz Fernandes,bmarques@example.com,18,Finlândia,Free
5386,Dra. Hellena Ramos,kamilly09@example.com,50,Suécia,Premium
5387,Bento Martins,matheuscunha@example.org,30,Guernsey,Free
5388,Joaquim Jesus,leofonseca@example.com,39,Porto Rico,Free
5389,Anthony Pimenta,benjamimvasconcelos@example.com,31,Hungria,Free
5390,Pedro Nascimento,lunna17@example.com,24,Guiné-Bissau,Family
5391,Luara da Luz,danilo42@example.com,67,Paraguai,Family
5392,João Miguel Abreu,dmacedo@example.org,66,Vietnam,Premium
5393,Melina Marques,gabriel42@example.com,45,Nova Caledónia,Premium
5394,Vicente Almeida,brenda89@example.com,42,Lituânia,Family
5395,Stephany Cavalcanti,leticiamartins@example.org,61,Geórgia do Sul e Sandwich do Sul,Family
5396,Luigi da Paz,alexandregomes@example.net,58,Espanha,Premium
5397,Gustavo Henrique Guerra,rodrigueshenry@example.org,54,Botsuana,Free
5398,Aylla Alves,alexandre69@example.com,31,Seicheles,Premium
5399,Arthur Gabriel Silva,ifernandes@example.net,38,Bahamas,Premium
5400,Lorenzo Leão,ana-carolina09@example.net,58,República Centro-Africana,Premium
5401,Bruna Montenegro,andremendonca@example.net,64,Roménia,Premium
5402,Arthur Gabriel Carvalho,joao-miguel50@example.com,36,São Tomé e Príncipe,Premium
5403,Brayan Araújo,isis39@example.com,33,Bulgária,Free
5404,Luiza Cardoso,emillysiqueira@example.com,46,Zimbábue,Premium
5405,João Gabriel Gomes,ana-beatriz80@example.net,38,Gâmbia,Premium
5406,Bento Costa,pastorbenicio@example.org,41,Venezuela,Free
5407,Beatriz Porto,ana-beatriz17@example.com,47,Mauritânia,Premium
5408,Daniel Ribeiro,ana-liz58@example.com,37,Austrália,Premium
5409,Lunna Borges,da-cunhaerick@example.com,58,Montenegro,Family
5410,Maitê Câmara,vitoria48@example.org,33,Sérvia,Family
5411,Enzo Garcia,nteixeira@example.com,30,Ilhas dos Cocos,Free
5412,Olívia Dias,heloisaalmeida@example.com,53,Mongólia,Family
5413,Felipe Rezende,isis93@example.net,19,Tajiquistão,Premium
5414,Liam Ramos,maria-helenaramos@example.com,65,Navassa Island,Premium
5415,Dra. Letícia Lima,benicioaragao@example.net,20,Lituânia,Free
5416,Srta. Heloisa Brito,yda-mota@example.net,65,Austrália,Premium
5417,Cecilia Vargas,riosisis@example.net,41,Jersey,Family
5418,Dom Borges,zlima@example.org,42,Ashmore and Cartier Islands,Family
5419,Melissa Sá,gael-henrique78@example.com,46,Ilhas Virgens Americanas,Family
5420,Cecília Almeida,leandro85@example.com,58,Guiné-Bissau,Premium
5421,Ravy da Rocha,sda-rocha@example.net,42,Catar,Premium
5422,Benício Alves,heitorguerra@example.com,50,Fiji,Premium
5423,Calebe Almeida,rpastor@example.org,27,Hong Kong,Family
5424,Giovanna Teixeira,dommoura@example.com,57,Turquemenistão,Premium
5425,Mateus da Mota,davirezende@example.net,51,Índia,Premium
5426,Dr. Gustavo Henrique Ribeiro,marcelo99@example.net,45,Jamaica,Free
5427,Brayan Melo,jmonteiro@example.org,34,Camarões,Premium
5428,José Miguel da Paz,camararael@example.com,20,Chipre,Free
5429,Dra. Lívia Carvalho,pimentarafaela@example.com,51,Porto Rico,Premium
5430,Brenda Pires,limasarah@example.org,20,Cuba,Family
5431,Mirella Cassiano,ygoncalves@example.org,54,Malásia,Free
5432,Manuela Cavalcante,ucorreia@example.net,70,Irlanda,Family
5433,Valentina Caldeira,aliciafogaca@example.org,54,Ilha Norfolk,Free
5434,Julia Mendonça,gaelrezende@example.net,49,Liechtenstein,Family
5435,Mirella da Rosa,ana-beatriz65@example.org,40,Japão,Free
5436,Maya Moraes,breno03@example.net,39,Dhekelia,Free
5437,Maria Luísa Fogaça,pimentaryan@example.org,40,Territórios Austrais Franceses,Free
5438,Dr. Matteo Nascimento,ana-carolina36@example.net,35,Svalbard e Jan Mayen,Family
5439,Mirella Casa Grande,ana-lizda-paz@example.org,38,Uganda,Free
5440,Maria Júlia Aragão,nunesgael-henrique@example.com,38,Santa Lúcia,Premium
5441,Vinícius Pires,esther19@example.net,67,Papua-Nova Guiné,Free
5442,Henry Gabriel Fonseca,oliviaaragao@example.com,55,Turquemenistão,Premium
5443,Bianca da Mata,kdias@example.net,46,Nepal,Free
5444,Maria Vitória Costela,mcunha@example.net,70,Guatemala,Family
5445,Dr. Nathan Carvalho,calmeida@example.net,56,Bermudas,Family
5446,Aurora Rios,malves@example.net,29,Haiti,Family
5447,Eloá Andrade,pachecogabriel@example.org,44,Moçambique,Free
5448,Dr. Pedro Miguel Macedo,ucirino@example.org,33,Bielorrússia,Family
5449,Giovanna Pastor,dvieira@example.com,60,Bósnia e Herzegovina,Premium
5450,Gabrielly Aparecida,ana-beatriz36@example.org,46,Gabão,Family
5451,Marina Leão,kaiqueda-cruz@example.net,43,Guiné Equatorial,Family
5452,Fernando Pimenta,ribeiromathias@example.org,45,Comores,Family
5453,Laura da Rosa,omoraes@example.net,52,Noruega,Free
5454,Luigi Alves,ida-mata@example.org,29,Costa Rica,Family
5455,Júlia Barros,diogo82@example.com,36,Navassa Island,Free
5456,Dr. Luiz Fernando Pinto,dante29@example.com,24,Chipre,Premium
5457,Isabelly Pastor,bentocavalcanti@example.org,24,Nepal,Premium
5458,Esther Caldeira,bcunha@example.net,50,Togo,Family
5459,Eloah da Luz,alice40@example.net,63,Hong Kong,Premium
5460,Enrico Barbosa,qda-rocha@example.com,33,Jordânia,Free
5461,Liz Vargas,ecamargo@example.org,70,Eritreia,Free
5462,Giovanna Pastor,enrico68@example.net,70,Singapura,Premium
5463,Yasmin Moraes,nathan58@example.net,54,Ilhas Heard e McDonald,Premium
5464,Rafael Rocha,gabrielda-costa@example.net,19,Croácia,Family
5465,Amanda Novaes,mathiasmartins@example.org,51,Gana,Family
5466,Vitor Hugo Nascimento,ramosyuri@example.com,63,Geórgia,Family
5467,Srta. Aylla Ramos,juliamartins@example.org,49,Alemanha,Free
5468,Sr. Kevin Pereira,da-cunhapedro-miguel@example.net,24,Gabão,Free
5469,Lavínia Marques,hferreira@example.org,42,Etiópia,Free
5470,Maysa Cardoso,joaquim50@example.org,28,Congo-Kinshasa,Free
5471,Asafe Casa Grande,alexia22@example.net,70,Maurícia,Premium
5472,Melissa da Luz,carolinasilveira@example.org,65,Reino Unido,Family
5473,Aylla Martins,gvargas@example.org,36,Gana,Free
5474,Sra. Maria Clara Cardoso,lucas-gabriellima@example.net,41,Bulgária,Free
5475,Olivia Gomes,ravycampos@example.org,51,Síria,Free
5476,Valentim da Costa,mnogueira@example.org,55,Espanha,Free
5477,Maysa Araújo,dom96@example.org,55,Ilhas Marshall,Free
5478,Laís Caldeira,zcaldeira@example.net,57,Eslovênia,Free
5479,Sabrina das Neves,jsales@example.com,54,República Checa,Free
5480,Antonella da Costa,da-rochaana-vitoria@example.org,21,Ilhas Cook,Free
5481,Agatha Sales,barrosjoao-pedro@example.org,35,Turquia,Family
5482,Esther Oliveira,souzaluana@example.org,57,Wallis e Futuna,Premium
5483,Lucas Gabriel Borges,laviniaaragao@example.org,37,Territórios Austrais Franceses,Family
5484,Yuri Vargas,vasconcelosantony@example.net,58,Síria,Premium
5485,Eloá Moreira,ida-luz@example.net,41,Líbia,Free
5486,Ágatha Vasconcelos,ceciliateixeira@example.org,61,Gana,Family
5487,Ana Julia Novais,ana-sophia43@example.com,56,Bermudas,Family
5488,Gabrielly Fogaça,andradefernando@example.com,30,Turquia,Premium
5489,Fernanda Viana,diogo24@example.com,67,Quirguizistão,Free
5490,Dr. Marcos Vinicius Campos,ottonovaes@example.net,40,Geórgia do Sul e Sandwich do Sul,Free
5491,Maria Alice Macedo,luiza45@example.net,25,Emirados Árabes Unidos,Premium
5492,Levi da Costa,goncalvesmaria-julia@example.org,44,Geórgia,Family
5493,Yasmin Souza,fonsecajoao-vitor@example.org,44,Geórgia do Sul e Sandwich do Sul,Premium
5494,João Miguel Ferreira,tda-rosa@example.com,30,Portugal,Free
5495,Davi Lucas Correia,valves@example.org,47,Botsuana,Premium
5496,Raquel Vieira,da-rochabruno@example.org,38,França,Free
5497,Enzo Gabriel Costela,joao-guilherme61@example.net,68,Tajiquistão,Free
5498,Lucca Caldeira,omonteiro@example.net,39,Somália,Family
5499,Maria Julia Fogaça,cgarcia@example.net,39,Iraque,Family
5500,Srta. Lorena Andrade,marianacamara@example.net,28,Nova Zelândia,Free
5501,Jade Martins,aragaoluiz-felipe@example.com,26,Israel,Free
5502,Hellena Gonçalves,gcirino@example.net,65,Índia,Family
5503,Sabrina Siqueira,salesfernando@example.org,57,Líbano,Premium
5504,Oliver Lopes,casa-grandeana-vitoria@example.net,40,Índia,Free
5505,Enzo Gabriel Pimenta,caiocarvalho@example.com,22,Suriname,Premium
5506,Eloah Aragão,albuquerquemathias@example.org,34,Ilhas Cook,Free
5507,Dra. Ana Sophia Azevedo,ravi-lucca66@example.com,33,Nepal,Free
5508,Bárbara Santos,enzo-gabrielcavalcante@example.com,25,Áustria,Free
5509,Maria Clara Sampaio,aliciada-cruz@example.net,66,Estados Unidos,Premium
5510,Sr. Augusto Mendonça,henrique53@example.org,40,Costa Rica,Free
5511,Sr. Juan da Mata,da-cunhadavi-lucca@example.com,27,Omã,Free
5512,Ana Cecília Ribeiro,andrademariana@example.net,33,Quiribáti,Family
5513,Stephany Pereira,luiz-fernando07@example.org,43,Quênia,Free
5514,Liam Mendonça,arthur77@example.org,26,Turquia,Premium
5515,Sr. Vitor Hugo da Rocha,vsousa@example.org,39,Coral Sea Islands,Family
5516,Alice da Mota,caiomontenegro@example.net,36,Senegal,Family
5517,Maria Helena Ribeiro,qda-cruz@example.net,30,Canadá,Premium
5518,Nina Sá,leolopes@example.net,66,Islândia,Family
5519,Vinicius Cunha,lorenzo94@example.org,58,Suriname,Premium
5520,Dra. Bárbara Freitas,jdias@example.org,26,Paracel Islands,Family
5521,Theodoro Nogueira,ester96@example.net,66,Guiné Equatorial,Free
5522,Dr. João Guilherme Viana,odias@example.net,30,Dinamarca,Family
5523,Arthur Sales,maria-clara65@example.com,63,Níger,Family
5524,Dr. Emanuel Cassiano,kamillymoraes@example.org,20,Gabão,Premium
5525,Yuri Borges,qalbuquerque@example.net,62,Ilha Wake,Family
5526,Leonardo Carvalho,ymontenegro@example.org,46,Geórgia,Free
5527,Ana Liz Rocha,amanda39@example.com,30,Tajiquistão,Premium
5528,Marcos Vinicius Ferreira,mariahda-mota@example.net,51,Costa Rica,Premium
5529,Liz Pereira,da-motaantonio@example.org,61,Guernsey,Premium
5530,Srta. Lavínia Duarte,milena17@example.org,60,Gâmbia,Free
5531,Leandro Alves,calebecassiano@example.net,35,Zâmbia,Family
5532,Maria Julia Machado,camaravinicius@example.com,51,Argentina,Family
5533,Luiz Fernando Mendonça,esterbarros@example.org,23,Samoa,Family
5534,Matteo Pires,da-motasophia@example.net,33,Austrália,Family
5535,Sabrina Castro,henriquecunha@example.com,69,Emirados Árabes Unidos,Free
5536,Lunna Martins,hmelo@example.com,29,Áustria,Premium
5537,Zoe Barros,vitorpires@example.com,33,Ilhas Falkland,Family
5538,Agatha Costela,benicio88@example.com,18,Costa Rica,Premium
5539,Alexia da Luz,leaoluiz-felipe@example.org,70,Marrocos,Premium
5540,Luiz Felipe Carvalho,oda-mata@example.com,21,Ilha de Man,Free
5541,Maya Casa Grande,diego11@example.net,41,Nauru,Free
5542,Ana Liz Rocha,alexandrenovaes@example.org,20,Suriname,Free
5543,Bruna Siqueira,arthur48@example.com,59,Costa Rica,Family
5544,Lucas da Mota,rezendelucca@example.org,33,Iêmen,Free
5545,Davi Luiz Cardoso,yagojesus@example.com,39,Dinamarca,Free
5546,Manuella Moura,pabreu@example.net,52,Domínica,Premium
5547,Joana Mendonça,lopesgael@example.org,35,Barein,Free
5548,Marina Cunha,ramosdavi-lucca@example.com,60,Espanha,Family
5549,Maria Laura Barbosa,fogacaaurora@example.net,31,Tajiquistão,Free
5550,Augusto Albuquerque,liviaalves@example.net,61,Iêmen,Free
5551,Stella Fogaça,macedomaria-julia@example.net,46,Tuvalu,Family
5552,Stephany Pastor,eloamartins@example.net,29,Brunei,Premium
5553,Dr. Vitor Gabriel da Costa,rsilva@example.net,28,Ilhas Turcas e Caicos,Family
5554,Júlia das Neves,cavalcantejoao-pedro@example.org,38,Timor Leste,Premium
5555,Lucas Alves,otaviomoreira@example.com,68,Suriname,Premium
5556,Enrico Oliveira,palmeida@example.org,24,Argentina,Family
5557,Luara Melo,maria-luisa24@example.org,19,Comores,Premium
5558,Emanuel Peixoto,pedro-henriquesantos@example.com,55,Camarões,Family
5559,Dra. Joana Souza,pcamara@example.com,56,Macedônia do Norte,Premium
5560,Aurora da Costa,sampaiorhavi@example.com,70,Malásia,Family
5561,Bryan Farias,lda-rosa@example.org,19,Azerbaijão,Free
5562,Dr. Renan Duarte,santosrael@example.com,68,Argentina,Premium
5563,Luísa Lopes,benicio59@example.net,25,Dhekelia,Premium
5564,Srta. Daniela Duarte,bnunes@example.org,54,Venezuela,Premium
5565,Noah Pires,eda-rosa@example.org,22,Suazilândia,Free
5566,Dr. Isaque Barros,caleb55@example.org,25,Navassa Island,Family
5567,Thales Albuquerque,amonteiro@example.com,69,Iêmen,Premium
5568,Sr. Pietro Rodrigues,alvescalebe@example.net,50,Suíça,Premium
5569,Diogo Gonçalves,joao-gabrielcostela@example.org,36,Jamaica,Free
5570,João Guilherme Peixoto,calebpimenta@example.com,53,Luxemburgo,Premium
5571,Ágatha da Rosa,juliana44@example.com,43,Dhekelia,Premium
5572,Ágatha Freitas,luigi32@example.org,38,Andorra,Premium
5573,Mariah Silveira,lcostela@example.com,52,Belize,Family
5574,Leonardo Barbosa,pintodiego@example.org,21,Timor Leste,Premium
5575,Mariane Albuquerque,hadassaaparecida@example.org,51,Nova Zelândia,Free
5576,Luara Cavalcante,josuemendonca@example.com,57,Itália,Premium
5577,Maria Isis Macedo,brendaribeiro@example.com,47,Omã,Family
5578,Bianca Cunha,carlos-eduardomontenegro@example.net,56,Ucrânia,Free
5579,Ana Beatriz Cassiano,jesusnoah@example.net,61,Domínica,Free
5580,Yago Ferreira,ana-luiza64@example.net,38,Equador,Family
5581,Mariana Fernandes,arthur-miguel62@example.com,46,Malávi,Family
5582,Kevin Moraes,maria-juliacosta@example.net,52,Micronésia,Premium
5583,Sr. Guilherme Siqueira,oliviavieira@example.net,36,Etiópia,Free
5584,Sr. Miguel Cavalcante,anarezende@example.net,49,Bermudas,Premium
5585,Ágatha das Neves,pietroda-mota@example.net,60,Samoa,Family
5586,Eloah Gomes,liamazevedo@example.org,41,Marianas do Norte,Premium
5587,Maria Isis Cardoso,qribeiro@example.com,49,Congo-Kinshasa,Premium
5588,Luan Fogaça,joao-miguelalmeida@example.com,30,Nova Caledónia,Family
5589,Luan Novais,joanamachado@example.net,42,Roménia,Family
5590,Arthur Martins,jose-miguelsales@example.net,49,Antilhas Holandesas,Premium
5591,Daniela Vargas,pedro-henriquemarques@example.com,29,França,Free
5592,Théo Macedo,domalbuquerque@example.net,67,Nova Caledónia,Premium
5593,Caroline Andrade,maria-julia65@example.com,31,Haiti,Premium
5594,Emilly Sousa,limacatarina@example.org,66,Polônia,Family
5595,Ana Laura Sá,rhavi99@example.net,30,Congo-Brazzaville,Free
5596,Miguel Costela,gnovaes@example.org,54,Turquia,Family
5597,Dra. Camila Borges,samuel07@example.org,42,Akrotiri,Premium
5598,Luan Nunes,jdas-neves@example.com,27,Ilha Norfolk,Premium
5599,Eduarda Aparecida,sara79@example.net,66,Congo-Kinshasa,Family
5600,Aurora da Paz,ryanmendes@example.com,22,Dhekelia,Family
5601,Evelyn Teixeira,mariana44@example.net,39,Hong Kong,Free
5602,Dra. Ana Ramos,davi-lucasnascimento@example.net,35,Tokelau,Premium
5603,Luan Rios,vianabreno@example.com,65,Áustria,Free
5604,Maria Luísa Sá,santosana-sophia@example.com,62,Suécia,Premium
5605,Thomas Aragão,murilosilveira@example.net,31,Geórgia do Sul e Sandwich do Sul,Family
5606,Emanuelly Alves,fonsecaclara@example.com,51,Burundi,Free
5607,Valentina Moura,lda-cunha@example.org,28,Costa do Marfim,Family
5608,Srta. Bruna Martins,fernandesmathias@example.org,41,Argélia,Premium
5609,André Ferreira,franciscocavalcanti@example.net,42,Alemanha,Premium
5610,Dra. Maria Clara Alves,ana-lauraramos@example.net,33,Arábia Saudita,Premium
5611,Henry Gabriel Ferreira,montenegroemanuel@example.com,23,Cuba,Free
5612,Bruno Leão,kaique27@example.org,55,Guiné-Bissau,Free
5613,Rafaela da Rocha,kevinfarias@example.org,30,Nigéria,Premium
5614,Raquel Ramos,lda-rosa@example.net,55,Itália,Free
5615,Asafe Sampaio,lizaragao@example.com,60,Gibraltar,Family
5616,Heitor Carvalho,pereiramatheus@example.net,61,Botsuana,Free
5617,Bianca Sá,das-nevesemanuella@example.net,41,Suíça,Family
5618,Srta. Mariana Farias,amanda78@example.org,36,Sérvia,Family
5619,Benício Camargo,augusto11@example.com,59,Aruba,Free
5620,Heitor da Conceição,dcamara@example.com,27,Cuba,Premium
5621,Igor Sousa,bernardovasconcelos@example.com,35,Quiribáti,Premium
5622,Dra. Ana Cecília Moura,montenegroana-cecilia@example.com,36,Niue,Premium
5623,Melina Cirino,miguel39@example.org,64,Somália,Family
5624,Liam Camargo,ana-liviasales@example.org,28,Roménia,Family
5625,Sr. Luiz Otávio Lopes,tda-luz@example.com,61,Turquemenistão,Family
5626,Dra. Natália da Paz,sampaiogabriela@example.org,49,Chile,Family
5627,Maria Isis Cavalcante,malves@example.org,56,Zâmbia,Premium
5628,Rodrigo Albuquerque,iferreira@example.net,20,Croácia,Premium
5629,Maria Liz Cunha,renan67@example.com,25,Sérvia,Premium
5630,Davi Miguel Casa Grande,claraporto@example.net,59,Seicheles,Family
5631,Ana Júlia Pimenta,sofiarodrigues@example.com,56,Mônaco,Family
5632,Pedro Lucas Albuquerque,da-rochamarcela@example.org,59,Tailândia,Family
5633,Rebeca Rocha,bruno91@example.net,65,Iraque,Family
5634,Emanuella Peixoto,benjamingoncalves@example.com,62,Suriname,Premium
5635,Sr. Felipe Mendes,diascecilia@example.net,61,Trindade e Tobago,Family
5636,Ian da Rosa,caioazevedo@example.com,44,Brasil,Family
5637,Miguel Nogueira,leogarcia@example.org,40,Suazilândia,Free
5638,Dr. Alexandre Casa Grande,henry14@example.com,61,Paracel Islands,Premium
5639,Rodrigo Lopes,riosbarbara@example.org,37,Uganda,Family
5640,Alexia Correia,jfonseca@example.com,58,Singapura,Free
5641,Léo Gonçalves,qfarias@example.org,33,Barein,Premium
5642,Antony Carvalho,dda-luz@example.net,63,Emirados Árabes Unidos,Premium
5643,Vitor Gabriel Machado,rnovais@example.net,20,Etiópia,Family
5644,Lara Aragão,ana-sophia15@example.net,64,Países Baixos,Free
5645,Ravi Pereira,anovais@example.com,53,Palau,Family
5646,Dra. Hellena Fernandes,apollorezende@example.org,57,Nigéria,Premium
5647,Joana Fogaça,wgomes@example.org,67,Ilhas dos Cocos,Free
5648,Jade Teixeira,camargogael-henrique@example.com,40,Iran,Free
5649,Olívia Ramos,araujovalentina@example.net,26,Croácia,Family
5650,Antonella Pimenta,maysaribeiro@example.com,27,Coral Sea Islands,Free
5651,Nicolas Macedo,theodoro66@example.net,68,Nova Caledónia,Premium
5652,José Miguel Albuquerque,salesbianca@example.net,32,Pitcairn,Premium
5653,Emanuel Brito,ana-clara76@example.net,35,Salvador,Family
5654,Maria Julia da Conceição,ana-laura13@example.org,49,Ilha Bouvet,Premium
5655,Juan Garcia,limanicolas@example.com,65,Síria,Family
5656,Allana Caldeira,levicaldeira@example.com,27,Macedônia do Norte,Premium
5657,Arthur Gabriel Vieira,maria-ceciliasilveira@example.com,23,Botsuana,Free
5658,Erick Duarte,riosmarcela@example.org,31,Tokelau,Premium
5659,Sara Mendonça,piresnoah@example.com,20,Grécia,Family
5660,Henry Gabriel Novais,levi79@example.com,56,Sara Ocidental,Free
5661,Bento Cardoso,wsa@example.net,22,Reino Unido,Free
5662,Otto Santos,vinicius92@example.com,34,Ilhas Virgens Britânicas,Family
5663,Sr. Luiz Fernando Moura,fernanda94@example.org,62,Cazaquistão,Free
5664,Augusto da Cunha,guerraana-liz@example.net,70,China,Premium
5665,Sr. Theo Fonseca,nogueirathiago@example.org,64,Monserrate,Premium
5666,Amanda Monteiro,davi-luccada-luz@example.com,29,Estados Unidos,Free
5667,Bruno Jesus,luiz-gustavosilveira@example.com,55,Quênia,Family
5668,Olivia Martins,cda-mota@example.com,39,Portugal,Premium
5669,Dr. Theodoro Siqueira,pachecoolivia@example.org,63,Ruanda,Free
5670,Ana Alves,agatha12@example.com,33,Montenegro,Family
5671,Daniel Andrade,enzo-gabriel95@example.com,52,Ilha de Man,Family
5672,Maria Isis Vieira,isissampaio@example.org,57,Catar,Premium
5673,Marcela Cunha,ramoslorena@example.com,51,Togo,Family
5674,Camila Pacheco,andre41@example.com,69,Palau,Free
5675,Dr. Lorenzo Silva,costaalexia@example.net,26,Síria,Free
5676,Anthony da Cunha,da-cunhaasafe@example.com,68,Índia,Free
5677,Lorena Vasconcelos,aparecidafernanda@example.com,63,Camarões,Family
5678,Stella Moura,andre96@example.org,37,Jamaica,Premium
5679,Benjamin Albuquerque,fogacaarthur@example.org,61,Sudão,Family
5680,Ágatha Novaes,kmontenegro@example.org,69,Cuba,Family
5681,Vicente da Cunha,vinicius38@example.com,55,Egito,Free
5682,Benício Nunes,yanpastor@example.com,70,Samoa Americana,Free
5683,Evelyn Rezende,jose-pedrocirino@example.org,43,São Marinho,Free
5684,Bernardo Cavalcante,giovanna31@example.com,40,Ilha do Natal,Free
5685,Ana Lívia Cirino,arthur-gabrielporto@example.com,49,Seicheles,Free
5686,Pietra Melo,cavalcantemaria-alice@example.org,20,Turquia,Family
5687,João Sousa,nogueiralais@example.com,19,Ashmore and Cartier Islands,Premium
5688,Renan Almeida,carolinevieira@example.com,70,Belize,Premium
5689,Ravi Lucca da Paz,diegonovais@example.com,38,Barein,Premium
5690,Lorenzo Freitas,pereiraisabel@example.net,62,Burquina Faso,Premium
5691,Oliver Pimenta,luiz-miguel67@example.com,60,República Dominicana,Free
5692,Brenda da Cunha,carvalholuisa@example.net,42,Honduras,Free
5693,Ana da Rocha,piresjose@example.org,40,Timor Leste,Premium
5694,Stella Câmara,maria-liz12@example.org,52,Ilhas Virgens Americanas,Free
5695,Maya Viana,thomas99@example.org,67,Israel,Family
5696,Cauã Câmara,lcirino@example.net,23,Chade,Free
5697,Sra. Sophia Ferreira,aliciarezende@example.com,47,Brasil,Premium
5698,Vitor Gabriel da Cruz,duartemariana@example.net,44,Ilhas Virgens Britânicas,Family
5699,Rafaela Pires,alexandreda-rocha@example.net,47,Congo-Kinshasa,Premium
5700,Dra. Olivia Montenegro,theocaldeira@example.com,44,Micronésia,Free
5701,Bryan da Costa,emanuellapacheco@example.net,56,Quênia,Premium
5702,Dr. Rael Cardoso,oliveirapedro@example.org,28,Espanha,Premium
5703,Luigi Sales,benjamim42@example.net,46,Comores,Family
5704,Dra. Natália Albuquerque,hmonteiro@example.org,20,Etiópia,Free
5705,Júlia Lopes,da-pazlucca@example.net,68,Somália,Premium
5706,Kevin Peixoto,tcardoso@example.net,45,Indonésia,Free
5707,Guilherme Vieira,ucaldeira@example.com,37,Cuba,Premium
5708,Leonardo Farias,costelamaria-eduarda@example.org,57,Zâmbia,Premium
5709,Sr. Caleb Sales,cecilia81@example.org,38,Jibuti,Family
5710,Helena Peixoto,maria-floralmeida@example.net,46,Suécia,Free
5711,Fernando Montenegro,maysa61@example.com,38,Japão,Free
5712,Manuella da Luz,avieira@example.net,24,Papua-Nova Guiné,Premium
5713,Mathias da Luz,danilogoncalves@example.net,20,Groenlândia,Premium
5714,Maria Isis Moura,da-motapedro@example.net,67,Nauru,Free
5715,Maria Cecília Aparecida,abreujoao@example.org,63,Wallis e Futuna,Free
5716,Maria Vitória Pereira,thomas48@example.org,49,Suécia,Premium
5717,Helena Siqueira,luccada-conceicao@example.org,58,Zâmbia,Premium
5718,Srta. Olivia Santos,pintoerick@example.org,26,Marianas do Norte,Family
5719,Anna Liz Andrade,carlos-eduardo92@example.org,61,São Pedro e Miquelon,Family
5720,Ester Campos,da-rochaalana@example.org,69,Madagascar,Premium
5721,Kaique Barros,luiz-otavio90@example.org,63,Usbequistão,Free
5722,Alexia Correia,clara85@example.com,19,Eslovênia,Free
5723,Olivia Gomes,nataliada-cruz@example.net,56,Domínica,Premium
5724,Dr. Gustavo Santos,arthur-miguel73@example.com,56,Nepal,Family
5725,Dr. Yago Aragão,camargoisabel@example.net,50,Chile,Free
5726,Isaac da Mata,rezendeisis@example.org,59,Guiné Equatorial,Family
5727,Lara Castro,umachado@example.org,69,Líbano,Premium
5728,Asafe Aparecida,ramosemanuella@example.net,39,Costa Rica,Family
5729,Sr. Emanuel Moraes,xsilveira@example.net,22,Nauru,Free
5730,Srta. Ana Luiza Costela,lais87@example.com,20,Honduras,Premium
5731,Yasmin Pacheco,teixeiraallana@example.com,52,Costa do Marfim,Premium
5732,Maya Pereira,laurada-mota@example.org,35,Svalbard e Jan Mayen,Premium
5733,Sr. Anthony Araújo,maiteduarte@example.net,35,Hong Kong,Family
5734,Laís Barbosa,paparecida@example.net,66,Gana,Premium
5735,Emilly Vargas,benjamin80@example.org,58,Tanzânia,Premium
5736,Camila Oliveira,jesusheloisa@example.net,28,Tuvalu,Free
5737,Maria Luiza Vargas,fariasmaria-liz@example.org,31,Luxemburgo,Premium
5738,Srta. Ayla Ramos,cpires@example.com,30,Nova Zelândia,Premium
5739,Asafe Melo,jose-miguelferreira@example.com,50,Guiana,Free
5740,Pietra Rocha,mathias88@example.net,34,Mongólia,Premium
5741,Calebe Ribeiro,bryanjesus@example.com,60,Nova Caledónia,Premium
5742,Maria Campos,lvieira@example.net,52,Bielorrússia,Free
5743,Caleb Fogaça,mpeixoto@example.com,45,Turquia,Family
5744,João Gabriel Pacheco,liz43@example.com,32,Ilhas dos Cocos,Free
5745,Vicente Freitas,fda-conceicao@example.com,56,Ilhas Marshall,Family
5746,Dom da Conceição,maria-juliaalbuquerque@example.com,69,Hong Kong,Family
5747,Srta. Bárbara Rocha,bentoribeiro@example.net,32,Países Baixos,Free
5748,Vitória Aparecida,ipacheco@example.net,62,Burquina Faso,Free
5749,Dante Lopes,costaarthur-gabriel@example.org,30,Estados Unidos,Premium
5750,Marina Cavalcanti,njesus@example.net,21,Dinamarca,Free
5751,Laís da Cunha,ryan37@example.org,21,República Centro-Africana,Free
5752,Luiz Fernando Sales,halves@example.org,55,Estados Unidos,Premium
5753,Luigi Pimenta,leandronascimento@example.com,51,Ilhas Falkland,Premium
5754,Hellena Rezende,ravialmeida@example.org,46,Geórgia do Sul e Sandwich do Sul,Free
5755,Arthur Miguel Novais,lorenzopimenta@example.com,19,Ilha Bouvet,Free
5756,Arthur Miguel Leão,zmonteiro@example.org,27,Zimbábue,Premium
5757,Clara Pires,sofiaborges@example.org,26,Dhekelia,Premium
5758,Dra. Ana Lívia Nascimento,matteoda-costa@example.net,34,Guiana,Free
5759,Vitor da Paz,isaque27@example.net,36,Ilha Wake,Family
5760,Dr. Igor Casa Grande,luiz-henrique86@example.org,60,Noruega,Premium
5761,Sra. Bruna da Paz,luiz-miguelcunha@example.org,64,Arábia Saudita,Family
5762,Marcelo Alves,fonsecaanthony-gabriel@example.org,44,Ilhas Marshall,Premium
5763,Pedro Castro,ana-lizda-mata@example.net,40,Argélia,Free
5764,Asafe Teixeira,bentopinto@example.com,34,Croácia,Family
5765,Dr. Pedro Miguel da Luz,leaoisabela@example.com,61,Chile,Premium
5766,Laís Câmara,leticiada-luz@example.net,47,São Marinho,Family
5767,Dra. Joana Vieira,anna-lizmarques@example.net,45,Suíça,Family
5768,Dante Novaes,machadomaria-cecilia@example.com,21,Malta,Family
5769,Heitor Cunha,gustavo-henrique89@example.com,26,Costa Rica,Family
5770,Dra. Ester Gonçalves,bgarcia@example.com,49,Ilhas Virgens Britânicas,Family
5771,Sr. Antony Ramos,lorenasampaio@example.net,18,Guiné-Bissau,Family
5772,Sarah Santos,camposmaysa@example.net,61,Santa Helena,Family
5773,Marcela Cavalcante,leticiasouza@example.org,66,Chipre,Free
5774,Kevin Moura,fcaldeira@example.org,29,Ilha Bouvet,Family
5775,Ana Cecília da Paz,bcosta@example.com,24,Lesoto,Family
5776,Maria Liz Alves,marquesana-beatriz@example.net,62,Maldivas,Free
5777,Ana Carolina Guerra,ferreiralucas-gabriel@example.org,44,Espanha,Premium
5778,Liam Guerra,larissa41@example.net,31,Ilhas Heard e McDonald,Premium
5779,Nicolas Pires,anthony-gabrielfarias@example.com,64,Andorra,Family
5780,Fernanda Lopes,jcamara@example.org,47,Lituânia,Premium
5781,Francisco Casa Grande,ana-livia39@example.org,31,Pitcairn,Free
5782,Natália Oliveira,cassianodom@example.net,61,Honduras,Family
5783,Isis da Cunha,josegarcia@example.net,29,Ilha Wake,Family
5784,Luiz Miguel Campos,luna12@example.net,52,Argentina,Family
5785,Davi Miguel Pinto,pachecokamilly@example.com,30,Eslováquia,Premium
5786,Isaque da Cruz,camargomarcos-vinicius@example.org,24,Ilhas Virgens Americanas,Family
5787,Dra. Lunna Ribeiro,vsales@example.com,44,Madagascar,Family
5788,Sabrina Caldeira,smonteiro@example.net,64,Tailândia,Free
5789,Giovanna Fernandes,bmarques@example.net,51,Iran,Free
5790,Dr. Vinicius Sampaio,taraujo@example.com,56,Kuwait,Family
5791,Matteo Porto,isadora39@example.com,20,Guiana,Free
5792,Luiz Felipe Freitas,oliviacunha@example.com,20,Geórgia do Sul e Sandwich do Sul,Premium
5793,Thales Rodrigues,esterda-rosa@example.net,53,Samoa Americana,Premium
5794,Mariah Sales,noah20@example.com,21,Bangladesh,Family
5795,Calebe da Cruz,julia19@example.net,18,Ucrânia,Premium
5796,Oliver Viana,xcorreia@example.net,31,Domínica,Free
5797,Sra. Giovanna Lima,randrade@example.com,68,Geórgia,Free
5798,Dr. Luigi Vargas,arthur-miguelcosta@example.org,56,Turquemenistão,Free
5799,Mariana Pires,casa-grandediego@example.net,36,Faroé,Free
5800,Luiz Fernando Rezende,raul80@example.net,51,Sara Ocidental,Premium
5801,Srta. Jade Moreira,fernandada-mota@example.net,51,Finlândia,Family
5802,Ian Borges,cassianoleandro@example.org,58,Fiji,Family
5803,Srta. Sarah Costa,heloisa85@example.com,64,Marrocos,Premium
5804,Letícia Casa Grande,xpeixoto@example.com,66,Croácia,Free
5805,Marcos Vinicius da Rosa,monteiromanuela@example.net,57,Singapura,Free
5806,Dr. Lucas Cavalcanti,melina60@example.com,21,Maurícia,Premium
5807,Sr. Vinicius Montenegro,rpastor@example.net,55,Tailândia,Family
5808,Leonardo Costa,guerrahenry@example.com,57,Ashmore and Cartier Islands,Family
5809,Eloah Alves,jabreu@example.org,22,Tuvalu,Free
5810,Marina Pires,ana-clara43@example.org,56,Cuba,Premium
5811,Srta. Ana Sophia Jesus,yan22@example.net,53,Eslováquia,Free
5812,Bernardo Fonseca,leaoigor@example.com,22,Pitcairn,Free
5813,Mariah Porto,andre23@example.org,33,Fiji,Free
5814,Letícia Nunes,amanda27@example.org,69,Tuvalu,Free
5815,Lívia Casa Grande,gcassiano@example.com,56,Antígua e Barbuda,Free
5816,Manuela Melo,novaesana-cecilia@example.com,69,Áustria,Premium
5817,Apollo Cavalcante,xjesus@example.com,43,Pitcairn,Family
5818,Marcela Cirino,ryan74@example.org,50,Alemanha,Free
5819,Matteo Farias,ana-livia16@example.org,18,Palau,Premium
5820,Davi Fogaça,helena85@example.com,56,Egito,Free
5821,Maria Luiza Macedo,ana-julia73@example.net,55,Mauritânia,Family
5822,Caroline Marques,tgarcia@example.com,64,Chipre,Free
5823,Pedro Henrique Machado,marina51@example.org,70,Camarões,Premium
5824,Clara Cirino,cassianocaue@example.com,67,Chade,Free
5825,Jade Novaes,martinspedro-lucas@example.net,57,Líbia,Free
5826,Mariana Fernandes,zmartins@example.com,57,Azerbaijão,Family
5827,Cauã da Mata,pedro-miguel63@example.net,52,Quênia,Free
5828,Francisco Novaes,calebe07@example.net,55,Espanha,Premium
5829,Sophie Gonçalves,gustavogomes@example.com,22,Egito,Free
5830,Stephany da Rocha,rhavicaldeira@example.org,49,Chipre,Premium
5831,Dra. Sara Ferreira,tsouza@example.net,32,Nepal,Premium
5832,Isabelly Peixoto,lucasnovais@example.com,22,Coreia do Sul,Free
5833,Luiz Gustavo da Mata,ncostela@example.net,40,Ilhas Turcas e Caicos,Free
5834,Josué Teixeira,cirinodavi@example.net,60,Papua-Nova Guiné,Premium
5835,Caleb Barbosa,almeidasara@example.org,51,Emirados Árabes Unidos,Family
5836,Thiago Cavalcante,csilva@example.com,65,Salvador,Premium
5837,Bernardo Leão,sampaiomatteo@example.com,19,Honduras,Family
5838,Dra. Ana Luiza Araújo,sarah60@example.com,64,Áustria,Premium
5839,Anthony Gabriel das Neves,msilveira@example.org,61,Angola,Premium
5840,Luigi Campos,kmachado@example.net,53,Etiópia,Free
5841,Yago Teixeira,qrios@example.com,66,Moçambique,Premium
5842,Caleb Souza,procha@example.net,42,Haiti,Premium
5843,Erick Aragão,wgoncalves@example.org,19,Argélia,Family
5844,Ágatha Rezende,anasilva@example.org,41,Burquina Faso,Premium
5845,Maria Fernanda Sales,maria-sophia19@example.net,67,Jibuti,Family
5846,Ana Luiza Porto,dlima@example.com,40,Vanuatu,Family
5847,João Vitor Barbosa,iancassiano@example.org,67,Ilhas Virgens Britânicas,Family
5848,Isaac Mendonça,npereira@example.com,50,África do Sul,Family
5849,Isabella Sales,dcavalcante@example.org,55,Senegal,Family
5850,Dr. Henry Gabriel Viana,gcorreia@example.net,37,Burquina Faso,Free
5851,Benicio Fernandes,kaique57@example.com,38,Islândia,Free
5852,Benicio da Mota,sousabenjamim@example.net,46,Grécia,Free
5853,Dr. Isaque Pereira,enzo13@example.org,45,Singapura,Premium
5854,Nicole Pinto,lucascampos@example.net,29,Gana,Premium
5855,Diego Fogaça,rodrigoaraujo@example.org,38,Ucrânia,Premium
5856,Vitor Martins,emanuella27@example.org,53,Haiti,Family
5857,Sr. Renan da Mata,brenda46@example.com,66,Salvador,Free
5858,Paulo Rodrigues,bryancorreia@example.net,20,Turquia,Premium
5859,André Santos,meloanna-liz@example.com,50,Indonésia,Premium
5860,Amanda Sales,marqueserick@example.org,24,Burquina Faso,Family
5861,Benicio Farias,ucastro@example.net,31,Hong Kong,Premium
5862,Dra. Fernanda Guerra,rodriguesaurora@example.com,44,Portugal,Premium
5863,Lucca da Luz,danilovargas@example.com,40,Tuvalu,Free
5864,Ágatha Rezende,asafe85@example.net,29,Haiti,Premium
5865,Anthony Cassiano,fernandoazevedo@example.com,39,Nigéria,Premium
5866,Brenda Pimenta,maria-eduardamoraes@example.net,43,Guatemala,Family
5867,Jade Almeida,olivia92@example.com,28,Bósnia e Herzegovina,Family
5868,Maria Laura Pastor,nogueirabreno@example.org,48,Egito,Family
5869,Brayan Caldeira,auroracunha@example.org,57,Sérvia,Free
5870,Murilo Cunha,joanamarques@example.net,33,Burquina Faso,Family
5871,Srta. Raquel Mendonça,ana-vitoriaramos@example.com,61,Moçambique,Free
5872,Dr. Davi Lucca Borges,novaisana-cecilia@example.net,67,Chade,Premium
5873,Maria Helena Duarte,da-conceicaooliver@example.net,38,Jersey,Family
5874,Fernanda Carvalho,luiz-otavioduarte@example.org,20,Portugal,Premium
5875,Maria Eduarda Jesus,fogacaigor@example.org,38,Egito,Family
5876,Davi Lucas Silva,xnovais@example.net,54,Anguila,Premium
5877,Alexia Costela,hda-paz@example.net,68,Geórgia do Sul e Sandwich do Sul,Premium
5878,Carolina Rezende,luiz-otavio47@example.net,59,Maldivas,Premium
5879,Fernando Correia,ymontenegro@example.org,67,Samoa Americana,Premium
5880,Dra. Julia Leão,luigioliveira@example.com,64,Vaticano,Free
5881,Giovanna Borges,agatha44@example.org,60,Madagascar,Premium
5882,Théo Marques,gaelcamargo@example.com,37,Lesoto,Family
5883,Eloá Sá,ana-julia48@example.com,32,Aruba,Free
5884,Valentim Silveira,limanina@example.net,39,Chile,Family
5885,Sra. Luna Almeida,tleao@example.com,32,Congo-Kinshasa,Premium
5886,Maria Liz da Paz,rochajulia@example.net,26,Iraque,Premium
5887,Manuela Cavalcanti,lizbarros@example.com,50,Salvador,Free
5888,João Gabriel Peixoto,tnunes@example.com,34,Tajiquistão,Premium
5889,Sr. Thomas Azevedo,borgesemanuella@example.net,70,Costa Rica,Premium
5890,Clara Aragão,diasgabriel@example.com,60,Coral Sea Islands,Family
5891,Lívia Moraes,fcampos@example.com,20,Papua-Nova Guiné,Family
5892,Sra. Laís Lopes,gael49@example.com,44,Clipperton Island,Premium
5893,Davi Luiz Macedo,ester06@example.com,25,Ilha Bouvet,Premium
5894,Bianca Montenegro,jaraujo@example.org,68,Mongólia,Free
5895,Luiz Gustavo Brito,siqueiralucas@example.net,34,Ilha Norfolk,Family
5896,Beatriz Porto,uferreira@example.net,57,Cabo Verde,Free
5897,Gabrielly Moura,novaisisis@example.net,68,República Centro-Africana,Premium
5898,Sra. Luísa Nascimento,beatriz22@example.org,66,Nepal,Family
5899,Sra. Alícia Fonseca,acarvalho@example.net,67,Território Britânico do Oceano Índico,Family
5900,Joaquim Novais,teixeiraevelyn@example.com,33,Marrocos,Premium
5901,José Brito,smartins@example.net,53,Índia,Premium
5902,Eduarda Vasconcelos,maria-laurapeixoto@example.net,61,Líbia,Family
5903,Clarice Alves,marquesgustavo-henrique@example.com,53,Ucrânia,Premium
5904,Sr. Arthur Gabriel Macedo,joana32@example.org,49,Brunei,Family
5905,Luan Mendonça,oazevedo@example.com,38,Albânia,Free
5906,Srta. Yasmin Monteiro,montenegrothomas@example.com,31,Gana,Premium
5907,Benjamin Cirino,gabrielly43@example.com,27,Nauru,Premium
5908,Maysa das Neves,maria-lizporto@example.com,27,Guatemala,Premium
5909,Davi Lucas Silveira,julia24@example.net,58,Camarões,Premium
5910,Brayan Correia,maria-luizaborges@example.org,43,Angola,Family
5911,Luiz Gustavo Novais,abreulorenzo@example.org,35,Macedônia do Norte,Premium
5912,Valentina Abreu,isaque26@example.com,33,Uganda,Free
5913,Fernanda Almeida,brunapeixoto@example.net,21,Eslovênia,Premium
5914,Samuel Martins,da-luzcaio@example.com,25,Ruanda,Family
5915,Sra. Manuela Lima,yansa@example.net,56,Eslovênia,Premium
5916,Ryan Carvalho,murilosantos@example.net,29,Chade,Family
5917,Srta. Mariane Viana,cassianoryan@example.org,58,Liechtenstein,Premium
5918,Ana Luiza Barros,mcampos@example.com,59,Marrocos,Premium
5919,Pedro Siqueira,raragao@example.org,23,Iêmen,Free
5920,Aylla Pinto,ceciliacunha@example.net,60,Cuba,Family
5921,Srta. Evelyn Pinto,cardosoana-luiza@example.com,41,Rússia,Premium
5922,Bárbara Brito,stephany69@example.org,27,Seicheles,Premium
5923,Liam Barbosa,agathacasa-grande@example.net,31,Namíbia,Family
5924,Srta. Clara Alves,jpeixoto@example.com,44,Afeganistão,Premium
5925,Rhavi Gomes,peixotofelipe@example.com,63,Mauritânia,Family
5926,Maria Cunha,cda-luz@example.net,44,Sri Lanka,Family
5927,Sarah Albuquerque,camila75@example.net,61,Bolívia,Free
5928,Emanuella Teixeira,sampaioandre@example.org,60,Nicarágua,Free
5929,Dra. Lunna Farias,hfreitas@example.net,53,Maldivas,Premium
5930,Laís da Mata,gsiqueira@example.org,59,Filipinas,Free
5931,Daniel Siqueira,heitorda-cunha@example.org,68,Quiribáti,Premium
5932,Sophie Aparecida,fogacajuliana@example.com,37,Nicarágua,Free
5933,Sr. Ravy da Paz,henry-gabriel12@example.net,18,Zimbábue,Free
5934,Gael da Paz,cunhatheodoro@example.net,37,Antígua e Barbuda,Premium
5935,Amanda Santos,theoduarte@example.org,22,Hong Kong,Free
5936,Bernardo Aparecida,da-rochamaria-alice@example.org,48,Taiwan,Free
5937,Emanuella Moreira,paulo00@example.com,29,Ilha Bouvet,Free
5938,Dr. Dom Campos,siqueirabrayan@example.com,34,Sara Ocidental,Free
5939,Maria Cecília Jesus,luan19@example.org,33,Ashmore and Cartier Islands,Premium
5940,Bruno da Costa,maria-vitoria06@example.com,54,Malávi,Free
5941,Lara da Mata,barbara67@example.net,50,Tunísia,Free
5942,Aurora Correia,lorena92@example.net,38,Nova Caledónia,Free
5943,Lorenzo Pastor,zda-rosa@example.org,52,Ilhas Falkland,Family
5944,Sr. Luiz Fernando Aparecida,alexiafreitas@example.net,41,Cabo Verde,Free
5945,Dra. Maria Luísa Nascimento,vianaluiz-henrique@example.net,32,Ilhas dos Cocos,Free
5946,Carlos Eduardo Borges,novaisbenjamin@example.org,38,Nicarágua,Premium
5947,Dra. Eduarda Gomes,leo67@example.org,31,Nigéria,Free
5948,Srta. Eloá Fogaça,anamoreira@example.com,46,Guernsey,Free
5949,Ravi Lucca da Conceição,albuquerqueeloah@example.com,50,Chile,Premium
5950,Josué Siqueira,esterjesus@example.com,37,Turquia,Premium
5951,Otávio Correia,joao-lucas95@example.net,21,Andorra,Free
5952,Pietra Casa Grande,carvalhomaria-luiza@example.com,30,Namíbia,Free
5953,Dr. Antony da Luz,amandaguerra@example.com,25,Tonga,Free
5954,Lavínia Camargo,nalbuquerque@example.org,56,Azerbaijão,Premium
5955,Maitê da Mata,ana-carolina30@example.org,58,Mayotte,Premium
5956,Lorena da Rocha,baraujo@example.com,62,Papua-Nova Guiné,Free
5957,Ana Clara Borges,lsouza@example.org,26,Cazaquistão,Free
5958,Renan Abreu,mariamoreira@example.org,38,Ilha de Man,Family
5959,Bruno Pastor,ccamargo@example.net,70,Ilhas Marshall,Family
5960,Sra. Isadora Jesus,rochaleandro@example.com,26,Eritreia,Family
5961,Arthur Miguel Duarte,fda-cruz@example.com,59,Cabo Verde,Free
5962,Isabel Lima,nsiqueira@example.com,69,Uruguai,Family
5963,Benjamim Fernandes,alice01@example.org,55,África do Sul,Free
5964,Camila Vieira,marina30@example.net,51,Islândia,Free
5965,Sra. Stephany Fernandes,rafael06@example.org,66,Malásia,Premium
5966,Sophie Novaes,ryanaragao@example.org,35,Chipre,Premium
5967,Manuella Camargo,andradesamuel@example.com,48,Barein,Premium
5968,Amanda Moura,wcorreia@example.net,60,Coreia do Sul,Free
5969,Vitor Hugo Andrade,ovieira@example.com,67,Congo-Brazzaville,Premium
5970,Yuri Santos,anthony-gabrielrocha@example.com,36,Argentina,Free
5971,Heloisa Farias,enzo-gabrielmontenegro@example.org,62,Guernsey,Premium
5972,Gabrielly Duarte,davinunes@example.net,51,Albânia,Free
5973,Sr. Cauã Novais,joaquimoliveira@example.com,33,São Tomé e Príncipe,Premium
5974,Maria Liz Machado,joanamacedo@example.com,37,Quiribáti,Premium
5975,Fernanda Moreira,zrios@example.org,19,Senegal,Family
5976,Dra. Ana Silveira,mdas-neves@example.net,19,Togo,Premium
5977,Kamilly Siqueira,silvagabriela@example.com,42,Vietnam,Premium
5978,Sra. Raquel Silva,martinslunna@example.org,30,Guam,Premium
5979,Danilo Moraes,heitor72@example.org,69,União Europeia,Free
5980,Helena Cunha,cunhaana-clara@example.net,29,Barein,Family
5981,Dom Monteiro,miguelalmeida@example.org,26,Nova Caledónia,Family
5982,Maria Helena Nunes,joaquimcarvalho@example.net,29,Ilha Norfolk,Free
5983,Sr. Apollo Abreu,pviana@example.org,45,Turquemenistão,Family
5984,Dra. Fernanda Aparecida,maria-laurada-mata@example.net,70,Guiné,Family
5985,Ana Luiza Gonçalves,dda-luz@example.org,22,Taiwan,Premium
5986,Asafe Montenegro,dcamargo@example.net,27,Colômbia,Premium
5987,Sra. Pietra Almeida,fogacaallana@example.com,67,Indonésia,Family
5988,Eduardo Cassiano,sbarros@example.org,25,Eritreia,Premium
5989,Pietro Duarte,melolavinia@example.net,64,Somália,Free
5990,Maria Vitória Dias,hpimenta@example.com,46,Cuba,Family
5991,Sophia Pimenta,guerrarael@example.net,67,Eritreia,Premium
5992,Gustavo Barbosa,danteda-rocha@example.net,23,Jersey,Family
5993,André Moura,alima@example.com,32,Monserrate,Family
5994,Melissa Lopes,ffonseca@example.org,30,Jordânia,Family
5995,Maria Cecília Sales,ada-paz@example.com,56,Peru,Premium
5996,Sr. Vicente Moura,santosmaria-vitoria@example.com,19,Ilha Norfolk,Premium
5997,Luiz Felipe da Cunha,mariah23@example.com,38,Brunei,Premium
5998,Isabelly Brito,clarasa@example.org,40,Roménia,Free
5999,Alice da Paz,da-conceicaomelissa@example.net,52,Gâmbia,Family
6000,Maria Borges,cavalcantelucca@example.com,22,Croácia,Free
6001,Nicole Montenegro,psilva@example.net,28,Quiribáti,Free
6002,Valentim Marques,paulomonteiro@example.org,44,Brunei,Premium
6003,Bento Farias,rodrigueslucas-gabriel@example.com,21,Brunei,Premium
6004,Eduardo Mendes,freitasmarina@example.com,28,Eslovênia,Family
6005,Ana Clara das Neves,moraesjoao-guilherme@example.org,62,Ashmore and Cartier Islands,Premium
6006,Joaquim Novais,castromaria-julia@example.com,69,Alemanha,Free
6007,Pietra Rezende,hellena10@example.com,36,Suazilândia,Family
6008,Gabriel Correia,joao-lucaspereira@example.org,24,Brasil,Premium
6009,Dra. Sabrina Sampaio,rmoreira@example.com,34,Akrotiri,Free
6010,Isadora Novaes,josemartins@example.org,57,Micronésia,Free
6011,Ísis Sampaio,da-pazester@example.org,26,Cazaquistão,Free
6012,Dra. Isis Sousa,bianca77@example.com,29,Marianas do Norte,Family
6013,João Lucas Marques,yago80@example.net,60,Espanha,Free
6014,Catarina da Mota,siqueiramaria-liz@example.com,43,Belize,Family
6015,Yuri Teixeira,gael87@example.org,18,Botsuana,Free
6016,Beatriz da Cunha,otavio34@example.net,25,Tajiquistão,Free
6017,Vinicius Viana,oliver05@example.net,42,Japão,Premium
6018,Isabela Aparecida,qpereira@example.com,67,Botsuana,Free
6019,Miguel Novais,sfernandes@example.net,23,Egito,Free
6020,Luana Cunha,luararezende@example.com,28,Guiana,Family
6021,Antônio Abreu,laura74@example.org,43,Colômbia,Free
6022,Brayan Nogueira,maria-luisa03@example.net,53,Honduras,Premium
6023,Mariane Silva,novaisamanda@example.net,27,Gâmbia,Free
6024,Sofia Novais,yasminnogueira@example.org,45,Bélgica,Free
6025,Helena Freitas,sampaiomaria-luiza@example.org,41,Santa Helena,Free
6026,Sra. Maria Fernanda Cardoso,silvaisaac@example.net,52,Somália,Premium
6027,Natália Abreu,ppacheco@example.org,30,Eritreia,Premium
6028,Maria Alice Mendes,caldeiraanthony-gabriel@example.net,44,Vaticano,Family
6029,Juan da Cunha,meloluiz-fernando@example.org,26,Gabão,Family
6030,Sr. Benicio Novaes,marcelo29@example.org,23,Japão,Family
6031,Dr. Pedro Siqueira,vianamariane@example.org,56,Finlândia,Family
6032,Dr. Antônio Correia,olivia54@example.org,48,Congo-Brazzaville,Family
6033,Bernardo Vasconcelos,uvargas@example.net,59,Países Baixos,Premium
6034,Ana Nunes,anthony-gabrielpereira@example.org,68,Samoa Americana,Family
6035,Nathan Siqueira,camargobenicio@example.net,54,Tanzânia,Family
6036,Danilo da Rocha,vitor29@example.com,46,Estados Unidos,Premium
6037,Isabel Martins,dda-paz@example.com,48,Moldávia,Family
6038,Caleb Rios,luna84@example.net,36,União Europeia,Free
6039,Emanuelly Câmara,almeidamaria-isis@example.com,22,Sudão,Free
6040,Sara Abreu,vitor-hugoda-cunha@example.net,62,Zâmbia,Premium
6041,Milena Sousa,ana-vitoriagomes@example.net,60,Svalbard e Jan Mayen,Free
6042,Nicole Cardoso,ayla57@example.com,40,Pitcairn,Free
6043,Thiago Borges,joao-felipe23@example.org,35,Costa Rica,Premium
6044,Nathan Monteiro,ramosjade@example.com,30,Grécia,Premium
6045,Alexia Jesus,vitor-gabriel60@example.net,61,Coral Sea Islands,Free
6046,Heloisa Jesus,fernandesluigi@example.net,45,Benim,Family
6047,Vitor Rodrigues,gabrielacunha@example.net,54,Seicheles,Premium
6048,Sra. Amanda Alves,waraujo@example.net,48,Emirados Árabes Unidos,Free
6049,Stephany Duarte,liz07@example.org,43,Vanuatu,Family
6050,Ayla Rezende,dcarvalho@example.org,69,Ilhas Marshall,Free
6051,Dra. Isadora Cardoso,yda-rosa@example.com,49,Brasil,Family
6052,Allana Almeida,melomaria-isis@example.net,19,Antártica,Free
6053,Sr. Matteo Rodrigues,juliamoraes@example.com,61,Salvador,Family
6054,Eduardo Ramos,otavioalmeida@example.org,54,Grécia,Family
6055,Sr. Davi Lucas da Cruz,lorenacamargo@example.net,52,Uruguai,Free
6056,Gustavo Duarte,wda-conceicao@example.com,27,Quênia,Family
6057,Breno Araújo,dsampaio@example.org,44,Sara Ocidental,Premium
6058,Luiz Felipe Nascimento,camargomaria-vitoria@example.org,41,Domínica,Premium
6059,Anthony Santos,davi-miguelda-luz@example.net,63,Cuba,Premium
6060,Maya Cassiano,bruna63@example.org,26,República Centro-Africana,Free
6061,Pedro Guerra,borgesguilherme@example.com,39,Nauru,Premium
6062,João Miguel Dias,bella70@example.com,19,Hungria,Premium
6063,Breno Caldeira,xlima@example.net,68,Moçambique,Premium
6064,Dra. Isis Machado,brunabarros@example.net,68,Timor Leste,Family
6065,Bernardo Caldeira,psa@example.com,30,Espanha,Free
6066,Isis Martins,lais00@example.org,41,Ilhas dos Cocos,Family
6067,Aurora Gomes,lunna75@example.com,66,Monserrate,Free
6068,Dr. José da Costa,heitor02@example.org,25,Albânia,Free
6069,Henry Gabriel da Costa,isabelamachado@example.com,18,Brasil,Free
6070,Dra. Maria Flor Costela,hcavalcanti@example.net,46,Camboja,Premium
6071,Otto Marques,baraujo@example.net,55,Guatemala,Premium
6072,Clarice Rocha,danielmoura@example.org,66,Marrocos,Family
6073,Luiz Henrique Campos,fmoura@example.com,51,Nigéria,Free
6074,João Vitor Aparecida,calebe91@example.com,34,República Checa,Free
6075,Dr. Yan Teixeira,qcassiano@example.org,58,Montenegro,Family
6076,Bento da Cunha,sda-luz@example.com,18,Iran,Family
6077,Ana Vitória Moura,ffonseca@example.com,55,Gana,Family
6078,Davi Lucca Caldeira,henry-gabriel90@example.net,57,Anguila,Premium
6079,Theo Sampaio,pedro-lucassousa@example.net,30,Tunísia,Free
6080,Cauã Lopes,zcamara@example.net,30,Vietnam,Family
6081,Cauê Vargas,mendesluiz-fernando@example.com,62,Noruega,Premium
6082,Leandro Camargo,costelaravi-lucca@example.com,49,Camarões,Family
6083,Larissa Peixoto,andradebenicio@example.com,35,Etiópia,Family
6084,Yan Brito,cmacedo@example.org,19,Butão,Family
6085,Emanuel Aparecida,isabellypereira@example.com,36,Barbados,Premium
6086,Sabrina Aragão,vieirabruno@example.com,29,Irlanda,Premium
6087,Esther Monteiro,xnovaes@example.org,47,Tuvalu,Premium
6088,Emanuel Castro,joao-vitor52@example.net,37,Líbia,Premium
6089,Dr. Henry da Luz,andradejoao-felipe@example.com,51,São Marinho,Free
6090,Isaac Melo,antonyda-rosa@example.com,19,Estônia,Free
6091,Sr. Liam Machado,guilhermeda-rocha@example.com,45,Irlanda,Family
6092,Sr. Juan Fernandes,borgesmathias@example.org,33,Dhekelia,Premium
6093,Antony Nogueira,da-pazliam@example.com,38,Ilha do Natal,Family
6094,Maria Júlia Costela,daniel85@example.net,61,Quirguizistão,Premium
6095,Anthony Albuquerque,eduardoda-costa@example.org,57,Sudão,Premium
6096,Stella Martins,maria-isisalbuquerque@example.net,58,Monserrate,Free
6097,Ana Carolina Mendonça,piresvinicius@example.org,34,Tajiquistão,Premium
6098,Anna Liz Ribeiro,yanmendonca@example.net,58,Bangladesh,Family
6099,Bento Rodrigues,jsa@example.com,63,Argélia,Free
6100,Emanuella Souza,pereirasophie@example.org,53,Ilha do Natal,Premium
6101,Srta. Heloisa Castro,luizagoncalves@example.org,48,Tokelau,Family
6102,Júlia Correia,raraujo@example.org,35,Santa Lúcia,Family
6103,Maria Fernanda Oliveira,gustavo95@example.com,61,Antilhas Holandesas,Free
6104,Ísis Fonseca,henriquesilveira@example.org,66,Moldávia,Free
6105,Ágatha Montenegro,liznovais@example.net,60,Tajiquistão,Family
6106,Ana Sophia Vargas,ccamara@example.net,52,Quênia,Free
6107,Ravy Ramos,luiz-otavio07@example.org,25,Cazaquistão,Premium
6108,Camila Fernandes,yasmin87@example.net,50,Antilhas Holandesas,Family
6109,Mariana Rodrigues,mcampos@example.org,53,Tokelau,Premium
6110,Ana Laura Ramos,barrosrenan@example.net,33,Turquia,Free
6111,João da Mata,vda-mata@example.net,65,Gabão,Free
6112,Danilo Pacheco,fcardoso@example.com,63,Malávi,Family
6113,Rael Novais,maria-fernandacunha@example.net,68,Micronésia,Free
6114,Heloisa Souza,dalves@example.net,66,Luxemburgo,Family
6115,Ravy Rios,fcunha@example.com,61,Antártica,Free
6116,Maria Ramos,jaragao@example.net,52,Papua-Nova Guiné,Family
6117,Heloisa Moraes,mfogaca@example.net,45,Ilhas Marshall,Premium
6118,Luigi Barros,antoniomarques@example.org,51,Bermudas,Free
6119,Dra. Luara Martins,eduarda44@example.com,68,Turquemenistão,Premium
6120,Sra. Nicole Cirino,fogacamarina@example.com,44,Paquistão,Premium
6121,Dra. Liz Silva,nsouza@example.com,25,Iran,Family
6122,Benjamim Sampaio,leticiaalmeida@example.com,67,Costa Rica,Premium
6123,Sr. Bernardo Borges,tguerra@example.org,53,Portugal,Premium
6124,Srta. Maria Laura Albuquerque,araujomarcela@example.org,40,Chade,Premium
6125,Dr. Enrico da Rocha,joao-guilhermecorreia@example.org,68,Serra Leoa,Family
6126,Catarina Lopes,joao-felipecavalcante@example.com,65,Butão,Family
6127,Luana Freitas,wrios@example.org,42,Ilhas dos Cocos,Free
6128,Melissa Fonseca,davi-miguelmoreira@example.com,25,Luxemburgo,Family
6129,Ísis Vieira,da-pazthales@example.com,70,Bangladesh,Free
6130,Ester Nunes,bellamendonca@example.com,33,Burquina Faso,Free
6131,Olívia Almeida,hlopes@example.com,43,Ilhas Salomão,Family
6132,Vicente Santos,luiz-fernandopacheco@example.net,43,Botsuana,Premium
6133,Vicente Fonseca,vda-cunha@example.org,28,Barbados,Family
6134,Alexandre Oliveira,leaomilena@example.com,20,Angola,Premium
6135,Maria Fernanda Pacheco,pedro-lucaspereira@example.com,44,Monserrate,Free
6136,Bruna Marques,rodrigoda-rosa@example.net,58,Papua-Nova Guiné,Family
6137,Ana Santos,ocasa-grande@example.net,33,Svalbard e Jan Mayen,Free
6138,Kamilly Vieira,barrosnathan@example.com,28,União Europeia,Free
6139,Eduardo Cavalcante,siqueiraisadora@example.net,22,Paraguai,Family
6140,Luiza Jesus,castrojoao-guilherme@example.net,41,Eslováquia,Premium
6141,Ana Carolina Ribeiro,aragaoluiz-henrique@example.com,52,Iêmen,Premium
6142,Srta. Sophie Ferreira,riosalicia@example.com,31,Salvador,Premium
6143,Gabriel Lopes,nborges@example.net,64,Moçambique,Free
6144,Maria Liz Silva,bcampos@example.com,38,Sérvia,Family
6145,Kevin Oliveira,gomesfernando@example.com,29,Niue,Free
6146,Sra. Ester Abreu,rmoreira@example.net,43,Burundi,Free
6147,Mirella Porto,nunesluigi@example.com,26,Líbano,Free
6148,João Vargas,maysa59@example.net,35,Congo-Brazzaville,Family
6149,Carolina Melo,danilolopes@example.org,46,Panamá,Premium
6150,Giovanna Pereira,arthur-gabrielsilva@example.com,41,Venezuela,Premium
6151,Sra. Allana Pastor,pintoapollo@example.org,64,Jordânia,Premium
6152,Gustavo Sampaio,liviaviana@example.com,36,Panamá,Premium
6153,Srta. Alexia Novais,borgesvinicius@example.net,41,Territórios Austrais Franceses,Family
6154,Henrique Barbosa,kguerra@example.net,24,Marianas do Norte,Family
6155,Maria Luiza Rios,joao99@example.com,64,Paquistão,Family
6156,João Guilherme Peixoto,mayaramos@example.com,34,Jamaica,Free
6157,Evelyn Pires,samuel44@example.org,29,Chile,Family
6158,Srta. Maria Liz Macedo,maria-vitoria46@example.net,59,Cuba,Premium
6159,Eduarda Dias,moreiraian@example.net,67,Maldivas,Free
6160,Thomas Viana,gcirino@example.org,18,Seicheles,Family
6161,Maria Sophia Jesus,camilaviana@example.org,50,Angola,Premium
6162,Maria Júlia Rodrigues,beatriz95@example.com,44,Líbano,Premium
6163,Bernardo Moraes,noah04@example.org,23,Brunei,Premium
6164,João Pedro Sá,lopeserick@example.com,49,Iran,Family
6165,Thomas Nascimento,dcosta@example.org,49,Mongólia,Free
6166,Paulo Borges,domda-conceicao@example.com,57,Mongólia,Family
6167,Jade Vasconcelos,guerranicole@example.org,46,Território Britânico do Oceano Índico,Family
6168,Maysa Cunha,bpacheco@example.com,70,Filipinas,Free
6169,Lara Cirino,brayanduarte@example.net,32,Hungria,Premium
6170,Luigi Oliveira,fernando34@example.net,47,Trindade e Tobago,Family
6171,Sra. Larissa Almeida,luna91@example.org,49,Finlândia,Premium
6172,José Porto,mda-rosa@example.net,28,Cuba,Family
6173,Nicolas Ribeiro,yalbuquerque@example.com,59,Faroé,Premium
6174,Maria Luísa Barbosa,benjamin98@example.com,66,Nigéria,Premium
6175,Dante Vargas,wmontenegro@example.org,27,Sérvia,Premium
6176,Dra. Ana Júlia Castro,mcirino@example.com,40,Lesoto,Premium
6177,Ester da Mota,da-conceicaoana-livia@example.org,32,Filipinas,Family
6178,Lavínia Fernandes,xvargas@example.org,24,Noruega,Family
6179,João Vitor Siqueira,garciadavi-miguel@example.com,24,Tonga,Family
6180,Vitor Gabriel Fernandes,arocha@example.org,30,Antígua e Barbuda,Premium
6181,Maria Laura da Conceição,tda-paz@example.org,31,Arábia Saudita,Premium
6182,Pedro Henrique Costa,noah42@example.net,34,Guiné,Free
6183,Sr. Bryan Leão,da-cruzisabela@example.com,52,Santa Lúcia,Family
6184,Melina Porto,andrademaria-sophia@example.net,51,Vietnam,Free
6185,Maria Júlia das Neves,abreudavi-lucas@example.org,24,Ilha do Natal,Family
6186,Dra. Giovanna Cunha,alice58@example.org,41,Granada,Premium
6187,Ana Júlia Cassiano,souzaisabella@example.org,35,Antígua e Barbuda,Family
6188,Lorenzo Rios,gustavo-henriqueborges@example.net,30,África do Sul,Free
6189,Arthur Peixoto,cauacampos@example.net,56,Cuba,Free
6190,Carolina Barros,rmendonca@example.net,65,Eslováquia,Free
6191,Dra. Bella Pacheco,qda-costa@example.net,32,Birmânia,Premium
6192,Gabrielly Martins,vianapedro-lucas@example.com,53,Canadá,Free
6193,Melissa Dias,aragaocaue@example.net,64,Etiópia,Premium
6194,Mariah Macedo,bnogueira@example.com,56,Geórgia do Sul e Sandwich do Sul,Premium
6195,João Miguel Brito,luiz-henrique00@example.org,61,Jordânia,Family
6196,Apollo Freitas,bcastro@example.org,43,Moçambique,Family
6197,Sr. Vicente Novais,maria-luizada-mota@example.com,64,Luxemburgo,Family
6198,Enrico Sampaio,jademoura@example.org,52,Luxemburgo,Free
6199,Sra. Juliana Andrade,goncalvesfernanda@example.net,61,Granada,Family
6200,Dr. Vinicius Gomes,rviana@example.net,47,Ilhas Virgens Britânicas,Free
6201,Maria Sophia Castro,vargasstephany@example.com,40,Guernsey,Premium
6202,Larissa da Rocha,hpimenta@example.com,52,México,Premium
6203,Hadassa Casa Grande,agomes@example.net,62,Países Baixos,Free
6204,Otávio da Cunha,daniloda-mota@example.com,32,Omã,Family
6205,Arthur Miguel Vargas,borgesjoao-guilherme@example.org,25,Marrocos,Premium
6206,Sra. Marcela da Cruz,zoe95@example.net,55,Ilhas Cook,Free
6207,Raquel Souza,kgomes@example.org,25,Geórgia,Family
6208,Vicente Machado,caiofreitas@example.net,65,Nauru,Family
6209,Eloah Dias,vianalunna@example.net,43,Aruba,Free
6210,Dr. Rafael Sá,casa-grandemaria-luiza@example.net,33,Ilhas Virgens Britânicas,Premium
6211,Luiza Monteiro,luanmelo@example.net,50,Marrocos,Family
6212,Bryan Azevedo,laisda-mata@example.com,64,Samoa Americana,Premium
6213,Dr. Pedro Henrique da Costa,garciamaria-eduarda@example.com,41,Faroé,Free
6214,Lavínia Vargas,oliversiqueira@example.com,28,Samoa Americana,Free
6215,João Miguel Vieira,vlopes@example.com,56,Malásia,Free
6216,João Miguel Nunes,isabella19@example.net,35,São Vicente e Granadinas,Premium
6217,Anthony Gabriel Câmara,bsales@example.net,30,Guam,Premium
6218,Juliana Sampaio,davi-lucas38@example.com,52,Suazilândia,Free
6219,Liz Carvalho,pedro-lucasda-cunha@example.org,21,Chade,Family
6220,Benicio Pires,da-motaluiz-miguel@example.net,49,Colômbia,Family
6221,Davi Lucas Teixeira,cecilia59@example.org,41,Arábia Saudita,Family
6222,Maria Freitas,sophie07@example.net,32,Dhekelia,Free
6223,Ana Laura Porto,lcosta@example.com,28,Taiwan,Family
6224,Arthur Miguel Almeida,aurora56@example.org,24,Geórgia do Sul e Sandwich do Sul,Free
6225,Luiz Gustavo Borges,urocha@example.org,20,Azerbaijão,Family
6226,Ana Luiza Azevedo,sabrina10@example.org,58,Ilha Wake,Free
6227,Benjamim Costa,lais66@example.org,23,Eritreia,Family
6228,Luan Costa,nathanferreira@example.net,19,República Checa,Premium
6229,Jade Moreira,mcardoso@example.org,49,Omã,Family
6230,Otávio Rodrigues,sophiamartins@example.net,64,Cuba,Family
6231,Sr. Vinícius Vieira,ester28@example.org,66,Luxemburgo,Free
6232,Lunna da Conceição,cavalcantezoe@example.net,41,Comores,Premium
6233,Maya Pastor,cecilianunes@example.net,64,Canadá,Family
6234,Ayla Marques,mariane35@example.com,68,Ilha Wake,Family
6235,Joana Aparecida,fogacaheitor@example.net,28,Áustria,Free
6236,Antônio Brito,goncalvesbryan@example.org,65,Andorra,Family
6237,Caroline Oliveira,stephany47@example.org,25,Lesoto,Premium
6238,Sra. Isabela Rios,maria-ceciliacirino@example.net,62,Coral Sea Islands,Premium
6239,Emanuella Marques,ysa@example.com,56,Polinésia Francesa,Premium
6240,Dr. João Pedro Moreira,heitor29@example.net,43,Coreia do Norte,Free
6241,Carlos Eduardo Cassiano,tda-cunha@example.org,24,Venezuela,Free
6242,Leonardo Santos,pietro76@example.net,62,Congo-Brazzaville,Premium
6243,Dr. Rafael Barros,gabriellycaldeira@example.org,39,Bósnia e Herzegovina,Family
6244,João Guilherme Lopes,cpeixoto@example.com,26,Tunísia,Free
6245,Lavínia da Paz,qviana@example.org,38,São Tomé e Príncipe,Family
6246,Leandro da Cruz,nnascimento@example.org,48,Coral Sea Islands,Premium
6247,Fernando Ramos,pachecovicente@example.org,34,Suriname,Free
6248,Lara Melo,heitormoreira@example.net,41,Benim,Family
6249,Julia Vasconcelos,martinsmaria-clara@example.com,48,Santa Lúcia,Family
6250,Dr. Luiz Otávio Castro,araujoemilly@example.org,28,Madagascar,Free
6251,Ana Clara Albuquerque,da-mataenrico@example.com,49,Antilhas Holandesas,Family
6252,Sophie Cirino,helena51@example.net,65,Vanuatu,Free
6253,Sr. Eduardo Melo,maria-alicecampos@example.com,20,São Vicente e Granadinas,Family
6254,Davi Luiz Cassiano,catarina83@example.com,66,Haiti,Premium
6255,Alexandre Aparecida,maria-eduarda45@example.net,50,Gâmbia,Premium
6256,Ravi Cardoso,mfarias@example.org,21,Maldivas,Free
6257,Juliana Rodrigues,benicioborges@example.net,60,Mali,Family
6258,Yan Correia,dante89@example.org,43,Namíbia,Premium
6259,Francisco Viana,levivasconcelos@example.net,52,Samoa,Family
6260,Isabella Fogaça,milenaoliveira@example.com,19,Nauru,Free
6261,Sra. Mariane Ramos,rodriguesarthur-gabriel@example.net,53,São Pedro e Miquelon,Free
6262,Bárbara Nascimento,antony18@example.org,68,Uruguai,Premium
6263,Dra. Ester Brito,campossamuel@example.org,50,Anguila,Family
6264,Erick Almeida,ana-julia06@example.org,19,Austrália,Family
6265,Dr. Fernando Moura,ana-clarasa@example.org,43,Vaticano,Free
6266,Caroline Machado,jose-miguel51@example.net,33,Guernsey,Family
6267,Ayla Porto,biancaribeiro@example.net,66,Espanha,Family
6268,Clarice Peixoto,zramos@example.net,25,Malta,Premium
6269,Benício Cassiano,sabrinafogaca@example.org,29,Comores,Family
6270,Dr. Vinícius Pires,azevedopedro@example.com,18,Armênia,Premium
6271,Isaac Martins,lucas19@example.com,59,Uruguai,Free
6272,Theodoro Caldeira,rafael36@example.net,60,Mayotte,Free
6273,Alice Rocha,joao-vitorguerra@example.net,20,República Centro-Africana,Free
6274,Ana Cecília Peixoto,paulo21@example.org,32,Afeganistão,Free
6275,Igor Correia,joao-gabriellima@example.com,33,Ilhas Cook,Free
6276,Sophia Pinto,ana-livia15@example.net,54,Turquemenistão,Family
6277,Bruno Cavalcante,vitor-hugonovaes@example.com,62,Hong Kong,Family
6278,Dra. Fernanda Gonçalves,isabellycarvalho@example.com,20,Senegal,Premium
6279,Cecilia Rezende,fonsecajoao@example.net,22,Belize,Free
6280,Dra. Maria Eduarda Aparecida,almeidaenzo-gabriel@example.com,44,Fiji,Family
6281,José Pedro Novaes,luiz-miguelcunha@example.com,25,Arábia Saudita,Premium
6282,Laura Mendonça,borgesdante@example.com,52,Antártica,Family
6283,Sr. Luiz Fernando Martins,freitaslais@example.com,69,Cuba,Family
6284,Arthur Miguel Ribeiro,arthur-gabriel41@example.org,58,Grécia,Free
6285,Theo Vargas,da-costagustavo@example.net,42,Ilhas dos Cocos,Premium
6286,Raquel Pacheco,cunhajoao-vitor@example.org,23,Venezuela,Family
6287,Pedro Henrique Monteiro,aurora30@example.org,21,Guiana,Premium
6288,Ana Julia Rezende,vpeixoto@example.org,70,Grécia,Family
6289,Pietra Fernandes,heloisaramos@example.org,59,Macedônia do Norte,Family
6290,Arthur Miguel da Cunha,vcamargo@example.net,68,Macau,Premium
6291,Luiz Fernando Lima,rhavi73@example.net,46,Líbia,Family
6292,Asafe Montenegro,xfonseca@example.com,40,Marrocos,Premium
6293,Dr. Dante Moraes,ldias@example.net,52,Egito,Premium
6294,Maria Cecília Aparecida,araujoagatha@example.org,54,Geórgia,Premium
6295,Rafaela Vargas,henry39@example.com,67,Palau,Free
6296,Sra. Isabel Gomes,levi40@example.org,35,Brasil,Family
6297,André Gonçalves,diogo18@example.org,22,Dhekelia,Free
6298,Dr. Theo Casa Grande,agathaleao@example.org,32,Domínica,Family
6299,Yan Rios,pimentajoao@example.org,68,Congo-Brazzaville,Premium
6300,Nicolas Macedo,yasmin24@example.com,19,Polônia,Premium
6301,Lucca Oliveira,da-pazisadora@example.com,40,Bielorrússia,Family
6302,João Miguel Rodrigues,caparecida@example.com,56,Honduras,Family
6303,Pietro Correia,caldeiramaria-vitoria@example.org,69,Estônia,Free
6304,Noah Pires,barrosryan@example.net,19,Letônia,Premium
6305,Luana Jesus,pimentadom@example.net,33,Canadá,Premium
6306,Srta. Maria Eduarda Peixoto,beatrizaraujo@example.com,65,Guiné-Bissau,Free
6307,Sr. Kaique Sá,garcialiam@example.com,24,Santa Lúcia,Free
6308,Ana Lívia Pires,xcardoso@example.com,53,Brunei,Free
6309,Leandro da Conceição,mpires@example.com,25,Micronésia,Free
6310,Nicole Cardoso,anabarbosa@example.org,27,Granada,Free
6311,Sra. Hadassa da Mota,valentimporto@example.com,69,Paraguai,Family
6312,Srta. Marcela Silveira,eloamartins@example.net,57,Espanha,Family
6313,Sra. Emanuella Sousa,grios@example.net,57,Domínica,Free
6314,Sofia Moura,da-pazleonardo@example.org,66,Cuba,Premium
6315,Dr. Ryan Pereira,mateus53@example.com,63,Coreia do Sul,Free
6316,Srta. Marina Pereira,monteirolorenzo@example.org,18,Zâmbia,Free
6317,Luna da Paz,cecilia39@example.org,32,Liechtenstein,Free
6318,Fernando Castro,francisco27@example.net,64,Lesoto,Premium
6319,Dr. Lucas Montenegro,pedro01@example.net,48,Timor Leste,Free
6320,João Guilherme Fernandes,pbarbosa@example.net,36,Coreia do Sul,Family
6321,Gabrielly Melo,marina05@example.net,58,Cabo Verde,Family
6322,Manuella Carvalho,zmoraes@example.org,24,Ilha de Man,Free
6323,Sophia Moraes,brayan11@example.com,33,Singapura,Free
6324,Maitê da Mota,fda-mota@example.com,32,São Tomé e Príncipe,Premium
6325,Anna Liz Andrade,qcassiano@example.com,58,Territórios Austrais Franceses,Family
6326,Sr. Vinicius Azevedo,ana-carolina54@example.com,36,Índia,Family
6327,Luiz Gustavo Azevedo,henry-gabriel96@example.org,59,Sri Lanka,Premium
6328,Dr. Benjamim Vargas,gfarias@example.com,30,Eslováquia,Premium
6329,Emilly Ferreira,gda-paz@example.org,26,Antilhas Holandesas,Family
6330,Renan da Mata,mviana@example.org,33,Monserrate,Free
6331,Bryan da Mata,luiz-fernando28@example.net,37,Espanha,Premium
6332,Larissa Araújo,rezendealana@example.net,46,Suíça,Premium
6333,Sara da Costa,mariahcostela@example.com,18,México,Free
6334,Isabella Borges,fariaskevin@example.org,65,Ilha Wake,Premium
6335,Sra. Isadora Rodrigues,miguelsousa@example.net,67,Nova Zelândia,Family
6336,Paulo Correia,rebecaviana@example.net,32,Maldivas,Premium
6337,Oliver Ribeiro,montenegroryan@example.org,26,Níger,Family
6338,Sr. Vinicius Mendes,claradias@example.com,39,Grécia,Free
6339,Gustavo Pires,raul69@example.org,52,Taiwan,Premium
6340,Cecília Gomes,borgescarolina@example.org,37,França,Premium
6341,Mirella da Luz,igornovais@example.net,18,Aruba,Free
6342,Sra. Isabela Pacheco,britocarolina@example.org,20,Costa Rica,Family
6343,Srta. Aurora Rocha,garciaantonio@example.com,44,Áustria,Free
6344,Brayan Abreu,joaquim77@example.org,43,Nova Caledónia,Family
6345,Guilherme Pereira,bda-cruz@example.com,40,Territórios Austrais Franceses,Free
6346,Isaque Barros,abreusabrina@example.org,58,Cabo Verde,Free
6347,João Vitor Casa Grande,luiz-felipefernandes@example.com,65,Taiwan,Family
6348,Juan Dias,luiz-gustavocardoso@example.net,55,Samoa Americana,Free
6349,Dra. Ana Clara da Cunha,pedro-lucas61@example.net,46,Venezuela,Free
6350,Oliver Sousa,carolineteixeira@example.org,38,Botsuana,Family
6351,Ayla Costela,juliacassiano@example.net,65,Maldivas,Family
6352,Camila Costa,hmendonca@example.net,65,Granada,Premium
6353,Bianca Silva,pda-cruz@example.com,18,Azerbaijão,Family
6354,Lunna Peixoto,da-conceicaoalexia@example.org,57,Uruguai,Free
6355,Maria Luiza Cirino,nuneslorena@example.org,70,China,Free
6356,Brenda Costela,esiqueira@example.com,49,Macau,Premium
6357,Maitê Brito,diegoda-mata@example.net,43,Coreia do Norte,Premium
6358,Sr. Lucas Cavalcanti,alexiacampos@example.com,31,Índia,Family
6359,Sr. Noah Sales,joao-pedrodas-neves@example.net,25,Suazilândia,Family
6360,Dr. João Almeida,luiz-fernando28@example.com,22,Nigéria,Free
6361,Brenda Rezende,silveiraalana@example.org,65,Paraguai,Family
6362,Sr. Benício Machado,joana66@example.com,60,Barein,Family
6363,Helena da Cruz,manuela15@example.com,25,Gibraltar,Premium
6364,Otávio da Paz,marcos-viniciusporto@example.org,56,Equador,Premium
6365,Nathan Santos,opeixoto@example.net,61,Benim,Family
6366,Luiz Otávio Novais,lais44@example.com,25,República Centro-Africana,Premium
6367,Sr. Breno Vasconcelos,rebeca75@example.org,43,Ilhas Caiman,Free
6368,Davi Luiz Vieira,maria-julia84@example.org,60,Turquemenistão,Premium
6369,Thomas Vargas,ana-claracavalcante@example.org,67,Marrocos,Premium
6370,Srta. Agatha Fogaça,xmarques@example.com,50,República Dominicana,Family
6371,Isabela Abreu,ribeiroheloisa@example.com,29,Espanha,Family
6372,Ana Clara Campos,joao-pedro61@example.org,48,Libéria,Free
6373,Sara Guerra,cunhaisaque@example.org,56,Somália,Family
6374,Alice Sampaio,saravy@example.net,60,Colômbia,Family
6375,Srta. Carolina Cassiano,maria-alice16@example.com,69,Gibraltar,Free
6376,José Montenegro,emanuelly38@example.org,56,Arábia Saudita,Family
6377,Catarina Costa,davi-luiz85@example.net,66,Territórios Austrais Franceses,Family
6378,Léo Sousa,riosolivia@example.com,57,Serra Leoa,Family
6379,Fernanda Novaes,camargobrenda@example.com,27,Costa Rica,Family
6380,Vicente Moraes,anthonylima@example.org,22,Seicheles,Premium
6381,Ísis Lopes,oalbuquerque@example.org,65,Bielorrússia,Premium
6382,Clarice Souza,sribeiro@example.com,28,Ilhas Heard e McDonald,Premium
6383,Bento Pinto,leaokaique@example.com,54,Mônaco,Premium
6384,Sra. Luara Sá,heloisanunes@example.com,25,Mônaco,Free
6385,Ana Júlia Souza,cda-cruz@example.com,37,Ilhas Heard e McDonald,Free
6386,Maria Júlia Barbosa,luan57@example.com,43,Niue,Free
6387,Esther Barbosa,mribeiro@example.net,61,Tailândia,Free
6388,Thomas Pereira,ngoncalves@example.org,32,Ilhas dos Cocos,Premium
6389,Lívia Macedo,almeidamatteo@example.net,35,Salvador,Premium
6390,Théo Pereira,paulo91@example.net,46,Turquemenistão,Free
6391,Vitor Ferreira,emillymelo@example.com,30,Samoa,Premium
6392,Emanuella Guerra,sacaleb@example.net,59,Santa Lúcia,Free
6393,Felipe Azevedo,melobrayan@example.com,44,Ilhas Cook,Free
6394,Srta. Sophia Albuquerque,jose61@example.net,34,Finlândia,Premium
6395,Diego Rezende,vitor97@example.net,18,Países Baixos,Family
6396,Joana Câmara,rebeca97@example.org,70,Monserrate,Free
6397,Allana Pimenta,luigi77@example.org,28,Marianas do Norte,Free
6398,Lucas Gabriel da Paz,liam97@example.com,32,Libéria,Premium
6399,João Pedro Nascimento,matteoribeiro@example.com,68,República Centro-Africana,Premium
6400,Mariana Carvalho,isaac91@example.org,51,Grécia,Premium
6401,Maya Barbosa,martinsemanuel@example.com,26,Sérvia,Family
6402,Heitor Vasconcelos,henriquefernandes@example.net,48,Liechtenstein,Family
6403,Benicio Cunha,sampaiomelina@example.org,69,Paracel Islands,Family
6404,Brenda Siqueira,fonsecajose@example.net,29,Libéria,Family
6405,Pedro Lucas Freitas,lda-rocha@example.org,23,Estados Unidos,Family
6406,Sr. João Rios,ssampaio@example.net,18,Ilhas dos Cocos,Free
6407,Luiza Correia,isis38@example.net,26,Iraque,Premium
6408,Murilo Azevedo,eduardanogueira@example.org,42,Costa Rica,Premium
6409,Isis Borges,fnovaes@example.com,26,Panamá,Free
6410,Srta. Lorena Brito,vitor-gabrielabreu@example.com,24,Bolívia,Family
6411,Lorenzo Marques,hcastro@example.net,25,Groenlândia,Family
6412,Isabela da Mata,portomateus@example.net,24,Síria,Free
6413,Dra. Marcela Nunes,luara78@example.com,29,Afeganistão,Premium
6414,Sabrina Aragão,samuelmontenegro@example.com,40,Malávi,Free
6415,Amanda Lima,lavinia62@example.org,23,República Dominicana,Free
6416,Isabela Abreu,dantemachado@example.org,58,Equador,Family
6417,João da Mata,nvasconcelos@example.net,34,Congo-Kinshasa,Premium
6418,Leonardo Silveira,cirinomatheus@example.com,23,Samoa,Family
6419,Rodrigo Ramos,albuquerqueluiz-gustavo@example.com,30,Iêmen,Free
6420,Maria Clara Aparecida,evelyn66@example.com,39,Uganda,Free
6421,Srta. Hellena Oliveira,manuela19@example.org,20,Islândia,Family
6422,Bryan Guerra,montenegrobento@example.org,57,Domínica,Premium
6423,Anthony Cardoso,qdias@example.com,53,Ilhas dos Cocos,Family
6424,Arthur Gabriel Peixoto,ymontenegro@example.org,63,Nova Zelândia,Premium
6425,Heitor Barros,pintoravy@example.com,24,Grécia,Free
6426,Arthur Miguel Camargo,mfogaca@example.com,25,Argélia,Family
6427,Zoe Silva,sduarte@example.com,65,Benim,Free
6428,Danilo Castro,vieiraaurora@example.com,26,Luxemburgo,Family
6429,João Miguel da Rocha,ccostela@example.org,21,Suécia,Family
6430,Maria Isis Gomes,bernardo38@example.com,30,Paraguai,Premium
6431,João Guilherme Rios,pachecoanna-liz@example.org,47,Coreia do Norte,Free
6432,Nina Monteiro,qmelo@example.com,65,Paquistão,Free
6433,Léo Fernandes,miguel72@example.org,39,Quênia,Free
6434,Eduarda Alves,marquestheodoro@example.com,34,Comores,Free
6435,Ravi Lucca Casa Grande,araujodavi-lucas@example.com,62,Guiné Equatorial,Family
6436,Felipe Cirino,maria-alicecampos@example.org,42,Domínica,Premium
6437,Bryan Alves,pastormaria-flor@example.net,57,Albânia,Free
6438,Antony Abreu,lauracardoso@example.net,64,Gana,Premium
6439,Luara Mendonça,meloisadora@example.com,20,Mônaco,Premium
6440,Isadora Aparecida,anna-liz72@example.net,23,Guiana,Family
6441,Arthur Gabriel Cavalcante,caio76@example.com,39,Turquia,Premium
6442,João Pedro Cunha,ravi-luccapinto@example.com,63,Territórios Austrais Franceses,Free
6443,Sr. João Guilherme Freitas,azevedoalana@example.net,30,Japão,Free
6444,Francisco Montenegro,nmoraes@example.net,18,Bulgária,Premium
6445,Eloá da Costa,novaesana-livia@example.org,55,Jan Mayen,Family
6446,Ana Laura Novais,rcamargo@example.com,23,Groenlândia,Premium
6447,Levi da Paz,pintojoao-gabriel@example.net,26,Albânia,Free
6448,Olivia Fonseca,pedro-lucas52@example.net,61,Territórios Austrais Franceses,Free
6449,Maria Helena Pinto,ferreiraian@example.com,63,Quirguizistão,Free
6450,Theo Caldeira,lorena98@example.org,63,Índia,Free
6451,Alícia da Costa,clarice96@example.org,45,Eritreia,Free
6452,João Pedro Costa,eduardopastor@example.com,59,Montenegro,Family
6453,Eduarda Gonçalves,fsampaio@example.net,30,Dinamarca,Premium
6454,Maria Helena Pires,novaessabrina@example.com,42,Svalbard e Jan Mayen,Free
6455,Igor Barbosa,mporto@example.com,22,Zâmbia,Premium
6456,Emanuel Aparecida,nmartins@example.net,38,Malávi,Family
6457,Josué Costela,bnovaes@example.org,65,Peru,Free
6458,Enrico Pinto,vianamaria-vitoria@example.com,36,Iraque,Premium
6459,Ravy da Conceição,pedro-henrique00@example.net,43,Ilhas dos Cocos,Free
6460,Emanuel Leão,luiz-gustavo08@example.com,48,Honduras,Family
6461,Sr. Luiz Otávio Montenegro,da-pazarthur-miguel@example.net,38,Comores,Free
6462,Sra. Juliana da Costa,maria-lauravasconcelos@example.org,60,Ashmore and Cartier Islands,Free
6463,Pedro Henrique da Rosa,lorena01@example.net,47,Polônia,Family
6464,Heloisa Caldeira,ida-conceicao@example.net,34,Suazilândia,Premium
6465,Mirella Moreira,theosiqueira@example.com,62,Botsuana,Free
6466,Nicole Macedo,claraferreira@example.org,43,Coreia do Sul,Family
6467,Matteo Viana,lorena91@example.com,44,Belize,Free
6468,Fernando Almeida,machadoenrico@example.net,50,Mongólia,Free
6469,Dom Almeida,cmartins@example.org,48,Suíça,Family
6470,Vinicius Pinto,zborges@example.com,70,Vietnam,Family
6471,Luísa da Mata,caldeiramelissa@example.com,50,Vanuatu,Premium
6472,Rhavi Silveira,araujomelina@example.com,45,Honduras,Premium
6473,Sr. Isaac Ribeiro,ana-liz43@example.net,22,Líbia,Free
6474,Augusto Mendes,mourastephany@example.com,32,Cuba,Free
6475,Davi Miguel Porto,lunamarques@example.org,51,Taiwan,Family
6476,Ana Julia Andrade,carlos-eduardo32@example.org,64,Camboja,Premium
6477,Anna Liz Araújo,samuelmendes@example.com,50,Domínica,Family
6478,Benicio Freitas,murilo12@example.com,25,Mali,Family
6479,Dr. Caio Sá,nicolas88@example.net,46,Granada,Family
6480,Luiz Fernando Almeida,jose-pedro35@example.org,60,Andorra,Free
6481,Sabrina Novais,da-rosacaua@example.org,47,Maldivas,Family
6482,Sophia Machado,jade37@example.org,58,Noruega,Premium
6483,Danilo Peixoto,ana-sophia27@example.net,32,Camarões,Free
6484,Cecilia da Cunha,guilhermedas-neves@example.net,30,Espanha,Family
6485,Gabriela Fernandes,fonsecavitor-hugo@example.net,57,Burundi,Premium
6486,Breno Fernandes,pedro35@example.com,63,Geórgia,Family
6487,Srta. Ana Cecília Casa Grande,henriquemendonca@example.com,32,Paracel Islands,Premium
6488,Luna Lima,gda-luz@example.com,23,Eslovênia,Premium
6489,Isabela Costela,rhavi05@example.net,28,Honduras,Premium
6490,Mariana da Paz,xvasconcelos@example.org,30,Montenegro,Premium
6491,Vitor Hugo Novaes,asafe19@example.org,62,Barein,Premium
6492,Thiago Vargas,marianerezende@example.org,51,Croácia,Free
6493,Yan Ramos,marcela88@example.net,60,Roménia,Premium
6494,Yasmin Souza,nathanmendonca@example.net,65,Quirguizistão,Premium
6495,Eloá Moreira,andre20@example.org,37,Gibraltar,Family
6496,Cauã Farias,pastorana-vitoria@example.net,51,Bahamas,Family
6497,Sr. Pietro da Rocha,asa@example.org,22,Ilhas Marshall,Premium
6498,Maysa Câmara,vfogaca@example.net,53,Coreia do Norte,Family
6499,Dr. Pedro Mendonça,siqueiramaria-laura@example.com,56,Níger,Premium
6500,José Pedro Alves,ana-liz22@example.net,32,Ilhas Virgens Britânicas,Premium
6501,Gabriela Sousa,kda-cunha@example.net,24,Cazaquistão,Free
6502,Thales Borges,teixeiraleticia@example.net,49,Domínica,Family
6503,João Guilherme Souza,oazevedo@example.org,18,Suazilândia,Family
6504,Luan Peixoto,luna12@example.org,27,Catar,Family
6505,Jade Borges,eazevedo@example.net,50,Croácia,Premium
6506,Isabelly Campos,vieirajosue@example.com,18,Domínica,Premium
6507,Luana Lima,maria-helenarocha@example.org,27,Gibraltar,Premium
6508,Esther Mendes,cavalcantegael@example.org,39,Ilha Norfolk,Family
6509,Caleb Vargas,alexandrepeixoto@example.com,62,Eslováquia,Premium
6510,Luiza Guerra,matheus95@example.com,30,Peru,Premium
6511,Gael Henrique Pereira,maria-vitoria43@example.org,33,Groenlândia,Family
6512,Arthur Gabriel Freitas,bianca54@example.net,64,Austrália,Free
6513,Maria Clara Leão,brendamoraes@example.net,38,São Marinho,Family
6514,Caio Cirino,hguerra@example.com,64,Suécia,Free
6515,Mirella Nascimento,da-costamelissa@example.org,18,Domínica,Premium
6516,Sara Albuquerque,santosjose-pedro@example.com,54,Wallis e Futuna,Family
6517,Apollo da Rocha,aparecidatheo@example.com,29,Nova Caledónia,Family
6518,Pedro Henrique da Cunha,joao-vitor43@example.com,54,Namíbia,Premium
6519,Emanuelly Aragão,ana-julia02@example.com,47,Equador,Premium
6520,Maria Vitória Silveira,fariassofia@example.org,67,Akrotiri,Free
6521,André Lima,dsiqueira@example.com,68,Moldávia,Premium
6522,Stephany Correia,sophierodrigues@example.com,36,Afeganistão,Free
6523,Antônio Borges,mariah09@example.com,70,Tailândia,Premium
6524,Nina da Mata,fnascimento@example.com,38,Ilhas Turcas e Caicos,Premium
6525,Caleb da Paz,barbosalorena@example.net,53,Ruanda,Free
6526,Lavínia Garcia,xrocha@example.org,50,Jamaica,Family
6527,Bárbara Casa Grande,yasminnunes@example.org,62,Kuwait,Premium
6528,Manuela Vargas,alicia44@example.com,61,Nicarágua,Free
6529,Henry Gabriel Pimenta,walves@example.net,49,Salvador,Family
6530,Ana Clara Vargas,limamaria-helena@example.net,44,Liechtenstein,Family
6531,Isaac Rocha,heloisada-cunha@example.net,69,Coreia do Norte,Free
6532,Caio da Luz,isabelly05@example.net,22,Chade,Free
6533,Olivia Rios,heloisada-conceicao@example.org,62,Quênia,Premium
6534,Sra. Beatriz Costela,beatrizcampos@example.org,25,Wallis e Futuna,Free
6535,Maria Liz Ribeiro,handrade@example.com,41,Santa Helena,Premium
6536,Ágatha da Costa,vitor-gabrielsales@example.org,45,Svalbard e Jan Mayen,Family
6537,Ian Duarte,leandro04@example.com,44,Geórgia do Sul e Sandwich do Sul,Premium
6538,Sra. Lívia Jesus,hadassasiqueira@example.org,33,Colômbia,Premium
6539,Theodoro Carvalho,emanuelcunha@example.net,21,Cuba,Premium
6540,Sra. Daniela Macedo,palbuquerque@example.net,40,Arábia Saudita,Family
6541,Thales Moraes,joanamontenegro@example.net,60,Iran,Free
6542,Theodoro Farias,raquel30@example.com,51,Papua-Nova Guiné,Family
6543,Isaque Fogaça,guerrastella@example.net,55,Paraguai,Family
6544,Maria Liz Mendonça,vnascimento@example.net,41,Noruega,Family
6545,Benício Ferreira,hborges@example.org,53,Ilha Bouvet,Free
6546,Mathias Cardoso,anthonynunes@example.com,52,Canadá,Family
6547,Lorenzo Barros,wmonteiro@example.com,35,Andorra,Free
6548,Alícia Correia,emanuellafogaca@example.org,45,Gabão,Free
6549,Maria Clara da Cunha,leonardo04@example.net,30,Índia,Free
6550,Ana Júlia Caldeira,sabrina97@example.com,61,México,Family
6551,Sr. João Pedro Vargas,viniciusmendes@example.net,42,Santa Lúcia,Family
6552,Levi Rocha,nabreu@example.org,49,Groenlândia,Premium
6553,Isadora Rios,correiabenjamin@example.org,29,Suriname,Family
6554,Agatha Cirino,rezendehenry-gabriel@example.org,38,Faroé,Premium
6555,Joana Ramos,gustavo-henriquerios@example.org,67,Samoa,Free
6556,Clara Garcia,anasilveira@example.org,65,Singapura,Premium
6557,Ana Liz Pires,joao-miguelmacedo@example.org,43,Madagascar,Free
6558,Pedro Lucas Rezende,mleao@example.net,51,Zâmbia,Free
6559,Bella Sá,silvaraul@example.net,27,México,Premium
6560,Vitória Jesus,maria-luizacarvalho@example.net,30,Bulgária,Family
6561,Enzo das Neves,bentosousa@example.net,59,Trindade e Tobago,Free
6562,Ana Luiza Pimenta,qbarbosa@example.org,69,Jersey,Premium
6563,Srta. Catarina Viana,lleao@example.com,64,Santa Lúcia,Family
6564,Otávio Campos,vargastheodoro@example.org,47,Butão,Premium
6565,Dr. Dom Pacheco,ssampaio@example.org,69,Guam,Free
6566,Sra. Hellena Lima,da-cunhapedro@example.org,52,Svalbard e Jan Mayen,Free
6567,Olívia Costa,osouza@example.com,27,Ucrânia,Family
6568,Bianca Almeida,brendabarbosa@example.net,44,Camarões,Family
6569,Ana Carolina Silveira,joao-miguelfreitas@example.org,33,Macedônia do Norte,Free
6570,João Vitor Cirino,ocorreia@example.com,57,Guam,Premium
6571,Felipe Gonçalves,leaoisabella@example.net,59,Gabão,Premium
6572,Davi Lucas Caldeira,iandrade@example.net,65,Congo-Brazzaville,Family
6573,Joaquim Melo,luiz-felipe41@example.com,22,Índia,Family
6574,Dra. Sofia Barros,aragaoluan@example.org,27,Antilhas Holandesas,Family
6575,Stella Aragão,maria-helenamelo@example.com,42,Ilhas Cook,Free
6576,João Vitor Carvalho,milenarios@example.org,66,São Tomé e Príncipe,Premium
6577,Pedro Lucas Monteiro,fariasaylla@example.net,43,Niue,Premium
6578,Camila Borges,eloaaragao@example.org,69,Nova Zelândia,Premium
6579,Asafe Leão,fariaskaique@example.net,68,Moçambique,Premium
6580,Stephany Siqueira,siqueirajade@example.net,52,Bélgica,Free
6581,Maria Júlia Monteiro,leocastro@example.org,48,Eslovênia,Premium
6582,Maria Flor Pinto,renan17@example.org,26,Ruanda,Premium
6583,Bárbara Novaes,silveiraarthur-gabriel@example.org,29,Uganda,Premium
6584,Paulo Pires,uda-rosa@example.net,61,Roménia,Premium
6585,Evelyn Albuquerque,mendoncamaria-laura@example.org,54,Israel,Free
6586,Vitor Hugo Farias,xmoraes@example.net,25,Sara Ocidental,Premium
6587,Bernardo Vasconcelos,oliveiravitor-hugo@example.org,50,Suazilândia,Free
6588,Nina Gonçalves,machadoryan@example.com,25,Hungria,Family
6589,Isabela Ribeiro,lopesliam@example.net,66,Suíça,Free
6590,Mariane Dias,mariahpinto@example.net,43,Rússia,Family
6591,Cecília Silveira,henry-gabriel44@example.com,32,Costa do Marfim,Family
6592,Oliver da Luz,levi34@example.org,58,Mongólia,Free
6593,Nicolas Leão,pastoremanuella@example.net,22,Botsuana,Premium
6594,Lunna Cavalcanti,apolloguerra@example.org,56,Moldávia,Free
6595,Maria Helena Marques,luiz-fernandoguerra@example.org,47,Camboja,Family
6596,Alice Borges,caioteixeira@example.org,58,Tuvalu,Premium
6597,João Lucas da Rocha,fogacaluiza@example.org,53,Equador,Family
6598,Camila Mendes,usilveira@example.net,54,Arábia Saudita,Family
6599,Nicole Lima,raulvargas@example.com,32,Moldávia,Free
6600,Anthony Siqueira,ibarbosa@example.com,19,Guiné-Bissau,Premium
6601,Dr. Rael Pires,joaquimsilva@example.net,23,Níger,Premium
6602,Benjamin Nunes,jose-miguelmachado@example.net,62,Egito,Free
6603,Francisco Almeida,costaalice@example.com,68,Bahamas,Premium
6604,Murilo Pimenta,vargaslaura@example.com,51,Gibraltar,Family
6605,Henry Gabriel Oliveira,valentina16@example.com,54,Andorra,Free
6606,Nicolas Oliveira,kevin54@example.org,66,Domínica,Premium
6607,Josué Pires,svieira@example.org,29,Sri Lanka,Free
6608,Sara Vieira,jose54@example.org,56,Guiné,Premium
6609,Dr. Pietro Oliveira,nathanda-cunha@example.org,33,São Marinho,Family
6610,José Fernandes,davi-luccasilveira@example.com,24,Nauru,Family
6611,Elisa Moraes,pimentajuan@example.com,65,Brunei,Free
6612,Mathias da Cunha,fariasjoao-pedro@example.com,33,Estônia,Free
6613,Maria Fernanda Dias,luizarocha@example.com,38,Canadá,Premium
6614,Ravi Carvalho,machadovitoria@example.net,24,Turquemenistão,Premium
6615,Benicio Cunha,rezendethales@example.com,35,Santa Lúcia,Free
6616,Ana Beatriz Ribeiro,luancamargo@example.com,51,Montenegro,Premium
6617,Dra. Luara Pacheco,eduardo70@example.net,19,Croácia,Free
6618,Sophie Barros,beatriz49@example.net,69,Jersey,Family
6619,Yago Pacheco,blopes@example.com,69,Brasil,Premium
6620,Dr. Valentim da Rosa,isabellymoreira@example.org,62,República Centro-Africana,Premium
6621,Dra. Maria Luísa Cavalcanti,maria-isispinto@example.org,38,Nepal,Free
6622,Luiza Marques,cavalcantiana-julia@example.org,45,México,Free
6623,Francisco Fogaça,lunnaandrade@example.net,58,Albânia,Premium
6624,Daniel Cunha,julianalopes@example.org,40,São Marinho,Family
6625,Maria Alice Silva,natalia54@example.org,59,Ilhas Salomão,Free
6626,Marina Cirino,fernandocaldeira@example.org,68,Chile,Family
6627,Cecilia Marques,caldeiraclara@example.com,37,Chile,Free
6628,Murilo Ramos,caroline86@example.com,39,México,Free
6629,João Guilherme Caldeira,agathaborges@example.org,69,Pitcairn,Premium
6630,Caio da Conceição,thalesnovaes@example.org,37,Quênia,Free
6631,Dr. Lucca Souza,felipe02@example.org,31,Venezuela,Family
6632,Breno Pacheco,hnovais@example.net,20,Ilha Norfolk,Premium
6633,Sr. Kevin Pastor,fernandofernandes@example.com,65,São Marinho,Premium
6634,Benjamim Fonseca,liamoliveira@example.net,63,Brunei,Free
6635,Bárbara da Rosa,ucaldeira@example.net,65,Alemanha,Family
6636,Yuri Lopes,montenegroluna@example.net,67,Grécia,Premium
6637,Daniela Cardoso,rezendepedro-lucas@example.com,68,República Checa,Family
6638,Sra. Ayla Nunes,maria-alicealbuquerque@example.net,69,Indonésia,Free
6639,Dr. Davi Lucas Silveira,abreuoliver@example.net,48,Birmânia,Family
6640,Arthur Araújo,fernandesluna@example.net,62,Mayotte,Premium
6641,Mariana Pires,ana-julia72@example.com,56,Akrotiri,Family
6642,Henry Gabriel Marques,emanuellapires@example.net,22,China,Premium
6643,Bernardo Monteiro,muriloporto@example.net,22,Ilhas Cook,Premium
6644,Luiz Gustavo Souza,diasrhavi@example.org,35,Tailândia,Free
6645,Kaique Ribeiro,vitoria27@example.net,33,Gabão,Premium
6646,Laís Almeida,dmoura@example.org,54,Micronésia,Family
6647,Otávio Santos,alana79@example.com,68,Laos,Premium
6648,Beatriz Silveira,alexiada-costa@example.org,58,Ashmore and Cartier Islands,Free
6649,Gustavo Henrique Rodrigues,isadora39@example.org,42,Tokelau,Premium
6650,Dr. Otávio Montenegro,peixotoarthur@example.com,19,Svalbard e Jan Mayen,Family
6651,Heloísa Novaes,carolinecardoso@example.com,46,Guam,Premium
6652,Mateus Santos,andradebrayan@example.net,47,Micronésia,Family
6653,Luiz Miguel Correia,isismartins@example.com,60,Panamá,Free
6654,Henry Gabriel Abreu,manuellasales@example.net,47,Paquistão,Free
6655,João Vitor Garcia,miguelnogueira@example.net,57,Pitcairn,Free
6656,Otávio Vieira,eloa66@example.org,50,Ruanda,Free
6657,Luigi Monteiro,maria-helenavieira@example.net,49,Ilhas Virgens Americanas,Premium
6658,Enrico Souza,castroelisa@example.net,45,Peru,Free
6659,Olívia Teixeira,maria-vitoria26@example.com,29,Camarões,Free
6660,Asafe Pastor,luiza07@example.org,19,Butão,Free
6661,João da Paz,pedro-henrique86@example.org,23,São Marinho,Free
6662,Srta. Emilly Porto,stellapinto@example.net,30,Cabo Verde,Family
6663,Sra. Luara Cavalcanti,ana-vitoria72@example.org,33,Domínica,Premium
6664,Sra. Maya Pacheco,mariah33@example.org,27,Jamaica,Free
6665,Agatha Costela,caleb23@example.com,58,Ilhas Salomão,Family
6666,Thales Nascimento,elisa26@example.com,70,Santa Helena,Free
6667,Leandro Barbosa,carvalhogabrielly@example.net,57,África do Sul,Family
6668,Lucca Correia,pastorpietra@example.org,25,Coreia do Sul,Premium
6669,Sr. Pietro Rios,samuel83@example.net,35,Iran,Free
6670,Maria Helena Pinto,calebe79@example.net,33,Gana,Premium
6671,Lucas Vieira,hdas-neves@example.net,41,Akrotiri,Free
6672,Juliana Cavalcante,amendonca@example.net,65,Faroé,Free
6673,Ana Cecília da Luz,cauamonteiro@example.org,66,Nauru,Premium
6674,Luiz Henrique Cunha,da-rosaantonio@example.org,29,Antígua e Barbuda,Premium
6675,Srta. Daniela Mendes,enzo-gabrielnascimento@example.com,48,Bulgária,Free
6676,Oliver Gomes,duartemirella@example.com,27,Turquemenistão,Family
6677,Thales Câmara,upastor@example.net,19,Tokelau,Family
6678,Rebeca Ribeiro,ida-rocha@example.net,39,Alemanha,Family
6679,Gabriela Martins,fariasyan@example.net,34,Mongólia,Family
6680,Rhavi Peixoto,guerraayla@example.net,25,Wallis e Futuna,Free
6681,Thales Cirino,antonio77@example.org,63,Peru,Premium
6682,João Vitor Abreu,camargomilena@example.com,37,Gibraltar,Family
6683,Clara Correia,ccirino@example.com,43,Ilhas Heard e McDonald,Premium
6684,Natália Barbosa,luiz-miguel22@example.org,56,Panamá,Family
6685,Dom Sousa,macedoravi@example.com,27,França,Free
6686,Sra. Amanda Montenegro,ana-luizada-paz@example.net,19,Tanzânia,Family
6687,Liz Martins,rsilveira@example.net,32,Sri Lanka,Family
6688,Luiz Otávio Rocha,vieiraandre@example.org,64,Tanzânia,Free
6689,Sofia Pires,nribeiro@example.com,50,Rússia,Family
6690,Caio Rios,vasconcelosluan@example.net,36,Gâmbia,Premium
6691,José Martins,vitoria69@example.com,68,Estônia,Family
6692,Oliver Barbosa,vmarques@example.net,47,Micronésia,Family
6693,Pedro Henrique Jesus,costabarbara@example.com,56,Índia,Family
6694,Dr. Thomas Cirino,santosjulia@example.org,31,Costa do Marfim,Free
6695,Isabela da Rocha,antonella06@example.com,40,Polônia,Free
6696,Antônio Abreu,paulo85@example.net,48,Tokelau,Premium
6697,Enzo Gabriel Nogueira,gomesrhavi@example.net,28,Papua-Nova Guiné,Family
6698,Marcos Vinicius Ferreira,agathapires@example.com,30,Anguila,Family
6699,Stella Peixoto,osampaio@example.com,43,Malávi,Free
6700,Ravi da Rosa,jmoreira@example.org,24,Turquemenistão,Free
6701,Alexia Alves,raelmarques@example.com,60,Paquistão,Free
6702,Daniela Silva,anthony69@example.com,48,Uganda,Premium
6703,Heloisa Gonçalves,henryporto@example.org,52,Guiné Equatorial,Family
6704,Heitor Monteiro,isabel66@example.org,21,Omã,Family
6705,Dra. Liz Moura,josueda-mata@example.com,56,Tonga,Free
6706,Ana Vitória Moraes,gustavo-henrique13@example.net,42,Catar,Premium
6707,Maria Laura Vieira,dporto@example.com,59,Monserrate,Family
6708,Vinícius Alves,brayan89@example.org,36,Peru,Family
6709,Srta. Sophia Rezende,duartepietro@example.net,70,Mongólia,Premium
6710,Marcos Vinicius Peixoto,jleao@example.net,30,Guiné-Bissau,Premium
6711,Isabel Monteiro,ryannovais@example.net,58,Hungria,Family
6712,Zoe Campos,maria-sophia39@example.com,62,Nova Zelândia,Family
6713,Davi Miguel Vargas,isabella66@example.net,65,Montenegro,Free
6714,Maitê Monteiro,piresrenan@example.org,47,Taiwan,Premium
6715,Nathan Carvalho,maria-flormoraes@example.com,54,Egito,Free
6716,Dr. Raul Cavalcanti,stephanyvieira@example.net,68,Mônaco,Free
6717,Maya Leão,pintokevin@example.com,49,Finlândia,Free
6718,Gustavo Henrique Ferreira,vasconcelosmaria-luiza@example.org,21,Mayotte,Premium
6719,Benjamin Santos,isaquecaldeira@example.org,58,Líbia,Family
6720,Sophie da Cunha,hvargas@example.net,54,Akrotiri,Free
6721,Maria Laura Cavalcanti,peixotoenzo@example.org,65,Guiana,Premium
6722,Mariah Campos,arezende@example.net,51,Jersey,Family
6723,Nicole Gomes,maria-julia33@example.org,32,Bélgica,Family
6724,Srta. Melissa Castro,maria-juliarocha@example.org,64,Clipperton Island,Free
6725,Francisco Gomes,guilherme53@example.com,41,Burquina Faso,Premium
6726,Bryan Caldeira,arthur-gabriel12@example.org,41,Kuwait,Family
6727,Bella Almeida,glopes@example.com,36,Irlanda,Premium
6728,Levi Ribeiro,bruna90@example.net,28,Síria,Free
6729,Kamilly Pacheco,esilveira@example.com,70,Antártica,Family
6730,Maria Sophia Casa Grande,ymonteiro@example.net,42,Catar,Family
6731,Fernanda Jesus,gnogueira@example.com,23,Iêmen,Family
6732,Antony Monteiro,juliaabreu@example.org,49,Canadá,Premium
6733,Dr. José Miguel Cavalcante,smartins@example.org,29,Macedônia do Norte,Family
6734,Gael Casa Grande,freitasjoao-gabriel@example.org,36,Geórgia,Family
6735,Igor Pinto,cunhajoao-gabriel@example.net,40,Cabo Verde,Premium
6736,Sra. Mirella da Costa,ramosjoao-guilherme@example.net,48,Bolívia,Family
6737,Rebeca Cirino,gfogaca@example.net,23,Nepal,Premium
6738,Sofia Correia,zcardoso@example.net,61,Zâmbia,Free
6739,Isabel Nogueira,araujolevi@example.org,46,Camarões,Free
6740,Heloísa Farias,vieiraaylla@example.net,49,Islândia,Family
6741,Paulo Ramos,guerraalexia@example.com,43,Suíça,Free
6742,Théo Abreu,jcasa-grande@example.net,28,Costa do Marfim,Family
6743,Théo Novais,rodrigo48@example.net,21,Iran,Family
6744,Arthur Miguel Farias,mnovais@example.net,43,República Centro-Africana,Premium
6745,Liz Rezende,yuri56@example.org,49,Mongólia,Premium
6746,Kevin Almeida,anthony-gabrielcarvalho@example.org,22,Vaticano,Family
6747,Mariane Moura,viniciusmoreira@example.org,41,Territórios Austrais Franceses,Family
6748,Isaque Rezende,diogorodrigues@example.net,70,São Tomé e Príncipe,Family
6749,Anthony Cavalcante,acasa-grande@example.org,63,Armênia,Family
6750,Maria Fernanda da Costa,mmelo@example.net,28,Somália,Family
6751,Catarina Sousa,yda-rocha@example.com,57,Bielorrússia,Premium
6752,Gabriela Andrade,peixotoisabella@example.net,69,Iraque,Free
6753,Kamilly Gonçalves,oliver43@example.org,63,Lituânia,Free
6754,João Lucas Cirino,anna-lizmonteiro@example.org,39,Paquistão,Free
6755,Ana Lívia da Rocha,pedronascimento@example.com,67,Guiné-Bissau,Family
6756,Caio Melo,mirella37@example.net,24,México,Family
6757,Arthur da Cruz,kcostela@example.org,23,Comores,Family
6758,Vitor Cavalcante,danilo82@example.org,39,Roménia,Premium
6759,Maria Fernanda Pires,joao-lucas81@example.net,50,Moçambique,Premium
6760,Dr. Rodrigo Pacheco,benjamincosta@example.net,53,Birmânia,Free
6761,Júlia Pereira,luannovais@example.org,23,Botsuana,Premium
6762,Sabrina Cunha,bcamara@example.org,39,Iran,Family
6763,Agatha Moraes,bernardorios@example.net,47,Granada,Free
6764,João Pedro Dias,msilveira@example.org,26,Japão,Free
6765,João Lima,maria-laura23@example.com,26,Irlanda,Premium
6766,Sra. Ana Carolina Garcia,larissa52@example.org,36,Moçambique,Free
6767,Sr. Dante Machado,raul92@example.com,38,Zâmbia,Family
6768,Apollo Sousa,gael20@example.org,41,Mali,Premium
6769,João Vitor Campos,benicionunes@example.net,34,Macedônia do Norte,Premium
6770,Daniela Vargas,da-cruzagatha@example.net,48,Canadá,Free
6771,João Miguel da Cunha,mmendonca@example.org,55,Geórgia,Premium
6772,Apollo Aragão,casa-grandeemanuelly@example.net,66,Etiópia,Free
6773,Apollo Monteiro,mariah30@example.org,50,Ilha Wake,Family
6774,Sra. Alice da Costa,amandada-mota@example.com,39,Usbequistão,Family
6775,Anthony Duarte,gabriela31@example.org,31,São Pedro e Miquelon,Free
6776,Ana Lívia Caldeira,kvasconcelos@example.net,69,Bolívia,Family
6777,Maria Helena Aparecida,pedro-miguelda-costa@example.org,26,Filipinas,Free
6778,Nicolas Duarte,pastormelissa@example.org,57,Chipre,Free
6779,Maya Dias,kvieira@example.com,53,Cazaquistão,Premium
6780,Sr. Juan Aparecida,rnunes@example.com,49,Porto Rico,Premium
6781,Daniela da Conceição,jose-miguel15@example.net,68,Índia,Family
6782,Sr. Antony Jesus,arthurnovais@example.org,67,Itália,Family
6783,Ana Clara Abreu,maria-florda-rosa@example.org,48,Portugal,Free
6784,Dra. Aylla Abreu,umarques@example.org,26,Wallis e Futuna,Family
6785,João Lucas da Mota,maria-ceciliasa@example.org,20,Tailândia,Family
6786,Anna Liz Rocha,ecasa-grande@example.com,47,Kuwait,Free
6787,Maria Luísa Ramos,emanuellaribeiro@example.org,23,Guernsey,Premium
6788,Kaique Andrade,maria-fernandasilva@example.net,38,China,Free
6789,Juliana Carvalho,kamillymarques@example.com,28,Síria,Free
6790,Brenda Costela,gomescarolina@example.org,45,Territórios Austrais Franceses,Premium
6791,Noah da Paz,borgesluigi@example.org,68,Costa do Marfim,Free
6792,Isabela Souza,cassianomaria-cecilia@example.com,20,Palau,Family
6793,Daniela Jesus,rhavi92@example.com,39,Nova Caledónia,Family
6794,Joana Rezende,elisa97@example.com,36,Bélgica,Premium
6795,Caroline Cavalcanti,das-nevesdom@example.com,20,França,Family
6796,Aylla Fonseca,mariah41@example.net,70,Quênia,Premium
6797,Dr. Danilo Carvalho,enzo-gabriel92@example.net,30,Salvador,Free
6798,Aurora Barbosa,pietroaraujo@example.net,18,Letônia,Free
6799,Otto Mendonça,domalves@example.org,40,Pitcairn,Free
6800,Brayan das Neves,lalbuquerque@example.org,41,Santa Lúcia,Premium
6801,Luísa Cassiano,mariana44@example.net,47,Zâmbia,Family
6802,Ana Vitória Pinto,ana-clara62@example.org,59,Sudão,Free
6803,Lucas Gabriel Montenegro,gael-henriquecaldeira@example.com,41,Turquemenistão,Family
6804,Théo Santos,allanacasa-grande@example.com,69,São Tomé e Príncipe,Free
6805,Arthur Miguel Oliveira,thiagonovaes@example.com,47,Mônaco,Premium
6806,Milena Fernandes,cassianobruna@example.com,57,Navassa Island,Family
6807,Maria Helena Gomes,rezendeemanuel@example.com,65,Malávi,Free
6808,Srta. Giovanna Carvalho,alexiaramos@example.org,42,Santa Helena,Free
6809,Asafe Mendes,juliana69@example.org,39,Navassa Island,Premium
6810,Marcelo Gomes,leobarbosa@example.com,60,Faroé,Family
6811,Zoe das Neves,kda-cruz@example.org,61,Senegal,Family
6812,Maria Helena Farias,da-mataalexia@example.net,45,Ilhas Salomão,Free
6813,Vitor Gabriel Cavalcanti,fonsecaleandro@example.org,44,Congo-Kinshasa,Family
6814,Antony Pires,clarice25@example.com,35,Burquina Faso,Family
6815,Luan Vargas,alvesalana@example.com,44,Seicheles,Free
6816,Bruna Nascimento,fernandoribeiro@example.com,50,Afeganistão,Family
6817,Davi Luiz Campos,alana51@example.net,65,Ilha do Natal,Family
6818,Camila Azevedo,zbarbosa@example.org,60,Jan Mayen,Free
6819,Srta. Evelyn Teixeira,castrobenjamin@example.org,45,Costa do Marfim,Free
6820,Luiz Henrique Moraes,emanuel87@example.net,20,Egito,Family
6821,Isabel Caldeira,castrocaue@example.com,55,Togo,Family
6822,Lavínia da Mata,mcamara@example.net,50,Níger,Family
6823,Luana Silva,thiagoporto@example.org,24,Chipre,Family
6824,Marcelo Lima,eabreu@example.net,54,Reino Unido,Free
6825,Stella Sousa,barrosbruna@example.org,48,Botsuana,Free
6826,Maria Alice Moraes,qda-rocha@example.com,26,Taiwan,Family
6827,Eloah Vasconcelos,enzo88@example.org,37,Guernsey,Premium
6828,Srta. Rafaela Nogueira,sabrinamendonca@example.org,53,Emirados Árabes Unidos,Premium
6829,Anthony Azevedo,daniela96@example.com,60,Dinamarca,Premium
6830,Arthur Gabriel Lopes,da-cruzjoao@example.net,27,Armênia,Family
6831,Gabriel Brito,vasconcelosjuliana@example.net,66,Palau,Family
6832,Maria Júlia Moura,ribeirobreno@example.net,58,Eslováquia,Premium
6833,Eduardo Costa,tmendes@example.net,41,Navassa Island,Premium
6834,Alexia da Mata,luara95@example.net,66,Colômbia,Family
6835,Dra. Mariah Macedo,kaparecida@example.org,60,Ilha do Natal,Free
6836,Stephany Jesus,ferreirasarah@example.com,59,Reino Unido,Free
6837,Emanuelly Souza,dda-cruz@example.net,24,Líbia,Family
6838,Ana Julia Caldeira,nguerra@example.net,62,Islândia,Family
6839,Dra. Fernanda Fernandes,tjesus@example.org,43,Iraque,Family
6840,Caroline Souza,vasconcelosalice@example.org,49,Belize,Family
6841,Raul da Paz,carvalhoerick@example.org,27,São Vicente e Granadinas,Family
6842,Srta. Alexia Castro,viniciuscunha@example.org,60,Timor Leste,Premium
6843,Daniel Campos,vicentepacheco@example.net,36,Uruguai,Free
6844,Marcela Gonçalves,araujoclara@example.org,30,Somália,Family
6845,Srta. Caroline Azevedo,cirinodiego@example.org,53,Quênia,Free
6846,Yan Lopes,pedro-lucasleao@example.com,64,Polônia,Premium
6847,Bianca Fonseca,jose21@example.org,33,Antilhas Holandesas,Premium
6848,Ester Cavalcanti,maria-eduardamendonca@example.com,22,Namíbia,Family
6849,Ravi Lima,rodrigueshenry-gabriel@example.com,45,Território Britânico do Oceano Índico,Free
6850,Caio Carvalho,souzapaulo@example.org,36,Santa Helena,Free
6851,Ana Laura da Conceição,isaacsantos@example.net,29,Argentina,Premium
6852,Antonella Pastor,borgesnina@example.net,53,Camarões,Premium
6853,Lavínia Farias,jose-miguel78@example.net,37,Nepal,Premium
6854,Marcela Pacheco,jda-paz@example.org,35,Geórgia do Sul e Sandwich do Sul,Premium
6855,João Guilherme Ribeiro,helenada-mata@example.net,39,Bélgica,Premium
6856,Sra. Evelyn Vargas,vitor-gabrielfreitas@example.org,45,Alemanha,Premium
6857,Benjamin Costa,maria-luisagarcia@example.net,36,Zâmbia,Premium
6858,Heloisa Moura,marianenovais@example.org,34,Chile,Free
6859,Jade Azevedo,svieira@example.com,19,Angola,Free
6860,Valentim Cassiano,lunnaoliveira@example.net,22,Guiné-Bissau,Free
6861,Sra. Isabel Gomes,maria-helena60@example.org,52,Guiana,Free
6862,Rodrigo da Costa,olivianovaes@example.org,18,Malta,Family
6863,Cecília Porto,camaraliz@example.net,69,Quirguizistão,Free
6864,Ana Beatriz Campos,bellapinto@example.com,60,Jibuti,Premium
6865,Luiz Miguel Barbosa,eteixeira@example.org,43,Hungria,Free
6866,Erick da Conceição,enrico95@example.com,68,Cabo Verde,Premium
6867,Eloah Silva,caleb19@example.org,37,Territórios Austrais Franceses,Family
6868,Melissa Casa Grande,moraesrodrigo@example.org,39,Colômbia,Free
6869,João Guilherme das Neves,mathiascamargo@example.org,58,Jersey,Family
6870,Ana Beatriz Marques,cavalcantirenan@example.net,18,Hungria,Free
6871,Liam Costa,gael01@example.com,48,Porto Rico,Free
6872,Dra. Giovanna Nunes,asilveira@example.net,46,Ilhas dos Cocos,Family
6873,Ana Clara Araújo,npacheco@example.com,40,São Marinho,Free
6874,Yuri Carvalho,marinasampaio@example.com,65,Nigéria,Free
6875,Nicolas Vargas,maria-alice77@example.org,52,Estados Unidos,Free
6876,Dante Gomes,nicole81@example.com,27,Antígua e Barbuda,Family
6877,Maysa Gomes,juliacavalcanti@example.com,58,Costa Rica,Family
6878,Pedro Henrique Borges,gda-cunha@example.org,34,Ilha Norfolk,Premium
6879,Davi Luiz Almeida,nnascimento@example.net,19,Costa Rica,Free
6880,Otto Correia,qcirino@example.net,27,Filipinas,Free
6881,Kaique Pacheco,ycassiano@example.com,24,Zâmbia,Family
6882,Gael da Mata,davi-miguelvargas@example.net,57,Sérvia,Family
6883,João Miguel Aparecida,tcardoso@example.org,27,Santa Lúcia,Family
6884,Sabrina Cardoso,costahellena@example.org,55,China,Family
6885,Ravi Lima,caiofarias@example.org,68,Vaticano,Family
6886,Juan Marques,tferreira@example.net,22,Grécia,Premium
6887,Rebeca Sousa,silvamaite@example.com,44,Tunísia,Family
6888,Pedro Miguel da Cunha,antonio57@example.org,19,Coral Sea Islands,Family
6889,Clarice Pimenta,siqueiracaio@example.org,45,Tailândia,Free
6890,João Vitor Cavalcante,lmelo@example.net,32,Wallis e Futuna,Free
6891,Esther Câmara,kamilly03@example.com,48,Trindade e Tobago,Family
6892,Melina Macedo,henryrezende@example.com,46,Nova Caledónia,Premium
6893,Alexandre Lima,pnascimento@example.org,62,Bulgária,Free
6894,Stephany Cardoso,vsilva@example.org,29,Serra Leoa,Family
6895,Raul Fonseca,benjamimvargas@example.net,69,Índia,Free
6896,Enzo Gabriel Aparecida,olivia57@example.org,42,Guiné,Premium
6897,Carolina da Rocha,luiz-felipeda-cunha@example.com,24,Maurícia,Premium
6898,Yuri Novaes,kazevedo@example.org,69,República Dominicana,Family
6899,Davi Luiz Azevedo,ceciliagomes@example.org,51,Armênia,Family
6900,José Miguel Monteiro,marcela46@example.net,38,Tanzânia,Free
6901,Gustavo Henrique Fogaça,dsilveira@example.org,31,Vietnam,Family
6902,Thales Rocha,cferreira@example.org,56,Quênia,Free
6903,Gael Aparecida,sazevedo@example.net,46,Santa Lúcia,Family
6904,Manuela Camargo,maria-isismarques@example.com,19,Costa do Marfim,Premium
6905,Maria Alice Costela,barbosamilena@example.net,62,Território Britânico do Oceano Índico,Premium
6906,Maria Sophia Borges,sda-luz@example.net,61,Taiwan,Family
6907,Eduarda Rios,montenegrojoao@example.com,35,Quênia,Premium
6908,Luiza Vieira,portoluigi@example.com,57,Camboja,Free
6909,Cecília da Rosa,da-rochaandre@example.org,55,Ilha Norfolk,Family
6910,Dr. Pietro da Rocha,galmeida@example.com,55,Ilhas Salomão,Premium
6911,Eduardo Costa,pazevedo@example.com,52,Dhekelia,Premium
6912,Dr. Gustavo Moreira,davi-luiz40@example.net,30,Mônaco,Family
6913,Milena Lopes,dsampaio@example.net,39,Brasil,Premium
6914,Sr. Benjamin Montenegro,juan95@example.com,31,Burundi,Family
6915,Eloá Machado,julia26@example.com,34,Nigéria,Free
6916,Dr. Nathan Ramos,sviana@example.org,61,Tonga,Family
6917,Isis Vasconcelos,ccaldeira@example.net,66,Porto Rico,Premium
6918,Rebeca Campos,diegoda-paz@example.org,30,Vietnam,Free
6919,Hadassa Souza,maria-lauragomes@example.net,66,Ilha Wake,Free
6920,Antônio Costela,portoaurora@example.org,46,Espanha,Free
6921,Emanuella da Conceição,almeidaasafe@example.com,67,Tajiquistão,Free
6922,Marcelo Alves,anthonycorreia@example.net,70,Congo-Brazzaville,Free
6923,João Felipe Mendes,xmendes@example.net,24,Nova Caledónia,Free
6924,Daniela da Cruz,peixotoanthony-gabriel@example.org,41,Nigéria,Free
6925,João Guilherme da Costa,vasconcelosbrayan@example.com,69,Eritreia,Family
6926,Amanda Novais,clarice57@example.net,55,Ilha de Man,Free
6927,Sr. Diego Lopes,thiagocavalcante@example.net,52,Cabo Verde,Free
6928,Theo Lopes,camargoclara@example.org,35,Vietnam,Family
6929,Ryan Melo,silveiraana-carolina@example.com,46,Cuba,Family
6930,Srta. Mirella Duarte,ncirino@example.org,70,Macedônia do Norte,Family
6931,Maria Laura Câmara,brunanovaes@example.net,37,Burundi,Family
6932,Lívia Sá,xpacheco@example.com,52,França,Family
6933,Renan Ramos,mathiaspereira@example.com,70,Estônia,Premium
6934,Nathan da Rosa,daniel15@example.org,36,Nepal,Premium
6935,Dr. Miguel Oliveira,henry28@example.org,23,Território Britânico do Oceano Índico,Family
6936,Isabela Barbosa,cauacarvalho@example.com,37,Tunísia,Family
6937,Gustavo Henrique Câmara,luiza86@example.net,57,Namíbia,Premium
6938,Ana Clara Ramos,apollo46@example.com,54,Territórios Austrais Franceses,Premium
6939,Marcelo Silva,laviniafonseca@example.com,69,Ilhas Cook,Free
6940,Bianca Costa,salivia@example.net,55,Ilhas Salomão,Premium
6941,Maria Sophia da Rosa,wda-rocha@example.org,34,Iêmen,Free
6942,João Teixeira,allana28@example.net,44,Bermudas,Family
6943,Heitor Ferreira,barbara20@example.com,65,Níger,Family
6944,Ana Clara Montenegro,ana-luizasantos@example.com,50,Mauritânia,Free
6945,Evelyn Vasconcelos,novaesnatalia@example.org,26,Brunei,Family
6946,Maria Flor da Paz,portobrayan@example.net,18,Ucrânia,Premium
6947,Dra. Natália Cardoso,enzo-gabriel53@example.org,38,Camboja,Premium
6948,Maria Fernanda Sampaio,pastorenzo@example.com,62,Maurícia,Premium
6949,Joaquim da Conceição,zduarte@example.org,51,Iran,Family
6950,Thomas Marques,pimentalucas@example.org,54,Iêmen,Free
6951,Aylla Pastor,lais12@example.org,40,Reino Unido,Family
6952,João Vitor Farias,ana-liz27@example.org,27,Haiti,Premium
6953,Isis Moraes,livia43@example.net,49,Domínica,Premium
6954,Kaique Brito,manuella70@example.com,45,Coreia do Sul,Premium
6955,Henry Correia,pastorjulia@example.net,38,Croácia,Premium
6956,Laís da Rosa,gabrielviana@example.org,67,Ilhas Heard e McDonald,Premium
6957,Dr. Davi Mendonça,luiz-henrique54@example.net,51,Cabo Verde,Premium
6958,Gael Porto,antonella81@example.net,51,Bahamas,Family
6959,Ana Vitória Teixeira,mirella76@example.org,20,Grécia,Family
6960,Larissa Rocha,hmontenegro@example.com,50,Domínica,Free
6961,Dante Moraes,marcelomartins@example.net,40,Polônia,Free
6962,Ravy Pinto,abreujoaquim@example.com,61,Tailândia,Free
6963,Kaique Farias,maria-julia70@example.net,46,Irlanda,Premium
6964,Sr. Arthur Gabriel Dias,luiz-fernandomoura@example.com,50,Dhekelia,Premium
6965,Igor Pinto,montenegromanuela@example.com,37,Birmânia,Premium
6966,Otávio Câmara,jose-pedro63@example.net,18,México,Premium
6967,Maria Alice Novaes,ana-vitoriaduarte@example.org,58,Comores,Free
6968,Sra. Elisa Nogueira,ymonteiro@example.com,43,Guiné,Premium
6969,Francisco Silva,bernardo97@example.com,69,Madagascar,Premium
6970,Dr. Oliver Martins,vieiraana-cecilia@example.org,64,Ilhas Heard e McDonald,Premium
6971,Sra. Sara Câmara,jade63@example.org,48,Colômbia,Family
6972,Luiz Henrique Castro,maria-flor31@example.com,51,Navassa Island,Premium
6973,Sr. Rafael Albuquerque,sarah42@example.com,42,Brasil,Family
6974,Raquel Ribeiro,gabriela99@example.org,58,República Checa,Premium
6975,João Guilherme Pires,manuellavieira@example.net,44,Pitcairn,Premium
6976,Aurora Casa Grande,heitor37@example.org,35,Roménia,Premium
6977,Laura Abreu,evelyn18@example.org,58,Emirados Árabes Unidos,Free
6978,Fernando Costela,catarina70@example.org,59,Haiti,Family
6979,Dra. Maria Isis Fogaça,rochastella@example.org,43,República Checa,Family
6980,Maria Rocha,machadoluiz-miguel@example.org,31,Macedônia do Norte,Free
6981,Isabelly Sampaio,mendesbenicio@example.com,51,Papua-Nova Guiné,Premium
6982,Pietro Cavalcante,guilherme91@example.net,32,Mayotte,Premium
6983,Mirella Rios,emartins@example.net,57,Estados Unidos,Free
6984,Sara Macedo,melolarissa@example.org,18,Bahamas,Premium
6985,João Miguel Aragão,luiz-otavio49@example.com,58,Roménia,Free
6986,Emanuelly Azevedo,mmontenegro@example.com,42,Groenlândia,Family
6987,Júlia Cunha,bcavalcanti@example.com,49,Taiwan,Free
6988,Júlia Borges,sda-luz@example.org,61,Mauritânia,Premium
6989,Sophie Vasconcelos,silveiramanuella@example.org,44,China,Family
6990,Luísa Sampaio,caldeiraana-laura@example.com,63,Clipperton Island,Free
6991,Maria Flor Pires,lcavalcanti@example.com,64,Congo-Brazzaville,Premium
6992,Rael Cardoso,leo45@example.com,70,Zâmbia,Premium
6993,Maria Julia Dias,dmonteiro@example.net,59,Vaticano,Premium
6994,Nina Moreira,caiorios@example.org,38,Kuwait,Free
6995,Felipe da Cunha,maria-clararibeiro@example.net,30,Paraguai,Family
6996,Danilo da Rocha,antonio91@example.org,56,Grécia,Free
6997,Alexandre Dias,da-cunhabrenda@example.net,37,Seicheles,Premium
6998,Davi Miguel Garcia,albuquerqueana-clara@example.net,35,Portugal,Family
6999,Ana Vitória Mendonça,pedro-henriquenovais@example.net,38,Egito,Premium
7000,Otávio Rodrigues,rsousa@example.net,34,Coreia do Norte,Family
7001,Pietro Moura,wpacheco@example.net,38,Clipperton Island,Free
7002,Alice Novais,moraesaugusto@example.org,32,Vanuatu,Family
7003,Rafael Silva,isaquemoura@example.com,49,Ilhas dos Cocos,Family
7004,Sr. Luiz Otávio Siqueira,maria-luisa97@example.net,28,Turquia,Premium
7005,Srta. Emanuelly Porto,lizda-conceicao@example.org,50,Ilhas Virgens Americanas,Family
7006,Raul Brito,gnovaes@example.com,50,Kuwait,Free
7007,Diego da Rocha,calebe97@example.org,27,Laos,Premium
7008,Emanuella Pires,da-costamanuella@example.com,59,Irlanda,Free
7009,Liam Cavalcanti,danielaazevedo@example.org,66,Países Baixos,Premium
7010,Asafe Nogueira,juliana39@example.net,36,Cazaquistão,Family
7011,Heloisa Pastor,ana-clarabarbosa@example.com,67,Antígua e Barbuda,Free
7012,Ana Laura Jesus,portopedro-henrique@example.org,33,Guiné Equatorial,Premium
7013,Ravi da Costa,aylla52@example.net,28,Mayotte,Family
7014,Cauê Fogaça,duartemaria-isis@example.net,60,Tokelau,Family
7015,Pietro Andrade,borgesmariane@example.org,56,Cabo Verde,Free
7016,Emanuel Borges,epacheco@example.org,69,Ilhas Virgens Britânicas,Free
7017,Manuella Sampaio,mayada-costa@example.net,32,Mongólia,Family
7018,Gabrielly Mendes,qpires@example.com,50,Ilha Bouvet,Premium
7019,Bella Cardoso,da-cunhamanuella@example.org,45,Costa Rica,Family
7020,Paulo Guerra,pedrojesus@example.com,59,Bermudas,Premium
7021,Sr. Vitor Gabriel Lopes,rhavipinto@example.net,51,Etiópia,Family
7022,Bella Fogaça,camila78@example.net,48,Iraque,Free
7023,Dra. Marina Costela,ana-carolinamoura@example.com,19,Dinamarca,Family
7024,Srta. Allana Novaes,rcavalcante@example.org,66,Geórgia,Family
7025,Sophia da Cunha,da-cunhabenicio@example.org,26,Afeganistão,Premium
7026,André Sampaio,rfogaca@example.net,67,Polônia,Premium
7027,Laura Alves,leaohenry@example.org,55,Eritreia,Free
7028,José Miguel Machado,arthur53@example.com,25,Suécia,Premium
7029,Sra. Alícia Sousa,davi-miguelviana@example.org,66,Eslováquia,Premium
7030,Bianca Gonçalves,vporto@example.net,43,Ilhas Heard e McDonald,Free
7031,Ana Luiza da Rocha,erickpereira@example.org,19,Síria,Premium
7032,Sra. Ana Clara Cirino,alice57@example.com,45,Território Britânico do Oceano Índico,Free
7033,Guilherme Vieira,maria-luisasantos@example.net,39,Jersey,Free
7034,Alice da Mata,josueabreu@example.net,38,Groenlândia,Family
7035,Stephany Brito,luara33@example.com,59,Afeganistão,Family
7036,Danilo da Paz,maria-alicepimenta@example.net,70,Polônia,Free
7037,Ana Carolina Moreira,luna63@example.org,42,Burundi,Free
7038,Eloá Farias,levi82@example.net,63,Catar,Family
7039,Vitor Gabriel das Neves,henryjesus@example.com,23,Somália,Free
7040,Theo Cavalcanti,lguerra@example.net,43,Iraque,Premium
7041,Bruno Vasconcelos,da-motaalexandre@example.net,56,Granada,Free
7042,Dr. Ryan Cavalcante,cardosomaria-isis@example.com,26,Marrocos,Family
7043,Marcos Vinicius Machado,theo33@example.org,40,Jersey,Free
7044,Paulo Costela,wcorreia@example.net,37,Quênia,Free
7045,Isabela da Cunha,apollo16@example.net,20,Áustria,Free
7046,Dom Rezende,ccavalcante@example.org,60,Bulgária,Premium
7047,Gabriel Souza,cavalcantidante@example.net,60,Canadá,Premium
7048,Anna Liz Rezende,urodrigues@example.net,52,Togo,Family
7049,Luiz Felipe Brito,sophieda-paz@example.net,69,Montenegro,Family
7050,João Guilherme Alves,estermoura@example.org,22,Grécia,Free
7051,Ana Carolina Guerra,ilima@example.org,21,Uganda,Free
7052,Ana Julia Fonseca,balbuquerque@example.com,65,Coreia do Sul,Premium
7053,Letícia Moura,mferreira@example.net,61,Nova Zelândia,Premium
7054,Dr. Lucas Gabriel Abreu,apollo87@example.com,44,Território Britânico do Oceano Índico,Free
7055,Ana Julia Marques,jcavalcanti@example.net,44,Dhekelia,Free
7056,Bianca Borges,vsilva@example.net,48,Argélia,Premium
7057,Davi Lucas Pinto,da-rosaluara@example.net,54,Macau,Premium
7058,Srta. Maria Julia Montenegro,mmartins@example.com,46,Quiribáti,Premium
7059,Sr. João Felipe Mendes,qsilva@example.com,18,Geórgia,Free
7060,Yuri Correia,manuellamartins@example.org,22,Ilhas Marshall,Family
7061,Theodoro Barbosa,lucca03@example.org,62,Gana,Premium
7062,Erick Borges,fda-rocha@example.org,42,Bósnia e Herzegovina,Premium
7063,Sr. Rafael Borges,josue25@example.com,39,Gabão,Premium
7064,Samuel Carvalho,msantos@example.com,59,Dinamarca,Free
7065,Emanuella Nunes,da-luzdom@example.org,54,Andorra,Free
7066,Dr. Yan da Paz,costajulia@example.net,26,Bangladesh,Premium
7067,Isaac Moura,daniela99@example.net,68,Território Britânico do Oceano Índico,Premium
7068,Clara Dias,alvesjoana@example.org,44,Lituânia,Family
7069,Sra. Jade Aragão,gustavo-henriquecostela@example.com,66,Quênia,Family
7070,Melina Oliveira,murilo20@example.net,57,Suécia,Premium
7071,Dr. Kaique Vieira,lucas-gabrielborges@example.net,51,Mônaco,Family
7072,Sr. Vitor Gabriel Rios,bmendonca@example.org,55,Marianas do Norte,Free
7073,Liz da Cunha,antonionunes@example.org,37,Gabão,Free
7074,Anthony Lima,rdas-neves@example.com,25,Dhekelia,Family
7075,Maysa Câmara,cirinovinicius@example.net,64,Guiné Equatorial,Premium
7076,Isaac Andrade,da-pazisadora@example.net,51,Butão,Premium
7077,Dante da Mata,lpimenta@example.org,48,Macau,Family
7078,Sr. Fernando Fonseca,marcos-viniciusramos@example.com,60,Ilha Bouvet,Free
7079,Vinícius Caldeira,caroline23@example.net,25,Ilhas Virgens Americanas,Family
7080,Ísis Costela,usantos@example.net,43,Granada,Premium
7081,Cauê Sousa,dviana@example.com,57,Hong Kong,Premium
7082,Joana Brito,das-nevesjoao-guilherme@example.org,41,Trindade e Tobago,Free
7083,Gustavo da Cruz,cavalcantelavinia@example.com,43,São Vicente e Granadinas,Premium
7084,Dr. Cauê Garcia,maria-julia73@example.com,34,Groenlândia,Family
7085,Pietro Costela,ianaparecida@example.com,35,Chipre,Premium
7086,Ana Júlia Nogueira,nicole19@example.org,68,Turquia,Premium
7087,Maitê Araújo,emanuellasales@example.org,41,Barein,Premium
7088,Ana Júlia Araújo,enrico16@example.com,57,Uruguai,Free
7089,Cauê Aparecida,thiago14@example.com,41,Coreia do Norte,Premium
7090,Antony Silva,catarinamartins@example.com,18,Honduras,Family
7091,Maria Lopes,antonellamacedo@example.org,30,Afeganistão,Premium
7092,Emanuella Farias,joao-guilherme38@example.com,56,Tonga,Family
7093,Dra. Clarice Gomes,maysapinto@example.net,58,Niue,Free
7094,Beatriz Andrade,davipereira@example.com,24,Lituânia,Premium
7095,Isaque da Rosa,luiz-miguel82@example.org,44,Tokelau,Premium
7096,Lavínia da Mata,epinto@example.net,37,Ilhas Caiman,Family
7097,Vitor Hugo Sá,bgarcia@example.net,20,República Checa,Family
7098,Ravi Ferreira,fonsecaluiz-henrique@example.org,34,Finlândia,Free
7099,Guilherme Mendonça,marianalima@example.net,32,Reino Unido,Free
7100,Pedro Miguel Farias,eduardasantos@example.net,18,Jamaica,Free
7101,Dr. Matheus Nascimento,santosaylla@example.com,21,São Tomé e Príncipe,Family
7102,Thomas Leão,moreiraeduarda@example.org,43,Luxemburgo,Free
7103,Srta. Bruna Correia,ygarcia@example.com,65,Nauru,Free
7104,Maria Sophia Costela,aragaokevin@example.net,44,Taiwan,Family
7105,Ana Laura Novaes,mendesjulia@example.org,38,Egito,Free
7106,Dra. Rebeca Lopes,josemoraes@example.com,51,Salvador,Free
7107,Brenda Guerra,luiz-fernando30@example.net,22,Papua-Nova Guiné,Free
7108,Antônio Nunes,ana-vitoria30@example.com,68,Polônia,Premium
7109,Marcela Gonçalves,vgomes@example.net,52,Seicheles,Family
7110,Ryan da Cruz,da-conceicaofernando@example.org,65,Finlândia,Family
7111,Laís Fonseca,yaraujo@example.org,57,Maurícia,Free
7112,Ana Luiza Novais,fernanda98@example.net,19,Grécia,Family
7113,Ana Júlia Farias,hadassa60@example.com,39,Haiti,Free
7114,Yasmin da Mota,liamgomes@example.net,37,Eritreia,Free
7115,Vitor Cardoso,daparecida@example.org,29,Território Britânico do Oceano Índico,Free
7116,Dr. Ravi Souza,iandrade@example.org,41,Bósnia e Herzegovina,Family
7117,Lorenzo Garcia,zpimenta@example.net,60,Argentina,Family
7118,Raul Duarte,sapietro@example.com,42,Jordânia,Premium
7119,Alexandre Araújo,sabrinacassiano@example.net,51,Roménia,Free
7120,Laura Vasconcelos,esterda-rocha@example.com,69,Iraque,Premium
7121,Eloah Porto,marquesemanuel@example.com,21,Macedônia do Norte,Family
7122,Pedro Miguel Aparecida,andre11@example.org,18,São Cristóvão e Neves,Free
7123,Ryan Rocha,ibarbosa@example.org,26,Irlanda,Family
7124,Emanuelly Pastor,henry-gabriel33@example.org,18,Coreia do Norte,Family
7125,Joaquim Casa Grande,mariane62@example.net,19,Dhekelia,Premium
7126,Heloisa Pereira,cgoncalves@example.org,46,Eslovênia,Free
7127,Zoe da Mota,gabriel47@example.net,69,Finlândia,Premium
7128,Leandro Campos,lopesravy@example.org,70,Samoa,Family
7129,José Pedro Sales,pazevedo@example.net,40,Grécia,Family
7130,Carolina Sá,stella20@example.com,41,São Vicente e Granadinas,Family
7131,Yuri Aragão,lais17@example.org,31,Paracel Islands,Premium
7132,Luísa Pereira,maysa27@example.net,45,Territórios Austrais Franceses,Premium
7133,Natália Rezende,helena73@example.com,65,Comores,Family
7134,Lorena Nunes,alice41@example.com,38,Omã,Family
7135,Pedro Miguel Lopes,lunnasantos@example.com,20,Timor Leste,Free
7136,Nina Alves,melinamachado@example.com,67,Iraque,Family
7137,Gabrielly Macedo,calebpastor@example.net,47,Israel,Free
7138,Ana Beatriz Freitas,zsa@example.com,67,Turquemenistão,Family
7139,Srta. Alexia Caldeira,milena86@example.net,53,Madagascar,Premium
7140,Vinícius Barros,mrezende@example.net,38,Geórgia do Sul e Sandwich do Sul,Family
7141,Srta. Isabel Peixoto,luancunha@example.org,70,Noruega,Premium
7142,Benjamim Alves,luiz-otavio02@example.com,22,Albânia,Family
7143,Dr. Théo Gomes,mariahsa@example.org,45,Vaticano,Premium
7144,Brenda Pires,mendesmateus@example.net,39,Kuwait,Premium
7145,Milena Caldeira,maria-laura36@example.org,24,Guatemala,Free
7146,Camila Brito,pereiragabriel@example.org,40,Samoa Americana,Free
7147,Guilherme Mendonça,luizacirino@example.org,60,Mauritânia,Family
7148,Juan Araújo,aragaodom@example.net,67,Coral Sea Islands,Free
7149,Maysa Cunha,macedomaria-helena@example.net,47,Namíbia,Family
7150,Liz Macedo,theonogueira@example.org,60,Mali,Premium
7151,Ester Silva,maria-cecilia25@example.org,46,Irlanda,Family
7152,Manuela da Cruz,ana-liz94@example.org,48,Comores,Premium
7153,Rael Mendes,leandro88@example.net,48,Marianas do Norte,Premium
7154,Luana Duarte,borgesmaite@example.org,46,Uganda,Premium
7155,Sr. Arthur Miguel Cavalcanti,marcos-viniciuspeixoto@example.com,33,Mongólia,Family
7156,Marcelo Câmara,wmonteiro@example.org,68,Macau,Free
7157,Rafael Sousa,enzoda-paz@example.org,47,Cuba,Free
7158,Thales Sousa,eduardoazevedo@example.org,59,Nova Caledónia,Premium
7159,Gael Cirino,bernardogoncalves@example.com,24,Áustria,Family
7160,Ágatha Ramos,emanuella64@example.net,62,Vietnam,Family
7161,Heloisa Azevedo,aylasilveira@example.com,61,Japão,Free
7162,Ana Cecília Albuquerque,upimenta@example.net,30,Nova Zelândia,Premium
7163,Antônio Moraes,da-cruzana-laura@example.net,64,Sudão,Free
7164,Bárbara da Paz,cda-conceicao@example.net,34,República Centro-Africana,Family
7165,Aylla Rios,maria-clarasales@example.com,29,Lituânia,Premium
7166,Enzo Gabriel Montenegro,hda-luz@example.org,34,Letônia,Premium
7167,Dra. Lara Almeida,marcela58@example.org,67,Eslováquia,Family
7168,Sra. Ísis Souza,jpereira@example.com,23,Eslovênia,Premium
7169,Ester Silva,auroragarcia@example.net,65,Reino Unido,Free
7170,Manuela Lima,natalia87@example.net,66,Tailândia,Family
7171,Cauã Costa,cunhamaya@example.net,29,Mongólia,Free
7172,Alice Camargo,amelo@example.net,37,Seicheles,Premium
7173,Sr. Gustavo Teixeira,duarteemanuelly@example.com,44,Ilhas Virgens Britânicas,Family
7174,Maria Isis Gomes,jade97@example.com,25,Bósnia e Herzegovina,Premium
7175,Maria Eduarda da Mota,dbrito@example.com,38,Zâmbia,Free
7176,Vitor Hugo Casa Grande,fteixeira@example.com,48,Arábia Saudita,Premium
7177,Maria Liz Borges,danielamachado@example.net,41,São Marinho,Family
7178,Isabella Duarte,pereirabarbara@example.com,66,França,Free
7179,Benjamim Mendonça,yurinovaes@example.net,25,Marrocos,Free
7180,Ester Campos,aalmeida@example.net,59,Dhekelia,Free
7181,Sr. Henry Cavalcanti,vargasalexandre@example.net,60,Ashmore and Cartier Islands,Premium
7182,Carolina Mendes,pereiratheodoro@example.org,37,Sudão,Premium
7183,Ágatha Sá,josueaparecida@example.org,40,Armênia,Family
7184,Arthur Miguel Vieira,olivia62@example.org,60,Cuba,Premium
7185,Larissa Vieira,augustoporto@example.net,31,Trindade e Tobago,Premium
7186,Ana Liz Costa,mendesmaria-isis@example.com,26,Tanzânia,Free
7187,Thiago Fogaça,mathias83@example.net,32,Usbequistão,Free
7188,Sofia Moreira,esiqueira@example.org,44,Egito,Premium
7189,Ravi Sales,xcamargo@example.com,62,São Vicente e Granadinas,Family
7190,Marcelo Nogueira,ana-ceciliaoliveira@example.com,49,Palau,Family
7191,Emanuel Jesus,scirino@example.com,26,Guiné Equatorial,Premium
7192,Cecília Mendes,liam60@example.org,40,Panamá,Free
7193,Isadora Lopes,ana-luizada-cruz@example.net,39,Malásia,Free
7194,Sarah Aragão,oliver08@example.org,25,Indonésia,Family
7195,Dr. Kaique Cassiano,anthony-gabriel72@example.net,23,Argentina,Premium
7196,Laís Silveira,vargasgabriel@example.net,23,São Pedro e Miquelon,Free
7197,Luiz Gustavo Rios,diogofernandes@example.net,37,Palau,Free
7198,Isaque Cavalcante,vianasarah@example.com,64,África do Sul,Family
7199,Srta. Ana Dias,melissapastor@example.org,25,Nova Caledónia,Family
7200,Breno Câmara,luna04@example.net,25,Singapura,Family
7201,Dr. João Vitor Caldeira,mariahsa@example.com,44,Wallis e Futuna,Free
7202,Srta. Melissa Cirino,ana-julia13@example.net,40,Grécia,Family
7203,Otávio Moreira,laura34@example.org,69,Bielorrússia,Family
7204,João Lucas Mendes,mendesagatha@example.com,64,Domínica,Family
7205,Luana Gonçalves,cirinooliver@example.com,30,Afeganistão,Free
7206,Kamilly Rodrigues,da-pazsamuel@example.org,54,Níger,Free
7207,Sra. Letícia da Mata,laragao@example.net,49,Quênia,Premium
7208,Rebeca Brito,barbaramoura@example.com,41,Bermudas,Premium
7209,Pedro Henrique Cassiano,xcostela@example.net,43,Ilha de Man,Family
7210,Ana Luiza Leão,naragao@example.net,43,Dhekelia,Premium
7211,Kaique Nogueira,sofia33@example.com,26,Dinamarca,Free
7212,Sr. Francisco Novais,silvayuri@example.org,62,Salvador,Premium
7213,Maria Silva,usantos@example.com,40,Burquina Faso,Premium
7214,Isabela Sampaio,tcamargo@example.net,36,Suíça,Premium
7215,Ana Clara Campos,silveiraana-sophia@example.org,33,São Marinho,Premium
7216,José Mendes,renan82@example.org,26,Guernsey,Premium
7217,Evelyn Montenegro,ana-beatrizfonseca@example.com,64,Marrocos,Free
7218,Stella da Paz,theodoro12@example.com,29,Argélia,Family
7219,Ísis Cirino,brenda88@example.com,67,Polinésia Francesa,Premium
7220,Danilo Almeida,davisilva@example.com,56,Bulgária,Premium
7221,Dr. Ravi Ramos,yuri57@example.net,53,Ilhas dos Cocos,Family
7222,Daniela Azevedo,lrocha@example.net,20,República Centro-Africana,Family
7223,Yuri Aragão,vargasmariane@example.com,55,Gabão,Premium
7224,Luiz Otávio Pinto,silveirabruno@example.com,57,Tanzânia,Free
7225,Matheus Melo,teixeiracalebe@example.org,18,Nova Zelândia,Family
7226,Kaique Mendonça,maria-isisvargas@example.net,37,Santa Helena,Family
7227,Gabriela Cavalcante,bernardo01@example.com,21,Dinamarca,Free
7228,Benjamim Garcia,fernandoferreira@example.com,58,Pitcairn,Premium
7229,Srta. Olivia Duarte,scardoso@example.com,54,São Cristóvão e Neves,Premium
7230,Theodoro Oliveira,kmelo@example.com,41,Marrocos,Premium
7231,Mathias Nogueira,matteo05@example.net,52,Gâmbia,Premium
7232,Murilo Freitas,icaldeira@example.org,44,Maurícia,Family
7233,Alexia Pinto,wcirino@example.net,50,Gabão,Family
7234,Gabriela Pacheco,kamillygomes@example.net,62,Marianas do Norte,Family
7235,Dr. Leonardo Sá,luiza91@example.org,25,Paquistão,Free
7236,Lorenzo Aragão,gabriel58@example.org,41,Costa do Marfim,Family
7237,Luiz Miguel Viana,bernardocunha@example.net,26,Ilha de Man,Free
7238,Dom Gonçalves,claricefernandes@example.org,45,Vaticano,Family
7239,Lavínia Lopes,yasmin59@example.org,35,Polônia,Family
7240,João Pedro Siqueira,siqueiraliz@example.com,30,Honduras,Free
7241,Srta. Sophia Câmara,alvesgael@example.net,27,Nova Zelândia,Premium
7242,Kaique Leão,davi-luiz64@example.org,48,Suriname,Free
7243,Evelyn Borges,gcorreia@example.org,53,Tuvalu,Family
7244,Breno Rezende,renanmachado@example.net,49,Chipre,Family
7245,Carolina das Neves,nicolasda-luz@example.com,50,Quiribáti,Free
7246,Marcelo Carvalho,julia21@example.net,52,Taiwan,Family
7247,Dra. Maysa Viana,njesus@example.com,41,Egito,Premium
7248,Isabella Pacheco,matheus29@example.net,46,México,Free
7249,Vinícius Casa Grande,andre77@example.net,58,Guernsey,Premium
7250,Maria Fernanda Freitas,sofiamarques@example.net,69,São Pedro e Miquelon,Free
7251,Elisa Gonçalves,nascimentoester@example.org,18,Salvador,Free
7252,Srta. Clarice Cavalcanti,fonsecaian@example.net,21,Egito,Family
7253,Heloísa Siqueira,ferreiradavi-lucca@example.com,53,Jibuti,Family
7254,Giovanna Sá,ugomes@example.net,49,Comores,Free
7255,Mateus da Cunha,henry-gabriel52@example.org,54,Egito,Free
7256,Henrique Araújo,ymontenegro@example.org,29,Akrotiri,Free
7257,Sra. Beatriz Moraes,ecunha@example.net,39,Vaticano,Family
7258,Nina Vargas,azevedozoe@example.org,43,Irlanda,Free
7259,João Miguel Silva,ana-laura89@example.net,21,Suécia,Free
7260,Dr. Murilo Nogueira,gomesisaac@example.com,60,Burundi,Free
7261,Sra. Olivia Dias,maria89@example.org,41,Ashmore and Cartier Islands,Free
7262,Heloisa da Cruz,siqueiraana-beatriz@example.net,57,Jan Mayen,Family
7263,Sra. Lara Viana,thomasmoreira@example.net,48,São Tomé e Príncipe,Free
7264,Murilo Jesus,caiosales@example.net,45,Peru,Free
7265,Sra. Letícia Correia,luna95@example.net,38,Dinamarca,Premium
7266,Ana Luiza Ramos,pintovinicius@example.net,49,Tokelau,Family
7267,Ana Sophia Cassiano,manuellada-rocha@example.com,25,Nova Caledónia,Free
7268,Gabriel Leão,maria-clara04@example.com,67,Macedônia do Norte,Free
7269,Nina Viana,lucca67@example.net,25,Serra Leoa,Premium
7270,Sr. Yan Oliveira,marcelaazevedo@example.com,43,Filipinas,Premium
7271,Antonella Caldeira,alice19@example.com,52,Camarões,Family
7272,Sr. Thiago Ferreira,bernardopastor@example.com,64,Dinamarca,Premium
7273,João Gabriel Duarte,pda-mata@example.net,26,Akrotiri,Premium
7274,Lavínia Costela,joao-felipejesus@example.com,27,Geórgia do Sul e Sandwich do Sul,Premium
7275,Ana Liz Castro,nogueiraemilly@example.org,60,Argentina,Free
7276,Mateus Campos,vianamathias@example.com,42,Sara Ocidental,Premium
7277,Ravi Lucca da Cunha,sara04@example.com,51,Costa do Marfim,Family
7278,Vicente Machado,xda-cunha@example.net,66,Dhekelia,Premium
7279,Ana Júlia Fonseca,msilva@example.net,55,Japão,Premium
7280,Arthur Gabriel Moreira,salesaugusto@example.com,50,Tunísia,Premium
7281,Helena Pastor,valentina03@example.net,45,Serra Leoa,Premium
7282,Luiz Henrique Pacheco,brodrigues@example.org,31,Costa do Marfim,Family
7283,Kaique Costa,nnovais@example.net,20,Bahamas,Premium
7284,Dr. Davi Miguel Araújo,rebecarezende@example.org,23,Birmânia,Family
7285,Emanuel Melo,hleao@example.com,60,Costa do Marfim,Free
7286,Maria Vitória Rocha,gcarvalho@example.com,36,Groenlândia,Free
7287,Srta. Ana Clara da Mata,wsampaio@example.net,40,França,Free
7288,Dr. Emanuel Jesus,agatha76@example.org,35,Coral Sea Islands,Premium
7289,Sr. Daniel Ribeiro,xda-paz@example.com,46,Anguila,Family
7290,Sra. Kamilly Cavalcante,mendesyago@example.com,66,Líbano,Family
7291,Hellena Gonçalves,nathansousa@example.org,53,Níger,Family
7292,Lívia Machado,lucas-gabrielmacedo@example.com,66,Butão,Premium
7293,Matteo Cassiano,lunada-costa@example.net,41,Senegal,Family
7294,Srta. Eloá Moura,erickbarbosa@example.net,39,Alemanha,Free
7295,Marcos Vinicius Melo,isisborges@example.net,54,Polônia,Free
7296,Samuel Castro,kdas-neves@example.com,29,Bangladesh,Premium
7297,Dr. Pedro Garcia,cunhamaite@example.com,30,Hong Kong,Free
7298,Ian Caldeira,da-cunhabenjamim@example.com,18,Portugal,Family
7299,Isabel da Paz,fernandesjoana@example.org,43,Polônia,Family
7300,Ravi Lucca Barbosa,marcelosa@example.net,43,Bulgária,Family
7301,Dr. Levi Fernandes,luiz-henriquebrito@example.net,40,Jan Mayen,Premium
7302,Heloisa Garcia,theocaldeira@example.org,52,Antígua e Barbuda,Free
7303,Laura Pires,rochalavinia@example.net,40,Chipre,Free
7304,Dr. Levi Machado,luarasouza@example.com,27,Moçambique,Free
7305,Mathias Vieira,gabriellycasa-grande@example.com,47,Quênia,Family
7306,Sr. Enzo Gabriel Souza,dnovais@example.net,26,Polônia,Family
7307,Sra. Agatha Cunha,vargascarolina@example.org,21,Congo-Brazzaville,Free
7308,Yasmin Macedo,aliciada-luz@example.net,39,Vietnam,Family
7309,Sr. João Guilherme Montenegro,vmelo@example.org,27,Nauru,Free
7310,Valentina Moura,vribeiro@example.org,57,Islândia,Free
7311,Larissa Barros,pvasconcelos@example.net,39,Senegal,Free
7312,Ana Beatriz Carvalho,ferreirafernando@example.org,69,Antígua e Barbuda,Premium
7313,Luigi Rodrigues,cavalcanteemanuel@example.com,50,Serra Leoa,Free
7314,Maria Laura Novais,tda-cruz@example.com,64,Nicarágua,Premium
7315,Henry Gabriel da Rocha,luiz-gustavomarques@example.net,26,Itália,Family
7316,Stella Rezende,juliacirino@example.net,52,Líbia,Premium
7317,Natália Abreu,jlima@example.net,37,Uganda,Premium
7318,Giovanna Vasconcelos,da-mataisabela@example.com,44,Maldivas,Premium
7319,Melissa Macedo,cavalcantiian@example.net,35,Turquia,Premium
7320,Apollo Casa Grande,rodriguesnatalia@example.com,18,Timor Leste,Premium
7321,Maria Fernanda Oliveira,apollo67@example.com,43,Alemanha,Premium
7322,Fernando Pinto,glima@example.net,59,Nigéria,Free
7323,Fernanda Cunha,alexiafarias@example.org,64,Gâmbia,Family
7324,Olívia Moreira,cardosoluiz-felipe@example.com,27,Madagascar,Family
7325,Davi Cardoso,uda-paz@example.org,63,Zâmbia,Free
7326,Mateus Carvalho,cavalcantimaria-julia@example.net,22,Svalbard e Jan Mayen,Free
7327,Eloá Ferreira,hmarques@example.org,30,Quênia,Family
7328,João Guilherme Fogaça,melodavi-lucca@example.org,47,Suriname,Free
7329,Clarice da Luz,leandro16@example.com,58,Azerbaijão,Family
7330,Laís da Rosa,guilherme86@example.org,30,Sudão,Family
7331,Yago Pinto,cirinoisabelly@example.net,39,Bolívia,Free
7332,Fernando Nogueira,maria-julialopes@example.org,43,Svalbard e Jan Mayen,Premium
7333,Sr. Yan Viana,ana-carolinamoura@example.com,19,Montenegro,Premium
7334,Dra. Amanda Cunha,emanuellysiqueira@example.net,64,Chade,Free
7335,Luiza Cirino,silvaleonardo@example.com,37,Suazilândia,Free
7336,Brenda Correia,ipimenta@example.com,27,República Centro-Africana,Family
7337,Ana Liz Abreu,da-matastephany@example.org,50,Argélia,Family
7338,Isaque Pinto,jlima@example.com,36,Domínica,Free
7339,Raul Alves,xfarias@example.net,21,Nauru,Free
7340,Liam da Costa,smelo@example.org,38,Egito,Free
7341,Olivia Abreu,isaque77@example.net,61,Anguila,Premium
7342,Yuri Siqueira,joao-vitor83@example.com,52,Pitcairn,Free
7343,Dr. Luan Ribeiro,yan16@example.org,30,Cazaquistão,Free
7344,Noah Pacheco,yasmin44@example.org,51,Zâmbia,Premium
7345,Luna Teixeira,rodriguesmiguel@example.com,33,Dinamarca,Free
7346,Alícia Silva,ottoaparecida@example.net,40,Venezuela,Premium
7347,Eduarda Mendes,yleao@example.net,38,Gana,Free
7348,Dr. João Guilherme Moreira,duarteantonio@example.net,25,São Vicente e Granadinas,Premium
7349,Emilly Gonçalves,henrique81@example.org,29,Nova Caledónia,Family
7350,Theo Jesus,da-pazbenjamim@example.com,66,Reino Unido,Family
7351,Henrique Sales,gcostela@example.com,51,Barein,Premium
7352,Rafael das Neves,melocarolina@example.org,52,Iraque,Premium
7353,Olivia Abreu,isaac14@example.net,67,Niue,Family
7354,Davi Luiz Alves,alexiaaraujo@example.net,61,Venezuela,Family
7355,Clarice Alves,calebcavalcanti@example.com,66,Egito,Free
7356,Lorenzo Cavalcante,ana-juliaviana@example.org,62,Vietnam,Premium
7357,Mateus da Conceição,lara92@example.org,50,Áustria,Free
7358,Marcela Pereira,da-costayago@example.net,37,Gabão,Family
7359,Luigi Pacheco,joao-lucasda-luz@example.com,56,Paracel Islands,Premium
7360,João Felipe Cavalcante,kaiqueribeiro@example.com,61,Arábia Saudita,Family
7361,Ryan Rocha,arthurpinto@example.net,67,Venezuela,Free
7362,Ana Moura,albuquerquegustavo@example.org,62,Geórgia,Family
7363,Dra. Luana da Costa,pduarte@example.org,49,Marianas do Norte,Premium
7364,Dra. Maria Helena Marques,da-pazarthur-gabriel@example.com,41,Luxemburgo,Free
7365,Srta. Alexia Fernandes,amoreira@example.net,19,Reino Unido,Family
7366,Maya Barbosa,jcasa-grande@example.com,50,Alemanha,Premium
7367,Rafaela Silva,britoana-sophia@example.org,64,Tonga,Premium
7368,Dra. Julia Ribeiro,epires@example.com,39,Macau,Family
7369,Heloísa Ribeiro,fernando92@example.net,34,Bahamas,Premium
7370,Ana Cecília Silveira,ravi-lucca80@example.net,31,Gana,Family
7371,Carolina Lopes,jademarques@example.net,58,Mauritânia,Family
7372,Mariah Silva,bfogaca@example.net,46,Angola,Premium
7373,Emanuel Lopes,yalmeida@example.org,28,Ashmore and Cartier Islands,Family
7374,Melissa Correia,domandrade@example.org,59,Japão,Premium
7375,Júlia Fonseca,caua48@example.org,26,Panamá,Premium
7376,Manuella Albuquerque,pmartins@example.net,53,Santa Lúcia,Free
7377,Davi Lucas Ferreira,barbosathomas@example.net,54,Peru,Free
7378,Sra. Melissa Borges,caldeiraantony@example.net,55,Paracel Islands,Family
7379,Theo Barbosa,vargasjuan@example.com,21,Tailândia,Family
7380,Kamilly Ferreira,rcampos@example.net,64,Faroé,Family
7381,Ana Cecília Abreu,diegodas-neves@example.com,30,Uruguai,Family
7382,Gael Sampaio,garciaisis@example.net,66,Somália,Premium
7383,Rodrigo Viana,anna-liznascimento@example.org,40,Honduras,Family
7384,Lívia Pinto,gjesus@example.org,59,Nova Zelândia,Family
7385,Felipe Novais,brenocirino@example.com,60,São Cristóvão e Neves,Premium
7386,Ana Cecília Ramos,kaiquenunes@example.net,52,Espanha,Family
7387,Juan Moura,caldeirajoao-felipe@example.net,38,Trindade e Tobago,Premium
7388,Alícia Rezende,lunna54@example.net,49,Senegal,Family
7389,Gabrielly Duarte,gmontenegro@example.org,41,Botsuana,Premium
7390,Isabela Sales,vpires@example.com,32,República Checa,Family
7391,Luana Fonseca,yanlima@example.com,55,Itália,Family
7392,Enzo Gabriel Novais,kmoura@example.net,56,São Cristóvão e Neves,Family
7393,Thomas Guerra,ymoreira@example.org,28,Brunei,Family
7394,Kamilly Moreira,mayamontenegro@example.net,61,Mauritânia,Free
7395,Dr. Lucas Gabriel Fernandes,garcialuiza@example.net,61,Colômbia,Premium
7396,Danilo Moreira,zcassiano@example.org,46,Aruba,Free
7397,Manuela da Cunha,valentimandrade@example.com,60,Iraque,Family
7398,Luísa Mendonça,davi-luccaviana@example.net,29,Ilhas Turcas e Caicos,Family
7399,Maria Luísa Cavalcanti,pintoanthony@example.net,65,Ilhas Heard e McDonald,Free
7400,Lara Ramos,yanda-mota@example.net,53,Libéria,Family
7401,Marcelo Vasconcelos,vianavinicius@example.net,27,Egito,Premium
7402,Amanda Santos,jadelima@example.org,20,Islândia,Premium
7403,Levi Pacheco,mendesmaria-luisa@example.com,46,Belize,Family
7404,Sr. Theodoro Pacheco,ana-lauracamara@example.net,36,Lesoto,Family
7405,Marina Barros,casa-grandemilena@example.org,49,Dhekelia,Premium
7406,Luara Pinto,ana-juliamendonca@example.org,25,Mônaco,Premium
7407,Thiago Cavalcante,joao-guilhermesiqueira@example.net,51,Guiana,Family
7408,Sophia Souza,zmoraes@example.net,55,Peru,Family
7409,Maria Eduarda Alves,leonardocastro@example.org,27,Argélia,Family
7410,Dra. Olívia Ferreira,biancalima@example.net,42,Monserrate,Free
7411,Sr. Diego Almeida,mrodrigues@example.net,56,Dhekelia,Premium
7412,Maria Luísa Monteiro,lopesmurilo@example.com,67,Ilhas dos Cocos,Free
7413,Luiz Miguel Campos,ramoscecilia@example.org,56,Equador,Family
7414,Ana Carolina da Luz,flopes@example.com,59,Gana,Family
7415,Gabrielly Moreira,kcaldeira@example.net,33,Canadá,Family
7416,Maria Luiza Brito,salesana@example.net,43,Itália,Free
7417,Enzo Guerra,rhavi05@example.org,69,Venezuela,Free
7418,Dr. Marcos Vinicius Pereira,heloisa26@example.net,42,Eslovênia,Free
7419,Cecilia Campos,knovaes@example.net,45,Ilhas Turcas e Caicos,Premium
7420,Bella Rezende,caroline23@example.com,18,Polônia,Free
7421,Alexia Mendes,pda-cunha@example.net,57,Vanuatu,Family
7422,Srta. Maria Clara da Mota,isis53@example.net,62,Mauritânia,Family
7423,Agatha Ribeiro,apolloalbuquerque@example.net,62,Israel,Free
7424,Dr. Luigi Brito,elisafernandes@example.net,58,Barbados,Free
7425,Luara Aparecida,fogacamaite@example.net,58,Panamá,Free
7426,Ana Júlia Ramos,saleandro@example.net,35,Chile,Premium
7427,Apollo Campos,rmoreira@example.net,64,Maurícia,Free
7428,Isabela Cunha,casa-grandeester@example.net,67,Estônia,Free
7429,Mathias da Costa,vdias@example.com,58,Montenegro,Free
7430,Ana Luiza Barros,daniel00@example.org,53,Jordânia,Premium
7431,Ísis Pires,srezende@example.net,53,Ilha Wake,Family
7432,Sara Farias,grezende@example.com,54,Jamaica,Free
7433,Jade Nogueira,ramosmaria-alice@example.org,30,Antígua e Barbuda,Family
7434,Isabella Sales,vitor-hugocunha@example.org,31,África do Sul,Free
7435,Fernanda Pereira,luanlopes@example.org,30,Croácia,Free
7436,Pedro Ribeiro,juanpeixoto@example.com,40,Croácia,Free
7437,Ana Beatriz Carvalho,henry-gabrielpinto@example.org,70,Cuba,Family
7438,Laís Campos,emillybarros@example.net,34,Niue,Free
7439,Ravi das Neves,pmendonca@example.net,37,Costa do Marfim,Premium
7440,Ana Vitória Montenegro,vargaslorenzo@example.net,66,Iraque,Family
7441,Sr. Danilo Vieira,emanuellysiqueira@example.org,28,Estados Unidos,Premium
7442,Gabriela Campos,alexiapereira@example.org,48,Turquia,Free
7443,Vicente Nunes,brendapires@example.org,47,Macedônia do Norte,Premium
7444,Sr. Luiz Gustavo Caldeira,ocasa-grande@example.com,44,Tailândia,Family
7445,Theo Monteiro,fabreu@example.org,61,Líbano,Free
7446,Luiz Henrique Albuquerque,kamillyvargas@example.org,48,Suazilândia,Free
7447,Milena da Rocha,qmacedo@example.org,61,Coreia do Norte,Free
7448,Ester Campos,leaoana-julia@example.com,35,Guiné,Premium
7449,Theo Monteiro,joao-miguel78@example.org,46,Chade,Family
7450,Nathan Nascimento,hjesus@example.net,23,Mônaco,Family
7451,Davi Luiz Fogaça,gomesmaysa@example.net,67,Síria,Family
7452,Miguel Nascimento,raul32@example.org,64,Cuba,Premium
7453,Srta. Melissa das Neves,lmendes@example.net,69,Ilhas Cook,Premium
7454,Marcos Vinicius Sousa,joao-lucasmartins@example.com,51,Domínica,Free
7455,Nicolas Porto,ana-claramendes@example.org,25,Tanzânia,Free
7456,Sr. Rael Ferreira,bianca66@example.com,67,México,Premium
7457,Aurora Pires,marquesmaria@example.com,66,Ilhas Virgens Britânicas,Family
7458,Gabriel da Costa,caldeiradaniela@example.org,53,Burquina Faso,Family
7459,Esther Porto,uda-luz@example.net,56,Guernsey,Family
7460,João Felipe Rezende,maria-clara61@example.org,43,Arábia Saudita,Family
7461,Maria Helena Rios,matheus20@example.net,65,Montenegro,Premium
7462,Eloá Martins,kfreitas@example.net,50,Bolívia,Premium
7463,Maria Clara Cavalcanti,pastordavi-lucas@example.org,19,Geórgia,Free
7464,Asafe Costa,liviamonteiro@example.org,31,Jibuti,Family
7465,Davi Miguel Moura,laisda-mata@example.com,23,Sudão,Family
7466,Apollo Duarte,danilo99@example.net,47,Macedônia do Norte,Family
7467,Stella Fogaça,nunesoliver@example.com,20,Nigéria,Premium
7468,Dra. Maria Isis Cardoso,pastorjuliana@example.com,49,Sara Ocidental,Premium
7469,Sarah Nunes,moreiraravi@example.org,35,Canadá,Family
7470,Ana Porto,qviana@example.com,59,Colômbia,Family
7471,Vinicius Almeida,nina37@example.org,19,Irlanda,Premium
7472,Júlia Camargo,rael08@example.com,69,Rússia,Premium
7473,Enzo Gabriel Abreu,lais25@example.com,30,Nigéria,Free
7474,Dra. Mariane da Mata,montenegromaria-liz@example.com,43,Gibraltar,Premium
7475,Maya Monteiro,gcarvalho@example.net,57,Gabão,Premium
7476,João Miguel Barros,nogueiraguilherme@example.org,47,Burquina Faso,Premium
7477,Luna Lima,tcaldeira@example.org,20,Samoa,Family
7478,Yuri da Mota,hporto@example.org,34,Vietnam,Family
7479,Vinicius Barbosa,pedro-lucasalbuquerque@example.net,33,Guiné,Premium
7480,Sra. Isabella Pimenta,cunhacaroline@example.com,59,Bulgária,Family
7481,Lucca da Rosa,evelynda-mata@example.org,40,Azerbaijão,Free
7482,Luiz Felipe Machado,andre88@example.org,46,México,Family
7483,Dante Alves,eda-cunha@example.com,44,Malávi,Free
7484,Dom Araújo,lizporto@example.org,52,Bósnia e Herzegovina,Premium
7485,Valentina Ferreira,emanuelly09@example.net,25,Suriname,Premium
7486,Catarina Moraes,krezende@example.net,45,Estados Unidos,Premium
7487,Sr. Danilo Freitas,emanuel60@example.net,52,Aruba,Free
7488,Antony Brito,nunesfernanda@example.org,40,Nauru,Premium
7489,Augusto Pereira,silveiramaria-clara@example.org,68,Guam,Family
7490,Bárbara Fernandes,aparecidaliam@example.org,36,Croácia,Free
7491,Kevin Rocha,lavinia81@example.net,59,Groenlândia,Family
7492,Sr. Rael Fonseca,vasconcelosleticia@example.org,68,Sara Ocidental,Free
7493,Lara Aparecida,ramosisaac@example.com,64,Timor Leste,Free
7494,Ana Laura Araújo,cecilialeao@example.org,23,Quiribáti,Premium
7495,Hadassa Fernandes,joao-lucas37@example.com,60,Somália,Family
7496,Heitor Cavalcanti,portoravy@example.net,69,Trindade e Tobago,Premium
7497,Eloah Ribeiro,martinsjose@example.net,46,Ilhas Salomão,Premium
7498,Mateus Moura,davi-miguelsilva@example.net,18,Gabão,Family
7499,Arthur Miguel Novaes,valentim98@example.com,42,Polônia,Free
7500,Sr. Rafael Almeida,oliver77@example.net,57,São Vicente e Granadinas,Premium
7501,Henry Castro,fnovais@example.com,35,Líbia,Free
7502,Sr. José Guerra,falmeida@example.net,46,Coral Sea Islands,Family
7503,Maria Julia Oliveira,vasconcelosalexia@example.net,27,Jamaica,Free
7504,Luara Farias,ravi-lucca11@example.org,65,Marrocos,Family
7505,José Pedro Aragão,salesjoao-miguel@example.org,20,Jersey,Family
7506,Kevin Castro,emilly62@example.net,36,Sri Lanka,Free
7507,Marcelo Brito,laura81@example.com,57,Usbequistão,Premium
7508,Levi das Neves,da-cruzdiego@example.net,28,Costa Rica,Free
7509,Eduardo das Neves,carvalhogiovanna@example.org,33,Ucrânia,Free
7510,Oliver Andrade,eloahpacheco@example.net,28,Tailândia,Family
7511,Vitor Nogueira,liviapinto@example.com,41,Cuba,Family
7512,Alana da Mota,ninaalmeida@example.com,54,Tuvalu,Family
7513,Henry da Luz,martinscarlos-eduardo@example.org,65,Timor Leste,Free
7514,Dra. Manuella Marques,andradeheloisa@example.net,60,Quênia,Family
7515,Vinícius Marques,nicole45@example.com,49,Níger,Family
7516,Rhavi Ramos,grezende@example.com,70,União Europeia,Family
7517,Bryan Andrade,lvargas@example.org,29,Egito,Family
7518,Maya Nogueira,araujovalentina@example.org,69,Chile,Premium
7519,Mateus Dias,vitorda-mota@example.org,64,Tonga,Premium
7520,Augusto da Rocha,qda-conceicao@example.org,29,Cabo Verde,Free
7521,Bruno Gomes,diogoda-luz@example.net,30,Chipre,Premium
7522,Breno Silva,eabreu@example.com,50,Trindade e Tobago,Family
7523,Anthony Oliveira,da-conceicaoana-liz@example.net,68,Costa do Marfim,Premium
7524,Henrique Sousa,nicolas22@example.com,53,Akrotiri,Family
7525,Bruno Dias,marianefreitas@example.org,62,Congo-Kinshasa,Family
7526,João Pedro Pinto,elisamonteiro@example.com,51,Mali,Family
7527,Hellena Pimenta,arthur63@example.com,53,Porto Rico,Free
7528,Miguel Sampaio,joao74@example.org,61,Grécia,Family
7529,Lara Nogueira,arthur-gabriel46@example.org,67,Quênia,Free
7530,Rafael Melo,hellena01@example.org,53,Cabo Verde,Premium
7531,Maria Alice Ribeiro,grezende@example.net,19,Polinésia Francesa,Premium
7532,Otto Costela,rezendecaio@example.net,23,Macedônia do Norte,Family
7533,Bianca da Paz,pastorester@example.net,33,Brasil,Free
7534,Gael da Cruz,vrodrigues@example.net,67,Macedônia do Norte,Free
7535,Renan Borges,pedro82@example.com,56,Ilha Norfolk,Free
7536,Pedro Lucas Costela,paulocosta@example.org,48,Bélgica,Premium
7537,Juliana Cunha,barrosallana@example.net,35,China,Premium
7538,Zoe Duarte,mouraantonio@example.org,70,Iêmen,Premium
7539,Olivia Casa Grande,maria-luizasousa@example.com,31,Clipperton Island,Family
7540,Heloisa Nunes,pimentaluiz-miguel@example.org,22,Costa do Marfim,Premium
7541,Matheus Aragão,arthur-gabriel95@example.com,69,Nauru,Family
7542,Emanuel Pires,usantos@example.net,24,Chade,Family
7543,Dra. Zoe Viana,da-rosaemanuella@example.net,18,Samoa,Premium
7544,Carlos Eduardo Brito,rda-mata@example.com,52,Moldávia,Family
7545,Mirella Cassiano,heitorda-mota@example.com,22,Groenlândia,Premium
7546,Maria Sophia Freitas,ccarvalho@example.org,27,Ashmore and Cartier Islands,Free
7547,Maitê da Mota,vianabruna@example.org,64,Islândia,Free
7548,Sra. Bruna Sales,ravy97@example.net,36,Tokelau,Free
7549,José Pedro Cunha,juliacasa-grande@example.org,19,Ilha de Man,Family
7550,Dom Borges,maiteribeiro@example.com,66,Sudão,Premium
7551,Pedro Miguel Pires,diasisabel@example.net,36,Costa Rica,Premium
7552,Ian da Costa,bruna76@example.com,66,Antígua e Barbuda,Family
7553,Léo Silva,asales@example.net,32,Ilhas Cook,Family
7554,Vicente Vieira,ana-sophiafarias@example.org,59,Afeganistão,Free
7555,Juan Abreu,emanuellavasconcelos@example.com,20,Colômbia,Free
7556,Agatha Alves,stella57@example.org,66,Honduras,Premium
7557,Mathias Mendonça,heloisalopes@example.org,33,Serra Leoa,Free
7558,Carlos Eduardo Porto,milenasa@example.com,37,Granada,Family
7559,Camila Pacheco,cassianodavi-lucas@example.org,22,Ilha Wake,Family
7560,Mariah da Mata,barbosanicole@example.net,54,Ilhas Turcas e Caicos,Free
7561,Bento Viana,lara56@example.org,59,Azerbaijão,Free
7562,Pedro Lucas Cunha,rfarias@example.com,64,São Marinho,Premium
7563,Maria Isis Ferreira,ida-cruz@example.com,31,Butão,Premium
7564,Enrico Sampaio,paraujo@example.net,62,Turquia,Free
7565,Gael Sousa,pedro-miguel43@example.com,24,Chile,Free
7566,Srta. Rebeca Cardoso,kaique00@example.org,41,Uganda,Family
7567,Ágatha Andrade,maya55@example.com,52,Letônia,Free
7568,Bianca Nascimento,ppeixoto@example.org,47,Hong Kong,Premium
7569,Miguel Mendonça,ribeirojoao-guilherme@example.net,40,Ilhas Salomão,Free
7570,Isaque Silveira,diego09@example.com,49,Senegal,Family
7571,Bruna Silva,eloafarias@example.org,58,Somália,Family
7572,Dra. Maria Isis Dias,vitor-gabriel32@example.org,61,Croácia,Premium
7573,Gabriel Pinto,murilo73@example.net,49,Islândia,Premium
7574,Dante Gonçalves,sousamaria-liz@example.com,27,Paraguai,Free
7575,Ana Julia Rezende,marcelaalves@example.com,26,Marianas do Norte,Family
7576,Marcelo Azevedo,alana45@example.com,45,Madagascar,Free
7577,Levi Freitas,luanada-conceicao@example.net,34,Bielorrússia,Family
7578,Srta. Milena Campos,joao-gabrielmonteiro@example.net,34,Ilhas Falkland,Family
7579,Raquel Costa,ana-laurafreitas@example.net,21,Navassa Island,Free
7580,Kamilly Caldeira,laispeixoto@example.net,59,Nigéria,Premium
7581,Vitória Peixoto,luiz-miguelcunha@example.net,35,Síria,Family
7582,Vicente Gonçalves,isadoracassiano@example.net,58,Coreia do Sul,Premium
7583,Thiago Campos,xnunes@example.org,23,Togo,Family
7584,Srta. Ana Liz Oliveira,rgoncalves@example.com,37,Chade,Family
7585,Zoe Nascimento,aylamoreira@example.org,30,Groenlândia,Free
7586,Levi Dias,maria-helenaferreira@example.org,51,Senegal,Family
7587,Alexandre Rezende,marianedas-neves@example.com,24,Ilhas Cook,Family
7588,Marina Porto,heloisa19@example.org,35,Áustria,Premium
7589,Dr. Benjamim Carvalho,mda-luz@example.org,67,Território Britânico do Oceano Índico,Premium
7590,Sr. Enrico Rios,freitasbento@example.org,27,Lesoto,Premium
7591,Dra. Carolina da Luz,nrios@example.org,50,Costa Rica,Family
7592,Helena Costa,cirinodanilo@example.net,31,Noruega,Family
7593,Dra. Fernanda Guerra,sfonseca@example.org,70,Paracel Islands,Family
7594,Samuel Ferreira,oliveiracaleb@example.net,51,Costa do Marfim,Premium
7595,Vinicius Costela,jsantos@example.org,52,Vanuatu,Free
7596,Ian da Conceição,andradeleandro@example.com,55,Jordânia,Free
7597,Srta. Luna Sales,otavio25@example.net,66,Iraque,Premium
7598,Bianca Monteiro,luigi41@example.net,50,Namíbia,Premium
7599,Ágatha Sampaio,bda-conceicao@example.com,47,Akrotiri,Family
7600,Vinícius Martins,heitorda-rocha@example.org,57,Guiné-Bissau,Free
7601,Ana Beatriz Cirino,andre57@example.org,62,Tuvalu,Free
7602,Dra. Clarice Abreu,emanuelly01@example.net,40,Tanzânia,Family
7603,Matteo Castro,barbaranovaes@example.org,20,Sérvia,Premium
7604,Vitória Pacheco,peixotoamanda@example.org,54,Ilhas dos Cocos,Family
7605,Lorenzo Albuquerque,teixeirajuan@example.org,62,Honduras,Premium
7606,Srta. Laís da Rosa,luiz-otaviovasconcelos@example.net,51,Butão,Family
7607,Sophie Camargo,ravy33@example.net,42,Togo,Free
7608,Theo Lopes,rafaelanogueira@example.net,53,Usbequistão,Family
7609,Enzo Ferreira,pleao@example.org,61,Costa Rica,Free
7610,Luiz Felipe Farias,da-rosaana-julia@example.org,69,Coreia do Norte,Premium
7611,João Miguel Jesus,henrycarvalho@example.org,70,Marrocos,Family
7612,Clara Vieira,laracampos@example.com,34,União Europeia,Premium
7613,Maria Eduarda Barbosa,aurora24@example.com,50,Niue,Family
7614,Bruno Rodrigues,hellenavargas@example.com,53,Sudão,Premium
7615,Rodrigo Vargas,joao-lucas19@example.org,27,África do Sul,Free
7616,Maria Eduarda Guerra,bazevedo@example.net,24,Vanuatu,Free
7617,Valentim Moreira,ana-clarapeixoto@example.org,66,Tailândia,Premium
7618,Isaque Porto,fariasmaria-isis@example.com,35,Namíbia,Free
7619,Otto da Mata,benjamindias@example.net,52,Tonga,Family
7620,Mirella da Costa,rmacedo@example.org,20,França,Premium
7621,Théo Pimenta,maria-florfarias@example.net,64,Benim,Free
7622,Théo Sousa,fogacacaroline@example.net,64,Nigéria,Family
7623,Benicio da Cruz,leaomaite@example.org,64,Ilhas Turcas e Caicos,Family
7624,Isabelly Moraes,fernandocavalcante@example.com,44,Palau,Free
7625,Matheus Almeida,leocavalcante@example.net,47,Mongólia,Family
7626,Dr. Enzo Camargo,isabellaazevedo@example.net,61,Madagascar,Premium
7627,Isis da Paz,felipe63@example.com,62,Alemanha,Free
7628,Ravi Lucca Carvalho,alicia92@example.net,44,Albânia,Premium
7629,Maria Fernanda Freitas,vpimenta@example.net,66,Uruguai,Family
7630,Ana Clara Castro,ccassiano@example.net,66,Nova Zelândia,Premium
7631,Aylla Costa,xoliveira@example.com,47,Jan Mayen,Free
7632,Aylla Correia,pietrosampaio@example.net,22,Líbia,Premium
7633,Sr. Caio Alves,manuela54@example.net,49,Ilha Wake,Premium
7634,Rhavi Novaes,oliveirajulia@example.net,51,Ilhas Virgens Americanas,Family
7635,Brayan da Paz,yuri98@example.com,46,Domínica,Free
7636,Heloísa Pereira,salessophie@example.org,41,República Dominicana,Free
7637,Joaquim Sousa,prios@example.net,35,Madagascar,Free
7638,Isabel Garcia,monteirolorenzo@example.org,70,Bélgica,Premium
7639,João Pedro da Paz,pedro-henrique08@example.org,45,Ilhas dos Cocos,Free
7640,Cauê Oliveira,agathasiqueira@example.com,46,República Checa,Free
7641,Alana Araújo,raparecida@example.net,29,Montenegro,Premium
7642,Ísis Almeida,waragao@example.com,63,Tailândia,Free
7643,Dr. Benicio Macedo,carolina03@example.org,48,Domínica,Free
7644,José Miguel Oliveira,gaelvargas@example.net,41,Granada,Free
7645,Luiz Otávio Novaes,yan72@example.com,41,Brunei,Family
7646,Brenda Leão,miguelcamara@example.com,58,Comores,Free
7647,Sophie Lopes,vianaryan@example.com,44,Svalbard e Jan Mayen,Family
7648,Ana Julia da Mata,mcavalcante@example.org,31,Guiné Equatorial,Free
7649,Alexia da Mata,barbara32@example.org,58,Maurícia,Free
7650,Ryan Duarte,araujomelina@example.com,65,Argentina,Free
7651,Eloah Moura,jose-pedro41@example.net,67,Porto Rico,Free
7652,Mathias Cunha,theo15@example.com,48,Estônia,Family
7653,Vitor Hugo da Mota,pda-cruz@example.org,50,Marrocos,Premium
7654,Vinicius Viana,mouradante@example.net,52,Sérvia,Premium
7655,Joaquim Leão,augusto82@example.org,23,Egito,Family
7656,Breno Monteiro,sophia71@example.com,67,Ilhas Cook,Premium
7657,Rafael Cavalcanti,laracasa-grande@example.net,26,Nigéria,Family
7658,Dr. Felipe Nogueira,dcosta@example.org,23,Tanzânia,Free
7659,Sr. Ian Costela,ana-luiza32@example.org,52,Líbano,Free
7660,Nicolas Cavalcante,rebeca24@example.net,28,República Checa,Free
7661,Antônio Silva,nunesjose-pedro@example.org,64,Quirguizistão,Free
7662,Ana Laura Sousa,silvabenicio@example.org,37,Coreia do Norte,Family
7663,Dra. Luiza Gomes,mariah00@example.org,26,Cuba,Family
7664,Arthur Gabriel Aragão,jesusana-luiza@example.com,64,Mali,Premium
7665,Henrique Moraes,pietro34@example.com,30,Maurícia,Family
7666,Gael Gonçalves,bentoporto@example.net,29,Suécia,Free
7667,Luara Silveira,camposhenrique@example.com,63,Malta,Premium
7668,Carolina Nogueira,rezendeagatha@example.org,37,Mali,Family
7669,Isadora Ramos,lorenzo16@example.org,28,Iraque,Family
7670,Ana Laura da Paz,martinsjulia@example.net,56,Guatemala,Family
7671,Manuela Vargas,pedro79@example.net,65,Liechtenstein,Premium
7672,Asafe Freitas,stephanynovaes@example.org,26,Nicarágua,Family
7673,Bento Novaes,noahcunha@example.net,18,Iraque,Free
7674,Joana Ferreira,araujostella@example.net,37,Bolívia,Family
7675,Ravi Porto,gabriellysilva@example.org,45,São Tomé e Príncipe,Free
7676,Antonella Pacheco,yasmin69@example.org,55,Finlândia,Premium
7677,Dr. Gustavo Pacheco,maria-helenaandrade@example.org,19,Malta,Premium
7678,Maysa Costa,qsa@example.net,44,Alemanha,Free
7679,José Miguel Pimenta,benjamin44@example.org,59,Fiji,Free
7680,Bento Santos,luizapeixoto@example.com,55,Etiópia,Family
7681,Gabrielly Camargo,ana-luiza82@example.org,63,Tunísia,Premium
7682,Ravy Jesus,daniela72@example.com,36,Aruba,Family
7683,Luiz Miguel Azevedo,borgesleo@example.org,45,Síria,Free
7684,Emanuel da Mota,antonypires@example.org,50,Groenlândia,Premium
7685,Esther Nascimento,agathafreitas@example.com,22,Camboja,Free
7686,Ana Sophia Câmara,gaelda-mata@example.org,25,Síria,Free
7687,Davi Luiz Gomes,theoviana@example.com,48,Micronésia,Family
7688,Gustavo Moreira,ana-luiza18@example.org,33,Finlândia,Free
7689,Emanuel Mendonça,mcaldeira@example.org,55,Navassa Island,Free
7690,Emanuella Dias,azevedoana-vitoria@example.net,48,Afeganistão,Premium
7691,Alexia Duarte,erickfarias@example.org,28,Canadá,Family
7692,Srta. Juliana Borges,davi-luiznogueira@example.com,50,Itália,Free
7693,Maria Liz Moraes,cauecamara@example.net,65,São Vicente e Granadinas,Free
7694,Cecília Nascimento,sda-mota@example.org,26,Macedônia do Norte,Free
7695,Davi Lucas Ramos,miguelrocha@example.com,37,Ilhas Virgens Americanas,Premium
7696,Lara Caldeira,joao-miguel96@example.net,39,Mayotte,Free
7697,Valentim Camargo,sgomes@example.net,33,Alemanha,Free
7698,Luísa Lopes,novaismathias@example.net,60,Egito,Free
7699,Nicolas Pastor,saluna@example.com,39,Hong Kong,Free
7700,Júlia Abreu,caldeirahelena@example.net,44,Israel,Premium
7701,Nina Garcia,ualmeida@example.net,18,Síria,Premium
7702,Theodoro Jesus,hcavalcanti@example.net,70,Guiné-Bissau,Free
7703,Bárbara Porto,vitor-gabriel33@example.net,32,Marrocos,Free
7704,Asafe Cunha,joao-pedroda-mota@example.org,48,Colômbia,Premium
7705,Bella Câmara,ferreiraian@example.org,69,Itália,Family
7706,Levi Pires,melomarcelo@example.org,46,Cazaquistão,Free
7707,Dr. Guilherme da Cunha,davi-lucassantos@example.org,30,Gâmbia,Free
7708,Srta. Marina Santos,luiz-henriquerodrigues@example.org,41,França,Family
7709,Dra. Cecilia Moura,lunna70@example.org,38,Birmânia,Premium
7710,Ana Luiza Alves,dbrito@example.com,32,Armênia,Premium
7711,Natália Novais,ucaldeira@example.net,29,Cazaquistão,Family
7712,Helena Mendonça,teixeirapedro-lucas@example.net,59,Áustria,Free
7713,Léo Aragão,luna91@example.net,59,Lituânia,Family
7714,Srta. Natália Machado,carvalhoheitor@example.com,37,Rússia,Premium
7715,Clara Ribeiro,ianlima@example.com,46,Chipre,Free
7716,Jade Nascimento,lvasconcelos@example.net,64,Lituânia,Free
7717,Catarina Pinto,maria-juliavieira@example.com,49,Camboja,Family
7718,Isabella Abreu,ycastro@example.org,18,Guam,Family
7719,Matheus Borges,oliveirasophia@example.org,52,Comores,Family
7720,Dr. Samuel Montenegro,mariasousa@example.net,33,Polinésia Francesa,Family
7721,Olivia Moreira,maria-isismontenegro@example.com,57,Malávi,Family
7722,Dr. Emanuel Porto,brayangarcia@example.org,42,Letônia,Free
7723,Augusto Novais,luiz-miguel55@example.org,33,Finlândia,Free
7724,Enzo Gabriel Moraes,vasconcelosmurilo@example.org,66,Sri Lanka,Free
7725,Joana Gonçalves,marqueshellena@example.net,62,Moldávia,Family
7726,Dr. Arthur Gabriel Campos,giovannasales@example.com,36,Ilhas Marshall,Family
7727,Julia da Mota,da-conceicaostella@example.net,34,Chade,Family
7728,João Silveira,francisco39@example.net,33,Ilhas Virgens Americanas,Premium
7729,Pedro Miguel Siqueira,tviana@example.com,49,Estônia,Family
7730,Evelyn Melo,evelyn85@example.com,24,Chipre,Free
7731,Diego Vargas,ana-sophiamoura@example.net,25,Iêmen,Family
7732,Dra. Heloísa Almeida,leonardo92@example.com,42,Líbia,Free
7733,Bárbara Silva,marcelo56@example.com,29,Timor Leste,Premium
7734,Dra. Sara Silveira,melinanascimento@example.com,70,Nigéria,Family
7735,Dr. Enzo Gabriel da Conceição,ana-beatrizmendes@example.com,64,Vaticano,Free
7736,Cecília Freitas,maria-eduardagomes@example.org,26,Honduras,Free
7737,Josué Rodrigues,joao-vitor71@example.net,22,Macau,Free
7738,Josué Silva,joaquim13@example.net,29,Armênia,Free
7739,Nathan Guerra,ian36@example.org,36,Malávi,Family
7740,Dra. Esther Garcia,luigi93@example.org,56,Comores,Family
7741,Dom Casa Grande,teixeiraalexia@example.com,48,Ilhas Virgens Americanas,Free
7742,Dr. Thiago da Costa,da-pazluan@example.com,25,Comores,Family
7743,Ana Sophia Alves,ninamacedo@example.org,20,Ilhas Turcas e Caicos,Free
7744,Maria Fernanda Santos,mnascimento@example.net,63,Ilha do Natal,Family
7745,Ágatha Pimenta,kalmeida@example.net,31,Andorra,Free
7746,Luiz Henrique Moraes,jcosta@example.com,30,Sri Lanka,Family
7747,Dr. Luiz Fernando Andrade,icostela@example.org,20,Ashmore and Cartier Islands,Free
7748,Luigi da Conceição,vicentemoreira@example.org,35,Niue,Premium
7749,Clara Araújo,ana-carolinapacheco@example.net,24,Benim,Free
7750,Srta. Brenda Pires,monteiroalexia@example.com,25,Ilhas Heard e McDonald,Premium
7751,João Garcia,emillyguerra@example.com,70,Suíça,Family
7752,Srta. Yasmin Sales,costelahadassa@example.com,23,Território Britânico do Oceano Índico,Premium
7753,Sra. Rebeca Rocha,stellaleao@example.org,35,Jordânia,Premium
7754,Luara Fonseca,tpacheco@example.com,54,Malávi,Family
7755,Pedro Henrique Cavalcanti,jcirino@example.org,57,Irlanda,Free
7756,Maria Laura Almeida,benjamim68@example.org,42,Argélia,Premium
7757,Maria Fernanda Casa Grande,ffernandes@example.org,56,Brasil,Free
7758,Vitor Lopes,kgoncalves@example.net,61,Jersey,Family
7759,Paulo Rocha,cardosofernanda@example.com,70,Anguila,Premium
7760,Murilo da Mota,hsouza@example.net,20,Filipinas,Premium
7761,Valentina Gomes,azevedomarcela@example.net,57,Singapura,Family
7762,Isis Vieira,maria-liz16@example.com,23,Sri Lanka,Premium
7763,Sr. Marcelo da Mota,camargojose-pedro@example.net,40,Papua-Nova Guiné,Free
7764,Stephany Farias,olivia49@example.com,47,Aruba,Family
7765,Sr. Luiz Fernando Porto,tcaldeira@example.org,69,União Europeia,Free
7766,Bryan Costela,rcaldeira@example.org,56,Reino Unido,Premium
7767,Dra. Luiza Pires,zmoreira@example.com,59,Finlândia,Free
7768,Liz Carvalho,calebevasconcelos@example.net,58,Burquina Faso,Free
7769,Srta. Helena Ramos,ana-cecilia87@example.com,69,Hong Kong,Premium
7770,Leonardo da Cruz,davi49@example.net,45,Guiné Equatorial,Premium
7771,Sr. Luiz Felipe Barbosa,gustavo11@example.com,61,Ucrânia,Premium
7772,Alícia da Cruz,pietro54@example.net,20,Paraguai,Free
7773,Manuella Gonçalves,npacheco@example.com,67,Salvador,Premium
7774,Théo Marques,alicecunha@example.com,28,China,Free
7775,Olívia Siqueira,marquesrafaela@example.org,58,Malávi,Free
7776,Ana Júlia Ramos,machadobernardo@example.com,66,Samoa,Free
7777,Emanuella Leão,isaac32@example.org,57,Síria,Premium
7778,Bárbara da Rosa,nunesliz@example.net,33,Monserrate,Premium
7779,Vinicius Caldeira,da-costagiovanna@example.com,37,Gibraltar,Premium
7780,Dra. Nina Cirino,siqueirahenrique@example.com,29,Salvador,Premium
7781,Srta. Mariane Aragão,siqueiralorenzo@example.com,48,Tailândia,Family
7782,Maria Júlia Ribeiro,macedoian@example.net,55,Gibraltar,Premium
7783,Dr. Diogo Pires,cunhaalana@example.org,39,Etiópia,Premium
7784,Luiz Fernando Ferreira,caleb55@example.org,68,Ilha Norfolk,Family
7785,Mathias Araújo,cnogueira@example.net,36,Bahamas,Free
7786,Thomas Pacheco,pastorsamuel@example.net,30,Anguila,Premium
7787,Ana Clara da Paz,vieiramarcelo@example.net,23,Azerbaijão,Free
7788,Leonardo Barbosa,kalves@example.com,65,Ilha Norfolk,Free
7789,Dom Nogueira,kda-cruz@example.net,57,Samoa,Free
7790,Antonella Fernandes,thales72@example.com,64,Suíça,Premium
7791,Ana Liz Ribeiro,gustavo-henriquebrito@example.com,55,Ilha Wake,Premium
7792,Luiz Fernando Novais,nataliabarbosa@example.com,47,Groenlândia,Family
7793,João Miguel Abreu,jose-miguel07@example.com,27,Andorra,Family
7794,Gael Henrique Santos,uaparecida@example.net,41,Malásia,Free
7795,Benjamin Freitas,gael-henrique17@example.org,55,Botsuana,Free
7796,Henrique Costela,da-motamariana@example.net,65,Indonésia,Family
7797,Brayan Farias,casa-grandeleo@example.net,61,Bangladesh,Free
7798,Heloisa Sales,leticiagoncalves@example.org,47,Mauritânia,Premium
7799,Pedro Lucas Sá,caragao@example.net,65,Índia,Family
7800,Anthony Porto,xgoncalves@example.org,63,Santa Lúcia,Premium
7801,Alícia Mendes,da-costaravi-lucca@example.org,55,Líbia,Free
7802,Sra. Jade Nunes,maria-juliasantos@example.net,39,Bolívia,Free
7803,Dr. Bryan Carvalho,melissa67@example.net,68,Namíbia,Free
7804,Otávio da Rosa,sampaiorael@example.net,21,Ilha Bouvet,Family
7805,José Cavalcante,pedro-lucascavalcanti@example.com,43,Bélgica,Family
7806,Lívia da Rosa,maria-luisada-luz@example.org,25,Polinésia Francesa,Free
7807,Matteo Viana,qaparecida@example.org,33,Brasil,Free
7808,Srta. Isabella Mendonça,yancostela@example.net,21,Eritreia,Premium
7809,Dr. Otávio Fonseca,limamaysa@example.net,46,Laos,Premium
7810,Olivia Abreu,hnovais@example.net,51,Mayotte,Family
7811,Lunna Moreira,wfarias@example.org,51,Israel,Free
7812,Lívia Sales,goncalvesvitor-hugo@example.net,20,Andorra,Family
7813,Sra. Aylla Freitas,dalbuquerque@example.com,37,Fiji,Free
7814,Maitê Peixoto,kvargas@example.net,63,Bósnia e Herzegovina,Premium
7815,Lavínia Duarte,cassianomarcos-vinicius@example.com,62,Mayotte,Premium
7816,Caroline Lopes,rsousa@example.net,68,Catar,Premium
7817,Sra. Maria Flor Sales,isabella45@example.com,45,Líbano,Family
7818,Pietro Vargas,agatha44@example.com,28,Togo,Free
7819,Luana Castro,barrosbella@example.org,21,Cabo Verde,Premium
7820,Isabelly Barbosa,marcela35@example.com,54,Butão,Premium
7821,Sra. Nina Gomes,lpinto@example.net,51,Ilhas Turcas e Caicos,Premium
7822,Lucas Gabriel da Mota,da-cruzcaio@example.net,43,Jordânia,Family
7823,Vitor Hugo Montenegro,valentinaaparecida@example.net,33,Pitcairn,Family
7824,Esther Rezende,novaissabrina@example.org,23,Moldávia,Family
7825,Beatriz Lima,theodoro88@example.org,53,Libéria,Free
7826,Maria Fernanda da Mota,nmonteiro@example.net,66,Taiwan,Family
7827,Maysa da Mata,ycavalcanti@example.com,29,Tuvalu,Premium
7828,Antonella Ramos,joao22@example.com,26,Liechtenstein,Premium
7829,Alexandre Novais,danielpastor@example.com,54,Bélgica,Free
7830,José Pedro Porto,luiz-otavioaragao@example.com,57,Costa do Marfim,Premium
7831,Sra. Ana Cecília Teixeira,jborges@example.org,19,Sudão,Free
7832,Dr. Arthur Peixoto,larissasales@example.com,23,Lesoto,Family
7833,Sophie Camargo,dante23@example.com,32,Nicarágua,Free
7834,Ravi Jesus,varaujo@example.net,60,Faroé,Family
7835,Maria Vitória Almeida,nicolas91@example.org,43,Costa Rica,Family
7836,Sra. Zoe Câmara,samuelleao@example.net,29,Chade,Family
7837,Sra. Alícia Cavalcante,spinto@example.net,64,Venezuela,Premium
7838,Dr. André Barbosa,camilabarbosa@example.com,58,Ilhas Marshall,Free
7839,Lorena Castro,ester13@example.com,30,Azerbaijão,Family
7840,Luan Pacheco,castroana-carolina@example.org,63,Suécia,Free
7841,Vitor Hugo Viana,fernandopastor@example.com,69,Aruba,Free
7842,Dante Martins,hellenasantos@example.com,70,França,Premium
7843,Melina Teixeira,pimentadom@example.com,70,Polônia,Free
7844,Alana Gomes,theoda-paz@example.org,22,Akrotiri,Family
7845,Sabrina Siqueira,milena33@example.org,27,Pitcairn,Free
7846,Dr. José Miguel Cavalcante,cavalcanteenrico@example.net,39,Wallis e Futuna,Premium
7847,Emanuelly Teixeira,raquelcampos@example.net,28,Reino Unido,Premium
7848,Yan Pinto,benicio26@example.org,62,Butão,Family
7849,Ágatha Montenegro,erick48@example.com,57,África do Sul,Family
7850,Pietro Fernandes,camargofernanda@example.net,30,Costa do Marfim,Free
7851,Brenda Aparecida,smoreira@example.net,53,Guiné Equatorial,Premium
7852,Levi Peixoto,stephanycunha@example.com,50,Aruba,Free
7853,Yan Lopes,novaisgiovanna@example.org,59,Dinamarca,Premium
7854,José Miguel Melo,pedro-henriqueborges@example.com,19,Malávi,Family
7855,Ravy Leão,asaferodrigues@example.net,66,Butão,Family
7856,Marcela da Mota,zalmeida@example.org,61,Belize,Free
7857,Sr. João Pedro Carvalho,luigi92@example.org,51,Vaticano,Free
7858,Bruna Alves,antonellafonseca@example.com,70,Porto Rico,Premium
7859,Ana Laura da Conceição,gael-henrique47@example.net,46,Geórgia,Premium
7860,Emanuel Viana,mdas-neves@example.com,44,Antilhas Holandesas,Family
7861,Maria Clara Silva,joao-pedro41@example.org,20,Ilhas Falkland,Premium
7862,Alexandre da Rocha,cunhaenrico@example.com,67,Seicheles,Free
7863,Vinícius Jesus,maria-juliada-rocha@example.org,36,Togo,Premium
7864,Isabelly Silveira,isantos@example.net,18,Croácia,Free
7865,Benjamin Vargas,cavalcantemaria-luiza@example.org,18,Paquistão,Free
7866,Maria Julia Sampaio,santoslorenzo@example.org,68,Alemanha,Premium
7867,Gael Henrique Monteiro,carlos-eduardocunha@example.com,54,Canadá,Family
7868,Sra. Maya Garcia,nogueiracamila@example.com,53,Iraque,Premium
7869,Laura Casa Grande,psiqueira@example.com,58,Belize,Free
7870,Isabella Barbosa,ipacheco@example.net,63,Hong Kong,Family
7871,Pietro Campos,ipereira@example.com,60,Anguila,Family
7872,Mariana da Cruz,fernandesgiovanna@example.org,58,Jordânia,Free
7873,Srta. Julia Moraes,aurora55@example.com,26,Coreia do Sul,Family
7874,Isabel da Conceição,luigi85@example.com,48,Honduras,Family
7875,Luiz Fernando Castro,xoliveira@example.org,53,Coral Sea Islands,Family
7876,Sofia Lopes,lorenalopes@example.com,61,Eslováquia,Premium
7877,Valentina Mendonça,yago65@example.com,19,Grécia,Premium
7878,Maria Isis da Rocha,lorenzo39@example.org,21,República Checa,Free
7879,Dra. Maitê Lima,odas-neves@example.net,69,Jersey,Free
7880,Caroline Farias,theo67@example.net,46,Ilha de Man,Free
7881,Gabrielly Cavalcante,isis41@example.org,52,Emirados Árabes Unidos,Family
7882,Ana Júlia Pacheco,vcamara@example.com,31,Eslovênia,Family
7883,Felipe Freitas,casa-grandevitor-gabriel@example.net,55,Kuwait,Family
7884,Gustavo Lima,asa@example.org,25,Estônia,Free
7885,Isabelly da Conceição,fernandovieira@example.net,67,Costa Rica,Family
7886,Dr. Marcos Vinicius Nogueira,ana-luiza34@example.org,41,Croácia,Premium
7887,Sra. Aurora Gomes,aparecidasara@example.org,39,Andorra,Free
7888,Vinicius Cassiano,hcostela@example.net,20,Gâmbia,Premium
7889,Maria Liz Martins,maria-luisafreitas@example.net,51,Micronésia,Family
7890,João Gabriel Pacheco,ferreiramariane@example.com,33,Sara Ocidental,Family
7891,Ana Sophia Cavalcanti,ycassiano@example.com,36,Peru,Premium
7892,Isadora Marques,fernando25@example.net,43,Chipre,Free
7893,Ana Beatriz Caldeira,dcampos@example.com,42,Ilha Norfolk,Premium
7894,Caio da Paz,rcirino@example.org,38,Guiné,Premium
7895,Emilly Vieira,isabellamacedo@example.org,27,Clipperton Island,Free
7896,Laura Moraes,matheusfernandes@example.org,69,Niue,Premium
7897,Laura Cavalcante,rmoreira@example.org,34,Quênia,Family
7898,Arthur Gabriel Campos,maria-eduarda62@example.net,58,Uruguai,Family
7899,Otávio Gomes,joanamonteiro@example.org,55,Zimbábue,Family
7900,Sr. Noah Pacheco,felipefogaca@example.org,54,Gâmbia,Free
7901,Matheus Nunes,santosantonio@example.org,43,Guiana,Family
7902,Dr. Thiago Duarte,msantos@example.com,45,Etiópia,Premium
7903,Ana Vitória da Rosa,pnunes@example.com,33,Filipinas,Premium
7904,Nicolas Souza,josue73@example.net,31,Síria,Premium
7905,Anthony Novaes,montenegronicole@example.org,59,Espanha,Free
7906,Eduarda Gonçalves,xjesus@example.org,48,Ilhas Caiman,Free
7907,Brenda Garcia,vargasmarcos-vinicius@example.net,44,Espanha,Premium
7908,Sra. Sarah Fernandes,carlos-eduardomartins@example.org,38,Ilhas Virgens Americanas,Free
7909,Gabriel Fernandes,dmonteiro@example.org,44,Eslováquia,Family
7910,Matteo da Paz,paulo38@example.org,60,Moçambique,Family
7911,João Guilherme Silva,erick50@example.net,60,Costa do Marfim,Premium
7912,Caio Viana,tsales@example.com,32,Congo-Kinshasa,Premium
7913,Yuri Mendonça,ecampos@example.com,32,Sérvia,Free
7914,Luana Macedo,da-cruzthiago@example.org,26,Micronésia,Family
7915,Rafaela Peixoto,erick89@example.org,66,Territórios Austrais Franceses,Family
7916,Anthony Gabriel Cavalcanti,da-rochadavi-lucas@example.net,20,Birmânia,Premium
7917,Luiz Fernando Fogaça,rodriguesfelipe@example.net,59,Usbequistão,Family
7918,Maria Clara Moreira,ecosta@example.com,65,Zimbábue,Family
7919,Ísis Andrade,bernardovasconcelos@example.org,69,Nigéria,Family
7920,Helena Barros,eloaramos@example.org,69,Gana,Free
7921,Apollo Fernandes,pintovicente@example.com,61,Costa Rica,Premium
7922,Rodrigo da Rocha,da-cunhadavi-lucas@example.com,43,Peru,Premium
7923,Laura Campos,maria-sophiacardoso@example.org,21,Vietnam,Premium
7924,Joana Lima,marcela16@example.net,35,Vanuatu,Premium
7925,Bernardo Ferreira,leo89@example.com,40,Chade,Free
7926,Sr. Yago da Costa,ayla18@example.org,46,Ilha Norfolk,Premium
7927,Matheus Pastor,roliveira@example.org,52,Islândia,Free
7928,Yan Carvalho,carlos-eduardo42@example.com,34,Luxemburgo,Free
7929,Maria Cecília Martins,kpinto@example.net,38,Bielorrússia,Premium
7930,Nicolas Cunha,riosluisa@example.com,24,Sudão,Premium
7931,Sra. Fernanda Porto,sara61@example.net,69,Paquistão,Premium
7932,Ana Carolina Cunha,vianamariah@example.org,47,Nauru,Premium
7933,Ana Cecília Moura,duarteolivia@example.net,49,Venezuela,Free
7934,Dr. Bento Jesus,henry-gabriel73@example.com,27,Brunei,Free
7935,Maria Helena Guerra,marina67@example.org,54,Níger,Family
7936,Sra. Sofia Abreu,mgoncalves@example.com,24,Japão,Premium
7937,Isaque Peixoto,vpinto@example.org,45,Mauritânia,Free
7938,Allana da Luz,enzo-gabrielpires@example.org,24,Jordânia,Free
7939,Maitê Caldeira,rhavisousa@example.com,30,Espanha,Family
7940,Noah Fogaça,castrolorena@example.net,25,Afeganistão,Free
7941,Giovanna Pinto,eduardoaparecida@example.com,22,Ilhas Heard e McDonald,Free
7942,Ana Sophia Monteiro,helena59@example.net,49,Síria,Premium
7943,Miguel Pimenta,kamilly51@example.net,42,Bielorrússia,Free
7944,Carlos Eduardo Oliveira,davi-luizlima@example.org,60,Timor Leste,Premium
7945,Maria Fernanda Pacheco,pleao@example.com,52,União Europeia,Family
7946,Giovanna Correia,costelaluara@example.org,44,Domínica,Premium
7947,Clara Barros,asiqueira@example.com,42,Gibraltar,Premium
7948,Dra. Carolina Lopes,vitormoraes@example.net,38,Salvador,Free
7949,Zoe Sampaio,xcirino@example.org,53,Bermudas,Premium
7950,Luigi Cardoso,ramosjoao-pedro@example.org,22,Rússia,Family
7951,Augusto Silveira,clara54@example.com,37,Canadá,Family
7952,Sr. Danilo Costela,xfreitas@example.net,40,Egito,Family
7953,Srta. Alícia Silveira,qmoura@example.com,69,Nicarágua,Free
7954,Eduardo Santos,emanuella48@example.net,35,Sérvia,Family
7955,Isabel da Mata,luiz-miguel92@example.com,56,Clipperton Island,Family
7956,Luiz Fernando da Costa,amendes@example.com,18,Domínica,Family
7957,Luiz Gustavo Rios,vrios@example.net,22,Malávi,Free
7958,Marcelo Caldeira,yuri13@example.com,41,Benim,Free
7959,João Gabriel Martins,leonardo62@example.net,52,Canadá,Premium
7960,Ravi Lucca Fogaça,paulo68@example.org,62,Groenlândia,Free
7961,Ana Cecília Nascimento,rcosta@example.com,43,Costa do Marfim,Family
7962,Dante Porto,melinanovaes@example.net,28,Marianas do Norte,Free
7963,Pedro Lucas Carvalho,anna-lizmartins@example.org,68,Malávi,Family
7964,Bruno Pimenta,ipastor@example.com,55,Tokelau,Premium
7965,Nicole Mendonça,jrios@example.com,19,Portugal,Free
7966,José Azevedo,camilamarques@example.com,19,Guiana,Premium
7967,Maria Alice Sampaio,monteirobenjamim@example.net,30,Aruba,Premium
7968,Julia Pastor,yda-mota@example.net,69,Catar,Family
7969,Sra. Sofia Moraes,caue18@example.org,25,Albânia,Free
7970,Bárbara Vasconcelos,aparecidalunna@example.com,44,Niue,Premium
7971,Dra. Giovanna Ribeiro,isadorabarbosa@example.com,46,Argélia,Premium
7972,Sr. Yan Martins,marcos-vinicius61@example.net,62,Sara Ocidental,Free
7973,Dr. Gael Henrique Silveira,maria-eduarda67@example.net,52,Dinamarca,Free
7974,Maria Julia Melo,ymoraes@example.com,18,Indonésia,Free
7975,Apollo Pereira,luaramendonca@example.org,34,Território Britânico do Oceano Índico,Free
7976,Gabriel Leão,xsantos@example.org,21,Angola,Free
7977,Cauê Castro,isabelacamara@example.org,42,Vanuatu,Free
7978,Davi Miguel da Mota,maria-sophiaaparecida@example.net,22,Marrocos,Free
7979,Pedro Miguel da Rocha,rezendematteo@example.org,36,Guatemala,Premium
7980,Dra. Emilly Pires,trios@example.com,32,Taiwan,Free
7981,Benjamin Fonseca,qmartins@example.org,30,São Tomé e Príncipe,Family
7982,Vitor Gabriel Duarte,asafecirino@example.com,37,Islândia,Family
7983,Bento Souza,antonio47@example.net,25,Navassa Island,Premium
7984,Carlos Eduardo Sales,goncalvesjoao-pedro@example.org,28,Papua-Nova Guiné,Free
7985,Dra. Ester Lima,jesusvitor-hugo@example.net,39,São Marinho,Premium
7986,Emanuel Azevedo,souzaisaque@example.org,50,Alemanha,Family
7987,Dr. Davi Miguel Siqueira,heloisagarcia@example.org,55,Islândia,Free
7988,Léo Nunes,aylamendes@example.com,18,Jamaica,Family
7989,Rafael Pinto,ribeiromarina@example.org,22,Japão,Free
7990,Milena Cardoso,xpires@example.net,61,Arábia Saudita,Free
7991,Eloá Martins,garciastephany@example.org,55,Ruanda,Free
7992,Ágatha Sá,miguelpastor@example.org,70,Omã,Family
7993,Srta. Ana Júlia da Cunha,lguerra@example.com,57,Tailândia,Premium
7994,Lucca da Rocha,sousaisaque@example.org,20,Laos,Family
7995,Ana Carolina Sousa,lorenzopeixoto@example.com,37,Estados Unidos,Free
7996,Sr. Pedro Henrique Peixoto,salesmanuella@example.com,35,Afeganistão,Family
7997,Maria Flor Sá,vargasmaria-liz@example.org,60,Uruguai,Family
7998,Marina Camargo,diogoguerra@example.com,70,Gibraltar,Premium
7999,Esther Nascimento,gomesluiz-felipe@example.org,44,Moldávia,Free
8000,Sr. Lorenzo Gonçalves,jmoura@example.org,36,República Centro-Africana,Free
8001,Luiz Henrique Silveira,stephany53@example.net,39,Cabo Verde,Family
8002,Dr. Benjamin Abreu,marcelaporto@example.com,49,Malásia,Free
8003,Lucas Fernandes,sabella@example.com,62,Ilhas Falkland,Premium
8004,Theo Nascimento,luizabrito@example.com,70,Ilhas Heard e McDonald,Free
8005,Alana Viana,sabrina42@example.net,24,Bielorrússia,Free
8006,Evelyn Fonseca,ferreiramariana@example.com,22,Nigéria,Free
8007,Diego Melo,maria-eduardapereira@example.net,46,Senegal,Free
8008,Leonardo Pinto,vicentepimenta@example.com,22,Burquina Faso,Free
8009,Arthur Gabriel Teixeira,carlos-eduardopereira@example.org,64,Líbano,Free
8010,Matteo Pereira,da-rochapaulo@example.org,41,Samoa Americana,Premium
8011,Benício Casa Grande,jose34@example.org,58,Geórgia do Sul e Sandwich do Sul,Family
8012,Breno da Cunha,helenamelo@example.org,68,Síria,Free
8013,Sra. Cecilia Albuquerque,heloisacardoso@example.com,53,Singapura,Free
8014,Dra. Raquel Freitas,felipemartins@example.net,18,Quênia,Premium
8015,Natália Peixoto,luiz-miguelda-luz@example.org,24,Suazilândia,Free
8016,Oliver da Paz,zviana@example.net,68,Quiribáti,Free
8017,Ana Clara Moreira,isadora79@example.net,25,República Checa,Free
8018,Juliana da Rocha,cauecassiano@example.com,20,Dhekelia,Free
8019,Jade Fogaça,zrezende@example.com,20,Mayotte,Free
8020,Zoe Sales,ealves@example.org,48,Chile,Family
8021,Dr. João Lucas da Rocha,mathias88@example.org,44,Paraguai,Free
8022,Yuri das Neves,urezende@example.org,37,Coreia do Norte,Free
8023,Melissa Barros,isabelmendes@example.com,37,Papua-Nova Guiné,Free
8024,Mariane da Paz,bernardo15@example.net,18,Paquistão,Premium
8025,Luiz Gustavo Mendonça,da-costacecilia@example.net,46,Butão,Premium
8026,Liam Peixoto,liamazevedo@example.com,50,Namíbia,Family
8027,Miguel Pinto,rhaviribeiro@example.com,52,Vanuatu,Family
8028,Agatha Caldeira,oliviamoura@example.net,67,Chile,Family
8029,Maria Cecília Costa,agatha03@example.com,32,Antilhas Holandesas,Free
8030,Maria Cecília Araújo,ramosbreno@example.net,23,Porto Rico,Family
8031,Ana Júlia Pinto,correiabarbara@example.net,35,Jordânia,Premium
8032,Rafael Sales,benicio81@example.net,38,Canadá,Free
8033,Yasmin Nascimento,bernardo35@example.org,69,Faroé,Free
8034,Davi Lucca Martins,maria-isispereira@example.org,58,Togo,Free
8035,Rodrigo Fonseca,yagomoraes@example.com,68,Territórios Austrais Franceses,Family
8036,Luan Pacheco,ncaldeira@example.org,21,República Centro-Africana,Premium
8037,Cecília Gomes,aylla44@example.org,38,Somália,Family
8038,Rebeca Sá,hellenacunha@example.net,59,São Pedro e Miquelon,Family
8039,Joana da Costa,franciscovasconcelos@example.org,19,Grécia,Free
8040,Kaique da Luz,pintojoao@example.com,57,Coreia do Sul,Premium
8041,Alexandre Sales,vicentearaujo@example.com,28,Grécia,Family
8042,Isabella Campos,hadassa56@example.org,49,Gibraltar,Free
8043,Rafael Carvalho,dantearagao@example.org,31,Butão,Family
8044,Stella Rodrigues,cavalcantehadassa@example.net,52,Niue,Free
8045,Camila Nogueira,fmonteiro@example.net,39,Turquemenistão,Family
8046,Luiz Miguel Viana,ayla11@example.net,25,Argentina,Premium
8047,Lavínia Ribeiro,da-rochasarah@example.com,60,Cuba,Premium
8048,Miguel Melo,xda-rocha@example.com,35,Venezuela,Free
8049,Dra. Maya Costela,ayllarocha@example.org,36,Cazaquistão,Free
8050,Marcelo Gonçalves,mcunha@example.com,28,Montenegro,Free
8051,Thales da Paz,camargoallana@example.com,34,Malávi,Family
8052,Emilly Carvalho,manuella52@example.com,31,Andorra,Premium
8053,Nina da Paz,erickborges@example.net,51,Mônaco,Family
8054,Rebeca das Neves,arthur-miguel71@example.com,21,Monserrate,Family
8055,Manuella Albuquerque,isaacnunes@example.net,48,Suazilândia,Free
8056,Sr. Theodoro Rezende,leonardojesus@example.org,40,Palau,Free
8057,Zoe Campos,gabriel24@example.com,69,Nauru,Free
8058,Giovanna da Cunha,jcostela@example.org,53,Lesoto,Family
8059,Mateus Martins,portogabriel@example.org,31,Paracel Islands,Free
8060,Srta. Luísa Ribeiro,ibarros@example.org,43,Cuba,Family
8061,Bento Fernandes,msales@example.com,57,Ilhas dos Cocos,Premium
8062,Beatriz Pastor,maria-isisvasconcelos@example.com,39,Nepal,Premium
8063,Ravi Lucca Dias,matteovieira@example.com,37,Gabão,Premium
8064,Maria Julia Oliveira,rhavi32@example.org,68,Paracel Islands,Free
8065,Giovanna Moura,fcirino@example.org,69,Ilha de Man,Free
8066,Samuel Cavalcante,pintoravy@example.com,69,Coreia do Sul,Free
8067,Ana Sophia Araújo,hdias@example.net,39,Congo-Brazzaville,Premium
8068,Lara Borges,melobella@example.net,44,Marrocos,Free
8069,José Moreira,fernandesbrayan@example.com,61,Ilha do Natal,Free
8070,Eloá Machado,maria-sophiada-costa@example.com,64,Quirguizistão,Premium
8071,Henrique Monteiro,melina90@example.net,53,República Centro-Africana,Free
8072,João Vitor Ramos,marcos-vinicius72@example.com,19,Índia,Family
8073,Arthur Rocha,lais08@example.org,40,Roménia,Free
8074,Ana Beatriz Oliveira,luisacassiano@example.net,52,Geórgia do Sul e Sandwich do Sul,Premium
8075,Camila Lima,da-cruzluan@example.com,52,Ilhas Cook,Family
8076,Sr. Dante da Conceição,leopereira@example.org,23,Venezuela,Free
8077,Breno das Neves,ybarbosa@example.com,31,Domínica,Premium
8078,José Pedro Cavalcante,pporto@example.net,55,Gana,Family
8079,Ana Julia Casa Grande,kmendes@example.org,18,Madagascar,Family
8080,Jade Ramos,pietracarvalho@example.net,64,Estônia,Free
8081,Sr. Juan Freitas,jrocha@example.net,30,Marianas do Norte,Family
8082,Sara Rocha,liamgarcia@example.org,23,Guiné Equatorial,Premium
8083,Rafael Borges,edas-neves@example.net,35,Roménia,Family
8084,Maria Sophia Santos,gustavoda-conceicao@example.com,47,Macedônia do Norte,Premium
8085,Anthony Peixoto,novaeseduarda@example.net,57,Costa do Marfim,Free
8086,Laura da Conceição,dfernandes@example.org,33,Paracel Islands,Free
8087,Ágatha Barbosa,enrico15@example.net,44,Ilhas Cook,Free
8088,Mariana Caldeira,maria-helena33@example.com,54,Burundi,Free
8089,Arthur Miguel Carvalho,hbarbosa@example.org,41,Níger,Premium
8090,Manuella Albuquerque,fda-luz@example.com,41,Birmânia,Family
8091,Ana Laura da Mata,lorena09@example.org,47,Argélia,Free
8092,Vinicius Costa,iborges@example.org,50,Sudão,Premium
8093,Gabriel Cassiano,gomesfrancisco@example.com,43,Bermudas,Free
8094,Aurora Ribeiro,maria-sophia96@example.net,21,Burquina Faso,Free
8095,Dante Câmara,julianalopes@example.org,21,Catar,Family
8096,Ana Laura Sá,nathansilveira@example.net,51,Lituânia,Family
8097,Léo Viana,davi-lucca31@example.net,28,Espanha,Free
8098,Vitor Gabriel da Paz,ecasa-grande@example.org,64,Guam,Family
8099,Dra. Pietra da Rocha,ocasa-grande@example.net,35,Bolívia,Premium
8100,Ana Liz Barbosa,francisco19@example.net,60,Mauritânia,Free
8101,Yago Gomes,vrezende@example.net,23,Quirguizistão,Free
8102,Isis Vasconcelos,yrocha@example.org,66,Costa do Marfim,Premium
8103,Matteo Rios,vianaravi-lucca@example.net,60,Lituânia,Premium
8104,Felipe Ferreira,usantos@example.com,56,Costa Rica,Family
8105,Breno da Rocha,candrade@example.net,51,Brasil,Free
8106,Maria Isis Camargo,pmoraes@example.com,43,Macau,Free
8107,Sr. Heitor Rodrigues,costelaisabel@example.org,19,Porto Rico,Premium
8108,Rafael Nogueira,aparecidaluna@example.org,51,Singapura,Family
8109,Maria Liz Fonseca,ffonseca@example.org,36,Serra Leoa,Free
8110,Camila Pires,piresmanuela@example.org,36,Brunei,Family
8111,Isadora Sousa,ulima@example.com,45,Domínica,Family
8112,Samuel Teixeira,melina96@example.org,20,Bangladesh,Premium
8113,Oliver Vargas,acorreia@example.org,34,Luxemburgo,Premium
8114,Dra. Isabella Cassiano,sguerra@example.net,36,Samoa,Premium
8115,Hadassa Sales,marqueshenry@example.net,20,Chipre,Premium
8116,Aylla Camargo,alvesbento@example.org,41,Rússia,Family
8117,Joana Pastor,maria-julia29@example.com,28,Bahamas,Premium
8118,Luigi Jesus,enzoalves@example.net,35,Egito,Family
8119,Dom da Luz,abreumaria-luiza@example.com,58,Libéria,Premium
8120,Noah Farias,mateuslima@example.com,50,Ilha Norfolk,Free
8121,Yago Pires,das-nevesdavi-lucca@example.net,49,Ilhas Heard e McDonald,Premium
8122,Larissa Fogaça,diegomartins@example.com,37,Grécia,Premium
8123,Léo Vieira,sabrinalopes@example.org,19,Samoa Americana,Family
8124,Eduardo Nunes,bcassiano@example.com,70,Ilha do Natal,Free
8125,Ana Clara Moreira,caroline49@example.org,28,Guiné Equatorial,Free
8126,Esther Cassiano,emanuelaraujo@example.com,23,Suriname,Free
8127,Dra. Maria Julia Novais,sophiecastro@example.org,47,Macedônia do Norte,Family
8128,Diego das Neves,isabella19@example.org,46,Montenegro,Premium
8129,Larissa Nunes,maria-julia35@example.com,44,Filipinas,Free
8130,Luara Borges,calebecunha@example.net,39,Ilhas dos Cocos,Free
8131,Heloisa Rios,ucamargo@example.com,44,Anguila,Premium
8132,Theodoro Pastor,ncamara@example.org,35,Ilhas Virgens Britânicas,Free
8133,José Pedro Alves,smendes@example.net,61,Andorra,Premium
8134,Davi Albuquerque,barrosantonella@example.net,42,Suazilândia,Free
8135,Ester Castro,novaesluigi@example.com,69,Indonésia,Family
8136,Maria Pimenta,mariah19@example.net,38,Micronésia,Premium
8137,Antony Almeida,auroracamargo@example.com,27,Guiné-Bissau,Premium
8138,Sr. Ravy Santos,gabrielagoncalves@example.com,67,Itália,Family
8139,Marcelo Moraes,amanda13@example.org,30,Equador,Premium
8140,Fernanda Sales,fernandesvalentina@example.org,69,Comores,Family
8141,Dr. Otávio Moura,vianahelena@example.com,58,Ilhas Virgens Americanas,Free
8142,Eduardo Lopes,luiz-henrique41@example.net,62,Niue,Free
8143,Esther Carvalho,ravi56@example.org,62,Geórgia,Premium
8144,Caroline Cassiano,luccada-mota@example.com,21,República Dominicana,Premium
8145,Arthur Marques,vitor-gabriel88@example.org,58,Albânia,Premium
8146,Sabrina Azevedo,ana-julia78@example.net,22,Mauritânia,Free
8147,Sophie Fogaça,sarahgomes@example.net,36,Taiwan,Premium
8148,Sra. Maria Liz Jesus,helena13@example.com,70,Luxemburgo,Premium
8149,Sr. José Pedro das Neves,limarhavi@example.net,68,Paquistão,Free
8150,Ana Júlia Fonseca,sfernandes@example.net,47,Ilha Norfolk,Premium
8151,Yago Guerra,fnovaes@example.org,53,Gabão,Family
8152,Lara Fogaça,sousagael@example.com,18,África do Sul,Free
8153,Enzo Macedo,caldeirabianca@example.com,40,Vaticano,Free
8154,Sr. Thomas Souza,oliverbrito@example.com,47,Roménia,Family
8155,Ayla Pimenta,marcelo54@example.org,62,Croácia,Free
8156,Melina Costela,sagael@example.net,50,Andorra,Premium
8157,Samuel Andrade,djesus@example.org,21,Grécia,Family
8158,Aurora Camargo,vlima@example.com,67,Dhekelia,Family
8159,Brenda Vargas,ribeirocaio@example.org,19,Zâmbia,Free
8160,Sra. Clarice Castro,bjesus@example.com,24,Suriname,Premium
8161,Bianca da Cunha,mathias12@example.org,33,Bulgária,Free
8162,Théo Mendes,silveirayan@example.org,62,Tunísia,Premium
8163,Luiza Pacheco,vieiraemanuella@example.net,65,México,Free
8164,Dra. Hellena Brito,rodrigofreitas@example.net,27,Porto Rico,Family
8165,Gael Vasconcelos,rcavalcanti@example.net,58,Paracel Islands,Free
8166,Liz Barbosa,caioribeiro@example.com,59,Indonésia,Free
8167,Ísis Marques,ooliveira@example.org,32,Panamá,Family
8168,Matteo Cavalcante,viniciusda-costa@example.org,46,Marianas do Norte,Free
8169,Dr. Isaac Ferreira,ngomes@example.com,29,Ilhas Falkland,Free
8170,Sr. Gael Henrique Borges,ualves@example.com,70,Antígua e Barbuda,Premium
8171,Ísis Carvalho,ayla27@example.net,70,Angola,Free
8172,Bernardo Monteiro,manuella73@example.net,28,Croácia,Free
8173,Pietra Teixeira,blima@example.net,35,República Centro-Africana,Free
8174,Davi Miguel Novais,maria-ceciliacirino@example.com,19,Bahamas,Premium
8175,Gael Henrique Siqueira,ccamargo@example.com,20,São Marinho,Premium
8176,Luna Azevedo,pedro-miguelalmeida@example.org,45,Polinésia Francesa,Free
8177,Yasmin Montenegro,antonellaalves@example.com,30,União Europeia,Premium
8178,João Miguel Aragão,luiz-otaviofogaca@example.org,41,Afeganistão,Family
8179,Ana Liz Pacheco,ana-vitoriaalbuquerque@example.org,30,Sara Ocidental,Family
8180,Laura Nunes,gomescamila@example.net,70,Antilhas Holandesas,Free
8181,Olivia Rezende,joao-lucasaraujo@example.com,48,Ilhas Cook,Premium
8182,Ravi Lucca da Rocha,cassianoalana@example.com,46,Egito,Free
8183,Clara Costa,anna-lizcastro@example.net,24,Sri Lanka,Premium
8184,Ana Beatriz Montenegro,silveiraluiz-otavio@example.com,32,Mônaco,Premium
8185,Sr. José Pedro Camargo,nogueiraolivia@example.com,27,Eslováquia,Premium
8186,Srta. Ana Liz da Paz,icunha@example.net,23,Montenegro,Premium
8187,Ágatha Fernandes,das-nevesenzo-gabriel@example.net,64,Papua-Nova Guiné,Premium
8188,Sra. Luiza Leão,matheus35@example.org,60,Chipre,Free
8189,João Miguel Melo,nda-costa@example.com,29,Lituânia,Family
8190,Sra. Cecília Aparecida,da-motaana-beatriz@example.net,62,Bielorrússia,Family
8191,Lucas Santos,bryan78@example.net,59,Sara Ocidental,Premium
8192,Dr. Leandro Cunha,isadora32@example.org,49,Andorra,Family
8193,Daniel Pereira,egarcia@example.com,67,Gana,Premium
8194,Ian Moraes,nicole48@example.net,33,Pitcairn,Family
8195,Pedro Barbosa,da-conceicaohenry@example.net,66,Mali,Premium
8196,Ester Pastor,hbarros@example.com,27,Macedônia do Norte,Free
8197,Jade Pastor,marcelosilveira@example.org,22,Antilhas Holandesas,Premium
8198,Luan Leão,oliveiraotavio@example.org,27,Costa do Marfim,Free
8199,Vicente Sá,barroslavinia@example.net,29,Congo-Brazzaville,Free
8200,Carolina Aparecida,hpastor@example.org,37,Samoa Americana,Family
8201,Vinícius Gonçalves,anovaes@example.org,33,Maldivas,Family
8202,Sara Fernandes,mathias50@example.com,56,Ilhas Falkland,Free
8203,Lívia Vieira,emillyda-cruz@example.org,60,Liechtenstein,Family
8204,Paulo Sá,sofia81@example.net,19,Congo-Kinshasa,Family
8205,Nina Souza,tda-rocha@example.org,24,México,Free
8206,Maria Cecília Ribeiro,ferreiraesther@example.com,37,Guam,Free
8207,Henrique Ferreira,iabreu@example.net,68,Albânia,Free
8208,Sra. Marina Mendes,ana-luizaalbuquerque@example.com,43,União Europeia,Family
8209,Melissa Câmara,vargaseloah@example.com,55,Guiné-Bissau,Family
8210,Breno Casa Grande,antonio54@example.org,28,Turquemenistão,Free
8211,Maria Liz da Conceição,maria-ceciliada-paz@example.com,31,Croácia,Family
8212,Luiza Brito,diego97@example.com,19,Trindade e Tobago,Family
8213,Guilherme Cavalcante,mariana99@example.org,51,Jamaica,Premium
8214,Yan Almeida,lalbuquerque@example.org,53,Madagascar,Premium
8215,Heloisa da Rocha,ymontenegro@example.org,62,Costa do Marfim,Family
8216,Vitor Cassiano,tda-rosa@example.org,61,Arábia Saudita,Premium
8217,Marcelo Vargas,olivia12@example.org,45,Kuwait,Free
8218,Anthony Moraes,handrade@example.com,21,Suriname,Family
8219,Luiz Henrique Abreu,aparecidaisabella@example.com,37,Ilha de Man,Premium
8220,Miguel Câmara,aragaojade@example.org,50,Maldivas,Premium
8221,Pietro Nunes,marinasiqueira@example.net,40,Síria,Free
8222,Antony Gonçalves,marinamendes@example.org,36,Groenlândia,Family
8223,Sra. Maria Isis Mendes,jmachado@example.com,32,Tanzânia,Family
8224,Kevin Sales,joao-gabriel20@example.net,24,Serra Leoa,Free
8225,Joaquim Vargas,qfonseca@example.org,43,Emirados Árabes Unidos,Free
8226,Carolina Macedo,bentoda-luz@example.org,47,Marrocos,Family
8227,Arthur da Paz,fjesus@example.net,21,Akrotiri,Free
8228,Sr. Felipe Novaes,maria-julia88@example.com,53,Faroé,Free
8229,Ana Lívia Ribeiro,barrosbreno@example.com,29,Grécia,Premium
8230,Alexandre Novais,enricoaparecida@example.org,67,Chile,Family
8231,Rebeca Marques,jpires@example.net,59,Taiwan,Free
8232,Bryan Moraes,costaluiza@example.org,29,Rússia,Premium
8233,Ana Carolina Dias,wdias@example.org,39,República Dominicana,Premium
8234,Manuela Rezende,opastor@example.com,59,Andorra,Family
8235,Alice Casa Grande,limavicente@example.net,64,Finlândia,Premium
8236,Maria Clara Alves,maria-alice46@example.org,32,Groenlândia,Family
8237,Gael Henrique Pires,cardosobruno@example.net,20,Santa Lúcia,Family
8238,Maria Julia Fernandes,ceciliaporto@example.com,31,Guiné,Family
8239,Stephany Sousa,ssousa@example.com,48,Islândia,Free
8240,Sabrina Dias,hadassacostela@example.net,31,Dinamarca,Premium
8241,Ana Vitória Ferreira,machadoisadora@example.com,22,Estônia,Family
8242,Zoe Pereira,kleao@example.com,56,Seicheles,Free
8243,Sra. Melissa Aragão,rcastro@example.org,53,Senegal,Premium
8244,João Felipe Pastor,mariah67@example.org,51,Tajiquistão,Premium
8245,Luiz Fernando Borges,luiz-henriqueda-rocha@example.com,25,República Centro-Africana,Family
8246,Henry Cassiano,nogueirajoao-pedro@example.org,50,Noruega,Free
8247,Anthony Sousa,xda-rocha@example.com,42,Jordânia,Premium
8248,Dra. Mirella Aparecida,sarah43@example.com,29,Croácia,Free
8249,Enzo Casa Grande,gabriel94@example.net,53,Suriname,Free
8250,Mathias Azevedo,gpeixoto@example.org,26,Ilhas Heard e McDonald,Premium
8251,Sr. Ravy Gomes,fernandeszoe@example.com,22,Dhekelia,Premium
8252,Maria Luiza Rocha,zda-mota@example.com,52,Israel,Free
8253,Rhavi Andrade,arthur-miguel09@example.org,61,Dinamarca,Premium
8254,Ísis Casa Grande,kevinazevedo@example.org,48,Maurícia,Family
8255,Gustavo Farias,fogacaantonella@example.com,29,Dinamarca,Family
8256,Natália Machado,apolloazevedo@example.com,64,Bielorrússia,Premium
8257,Marcelo Vieira,stellaborges@example.com,22,Gabão,Family
8258,Pedro Henrique Leão,rsampaio@example.org,27,Costa do Marfim,Family
8259,Vitor Hugo Câmara,fariasjoana@example.com,32,Trindade e Tobago,Premium
8260,Maria Fernanda Fernandes,da-matabenicio@example.com,59,Granada,Free
8261,Maria Eduarda Monteiro,antonio28@example.org,70,Santa Helena,Family
8262,André Cavalcanti,maria-luisafonseca@example.net,56,São Cristóvão e Neves,Premium
8263,Laís Jesus,fonsecajose@example.net,46,Svalbard e Jan Mayen,Free
8264,Laura Pereira,moraesaugusto@example.org,66,Vanuatu,Family
8265,Dr. Kevin Barbosa,albuquerquemelissa@example.org,68,Guam,Free
8266,Bruna Fonseca,agathacavalcanti@example.org,61,Geórgia,Free
8267,Sra. Kamilly Carvalho,goliveira@example.com,29,Macau,Family
8268,Sra. Lavínia Ferreira,samuel29@example.net,36,Mauritânia,Free
8269,Srta. Isabela Sales,elisa75@example.com,69,Polinésia Francesa,Premium
8270,Henry Gabriel Nogueira,henryandrade@example.com,27,Nova Caledónia,Free
8271,Vinícius Alves,ferreirabryan@example.org,34,Peru,Premium
8272,Maria Flor Martins,aribeiro@example.org,57,Egito,Free
8273,Luísa Duarte,maya33@example.net,47,África do Sul,Free
8274,Dra. Raquel da Mota,murilomendes@example.net,44,Angola,Family
8275,Alice Carvalho,sampaioana-cecilia@example.net,23,Suíça,Free
8276,Maria Clara Dias,vsales@example.com,51,Argélia,Family
8277,Dr. Fernando Garcia,bruno05@example.org,60,Eslováquia,Free
8278,Vitor Gabriel Campos,ypinto@example.com,62,Sri Lanka,Family
8279,Ryan Andrade,bella46@example.org,51,Hong Kong,Premium
8280,Ísis Almeida,da-cunhaisaque@example.net,54,Catar,Family
8281,Marina Cassiano,ravi-luccamontenegro@example.net,22,Ilhas Marshall,Family
8282,Dr. Cauã Melo,guilhermemoura@example.org,44,Gâmbia,Family
8283,Luísa Vargas,rafaelrodrigues@example.net,31,Ilhas Cook,Free
8284,Hellena Lima,bryan05@example.org,66,Mayotte,Free
8285,João Gabriel Pimenta,joao-felipefernandes@example.net,63,Ilhas Heard e McDonald,Free
8286,Joana Rezende,gustavo-henrique51@example.net,39,Barbados,Family
8287,Gabrielly Fernandes,rnascimento@example.org,42,Guernsey,Free
8288,Caleb Gomes,pedro06@example.org,54,Congo-Brazzaville,Family
8289,Maria Cecília Marques,lunaalbuquerque@example.org,34,Rússia,Premium
8290,Ana Luiza Gonçalves,rochadavi-miguel@example.com,42,Senegal,Free
8291,Murilo Barros,mendoncamilena@example.org,37,Taiwan,Free
8292,Sr. Gustavo Henrique Moraes,xsilva@example.net,37,Tunísia,Free
8293,João Guilherme Câmara,souzamaria-julia@example.net,59,Ilhas Virgens Americanas,Family
8294,Agatha da Cruz,eda-luz@example.org,22,Etiópia,Premium
8295,Ana Júlia Fernandes,theodororamos@example.net,60,Sri Lanka,Family
8296,Sra. Eduarda da Cruz,odias@example.net,63,Anguila,Family
8297,Srta. Mariah Cirino,tcunha@example.org,60,Aruba,Free
8298,João Caldeira,da-cunharodrigo@example.net,45,Croácia,Free
8299,Alícia Pires,jcosta@example.com,25,Antígua e Barbuda,Family
8300,Sabrina Pastor,maria-laura91@example.com,21,Maldivas,Family
8301,Sr. Ian Azevedo,nicolas26@example.com,27,Coreia do Sul,Family
8302,Mariah Oliveira,smoreira@example.org,52,Austrália,Family
8303,Maria Laura Jesus,mguerra@example.com,27,Israel,Free
8304,Sra. Emilly Rios,jda-costa@example.net,36,Vietnam,Family
8305,Isabel Camargo,dnovaes@example.com,23,Niue,Premium
8306,Manuela Campos,jesusliz@example.com,24,Eslováquia,Premium
8307,Ravy Mendes,qvargas@example.com,40,Coreia do Norte,Premium
8308,Sr. Benjamin Vasconcelos,julianavasconcelos@example.net,42,México,Family
8309,Sofia da Mata,pastorhenrique@example.com,49,Libéria,Free
8310,Enzo Gabriel Vasconcelos,heloisaguerra@example.net,61,Mauritânia,Family
8311,Helena Farias,lpimenta@example.net,40,Santa Lúcia,Family
8312,Rafaela Aragão,novaesnicole@example.org,25,Suriname,Family
8313,Murilo Gomes,pedro-lucascarvalho@example.com,35,Argélia,Free
8314,Vitória Aparecida,sofiaramos@example.net,55,Taiwan,Family
8315,Melina Pastor,livia60@example.net,28,Zimbábue,Free
8316,Eduardo Gomes,riosmilena@example.net,68,Congo-Kinshasa,Free
8317,Bernardo Souza,maria-sophiarodrigues@example.com,65,Nicarágua,Premium
8318,Manuella Marques,larissaduarte@example.org,66,Salvador,Premium
8319,Miguel Cassiano,isis50@example.net,55,Antártica,Free
8320,João Felipe Araújo,luiz-miguelviana@example.org,61,Dinamarca,Premium
8321,Theo Pires,marquesgabrielly@example.net,20,Guiné-Bissau,Premium
8322,Gael Henrique Sales,leo29@example.org,41,Tonga,Premium
8323,Sr. Igor Silva,sophiamartins@example.net,36,Lituânia,Free
8324,Elisa Cavalcanti,alvescaio@example.com,41,Áustria,Premium
8325,Catarina Fernandes,isisda-costa@example.net,30,Bangladesh,Family
8326,Eduardo Machado,rcampos@example.net,32,Japão,Premium
8327,Luiz Henrique Campos,leonardo09@example.org,48,Granada,Premium
8328,Stephany da Costa,camposjade@example.org,53,Finlândia,Free
8329,Nina Pires,rodrigoteixeira@example.net,52,Mônaco,Family
8330,Dr. Lucas Novaes,arthurcardoso@example.org,42,Kuwait,Premium
8331,Vitor Hugo Silveira,dmendes@example.com,45,Ilhas Salomão,Family
8332,José Pedro Cirino,gnunes@example.org,25,Guernsey,Family
8333,Samuel Mendes,manuella30@example.net,30,Vanuatu,Family
8334,Arthur Miguel Camargo,maria-helenamendonca@example.org,21,Guernsey,Free
8335,João Vitor Vieira,matteoguerra@example.com,57,Guiné Equatorial,Premium
8336,Lavínia Borges,bcarvalho@example.org,57,Síria,Family
8337,Fernanda Silva,leandropinto@example.com,33,Bolívia,Family
8338,Maria Helena Gonçalves,luara78@example.com,29,Chade,Free
8339,Lorenzo Barbosa,rodriguesyuri@example.org,53,Quiribáti,Premium
8340,Dr. Dante Gonçalves,barbosajose-pedro@example.com,35,Irlanda,Free
8341,Oliver Costela,pleao@example.com,24,Bangladesh,Premium
8342,Benício Lopes,pedro-miguelfreitas@example.org,27,Moçambique,Family
8343,Mariana Correia,alexia01@example.org,23,Equador,Premium
8344,Heitor da Conceição,aragaocaroline@example.org,66,Omã,Family
8345,Sr. Fernando Câmara,luccada-mata@example.net,39,República Checa,Premium
8346,Allana Oliveira,gustavooliveira@example.com,50,Jibuti,Family
8347,João Felipe Moraes,maria-luizadias@example.com,32,Guernsey,Premium
8348,Sr. Pedro Miguel Santos,joaquimmoreira@example.com,60,Portugal,Premium
8349,Breno Siqueira,jesusbernardo@example.net,46,Micronésia,Family
8350,Dr. Erick Abreu,fonsecajoao@example.com,47,Suriname,Family
8351,Dr. Luigi Rios,carolinedas-neves@example.net,58,Nova Zelândia,Family
8352,Dr. Cauê Aragão,caldeiramaria-alice@example.com,49,Nova Zelândia,Premium
8353,Marina Fogaça,pachecomatheus@example.net,51,Malávi,Premium
8354,Bernardo Vargas,costaarthur-gabriel@example.com,38,Etiópia,Premium
8355,Brenda Fernandes,uda-rocha@example.net,25,Ilha Bouvet,Family
8356,Julia Sampaio,leaogustavo@example.org,24,Akrotiri,Premium
8357,Sofia da Costa,moreirajade@example.org,65,Ilhas Virgens Americanas,Family
8358,Ana Julia Campos,maria-cecilia78@example.org,32,Afeganistão,Family
8359,Sabrina Peixoto,limaenzo@example.com,39,Geórgia do Sul e Sandwich do Sul,Premium
8360,Levi Souza,osouza@example.org,31,Tuvalu,Premium
8361,Rebeca Mendes,brenda34@example.net,41,Alemanha,Family
8362,Dr. André Marques,sophiepeixoto@example.com,34,Angola,Premium
8363,Ana Laura Camargo,omarques@example.net,44,Ilhas dos Cocos,Premium
8364,Ana Andrade,leaodiogo@example.com,41,Paraguai,Free
8365,Anna Liz Nascimento,maria-laura99@example.com,31,Egito,Free
8366,Sr. Enzo Rocha,leandro40@example.net,45,Território Britânico do Oceano Índico,Premium
8367,Apollo Moraes,leocamargo@example.net,44,Dhekelia,Premium
8368,Evelyn Casa Grande,luna57@example.net,47,Mauritânia,Premium
8369,Lunna da Paz,marquesbella@example.com,50,Polônia,Family
8370,Manuella Ribeiro,antoniocorreia@example.net,35,Belize,Premium
8371,Dr. Miguel Borges,henry-gabrieloliveira@example.org,68,Letônia,Family
8372,Antônio Montenegro,brenda49@example.org,18,Hong Kong,Premium
8373,Lunna da Cunha,sborges@example.net,57,Nova Zelândia,Family
8374,Maria Clara da Cunha,joao-lucas91@example.org,51,Chade,Free
8375,Liam Machado,sofia79@example.org,62,Argentina,Premium
8376,Sr. Noah Caldeira,diegonovaes@example.com,37,Guernsey,Family
8377,Dr. Luiz Felipe Campos,sazevedo@example.com,33,Índia,Free
8378,Erick Cavalcanti,aurorasouza@example.org,19,Haiti,Premium
8379,Ágatha Mendes,tda-rosa@example.net,28,Marianas do Norte,Premium
8380,Antonella Oliveira,olivia89@example.net,65,União Europeia,Family
8381,Samuel da Mota,anthony-gabrielbarbosa@example.net,30,Ilhas Salomão,Family
8382,Maria Eduarda Novais,silvarebeca@example.org,33,Polinésia Francesa,Family
8383,Letícia Cassiano,maria-clarada-rocha@example.org,45,Israel,Family
8384,João Felipe da Rocha,jose-pedro35@example.com,39,Palau,Free
8385,Diogo Souza,zsilva@example.net,37,Coreia do Sul,Free
8386,Isabel Abreu,alexandrepacheco@example.net,39,Bolívia,Free
8387,Ana Laura da Rosa,siqueiracaleb@example.net,43,Faroé,Free
8388,Olívia Lopes,pedro-miguelcostela@example.org,66,Camarões,Family
8389,Felipe da Paz,liz50@example.com,48,Irlanda,Free
8390,Sara Cunha,joao-gabrielnovaes@example.net,68,Barbados,Premium
8391,Ísis Siqueira,pedro-lucasrodrigues@example.org,42,Coral Sea Islands,Free
8392,Eloá Casa Grande,da-rosabrayan@example.org,27,Croácia,Free
8393,Aylla Gonçalves,ycassiano@example.net,64,Malta,Premium
8394,Léo Campos,pastorcarolina@example.org,32,Kuwait,Family
8395,Benicio Martins,ninada-rosa@example.org,67,Letônia,Family
8396,Pedro Henrique Peixoto,cunhayago@example.net,42,Islândia,Family
8397,Matteo Albuquerque,pachecopedro-lucas@example.net,67,Colômbia,Family
8398,Benício Ramos,albuquerquemaria-isis@example.com,36,Lituânia,Premium
8399,Bruno da Mota,agatha75@example.net,47,Ashmore and Cartier Islands,Family
8400,Fernando Cavalcanti,costalaura@example.org,41,Polônia,Free
8401,Sophie Nunes,maria-fernandavieira@example.org,39,Vanuatu,Family
8402,Oliver Alves,leonardo71@example.org,44,Cuba,Premium
8403,Luiz Otávio Oliveira,brendamoura@example.net,29,Laos,Family
8404,João Miguel Barros,vinicius10@example.com,59,Jan Mayen,Family
8405,Alícia Alves,novaesandre@example.com,57,Andorra,Free
8406,Maria Cecília Câmara,sabrina22@example.org,26,Namíbia,Free
8407,Ravi Lucca da Rocha,diasmatteo@example.org,59,Lituânia,Free
8408,Sr. Asafe Gonçalves,maria-lauracirino@example.com,66,Suriname,Family
8409,Arthur Miguel Souza,hadassaalmeida@example.net,27,Honduras,Free
8410,Dr. Otto Pinto,csales@example.org,50,Países Baixos,Free
8411,Cecilia Sousa,daniela17@example.com,24,Armênia,Premium
8412,Thales Ramos,hfarias@example.net,18,Nova Caledónia,Free
8413,Caleb da Conceição,bella28@example.com,31,Índia,Free
8414,Marcela Fogaça,dante33@example.com,65,Palau,Family
8415,Pedro Miguel Marques,carolinepimenta@example.com,55,Marrocos,Free
8416,Luigi Gomes,kamillypacheco@example.org,56,Eslováquia,Free
8417,Vitória Pires,camposluana@example.com,26,Groenlândia,Premium
8418,Beatriz Rezende,zoelopes@example.com,40,Cuba,Premium
8419,Vitor Abreu,nviana@example.net,42,Catar,Family
8420,José Miguel Porto,alexandre25@example.net,26,Vaticano,Family
8421,Leandro Costela,almeidaalexia@example.com,31,Coreia do Norte,Free
8422,Emanuella Siqueira,zoe86@example.com,61,Fiji,Free
8423,Davi Cirino,rodriguesamanda@example.com,65,Gâmbia,Family
8424,Francisco Pastor,ida-rosa@example.com,67,Letônia,Premium
8425,Emanuel Barros,heitornovaes@example.com,37,França,Premium
8426,Rafaela Cavalcante,ysilva@example.net,45,Suíça,Premium
8427,Lorena Melo,anthony-gabrielalbuquerque@example.net,19,Suriname,Family
8428,Henry Gabriel Pastor,gustavo-henriqueda-luz@example.org,19,Wallis e Futuna,Premium
8429,Manuella Cavalcanti,pereiracecilia@example.com,35,Micronésia,Premium
8430,João Miguel Ferreira,calebbrito@example.org,60,Pitcairn,Premium
8431,Srta. Marcela Pimenta,kfonseca@example.net,21,Namíbia,Family
8432,Heloísa da Luz,joao-gabriel08@example.org,51,Costa Rica,Family
8433,Júlia Moraes,sabrina39@example.net,18,Cazaquistão,Free
8434,Maria Vitória Lopes,antonio60@example.org,56,Bielorrússia,Family
8435,Maria Alice Leão,gael-henrique93@example.net,68,Albânia,Free
8436,Elisa Aparecida,azevedonicolas@example.org,21,Arábia Saudita,Free
8437,Carlos Eduardo das Neves,mgomes@example.net,49,Tunísia,Premium
8438,Maria Luiza Pereira,sarahcarvalho@example.org,21,Suécia,Free
8439,Sr. Samuel Jesus,rcasa-grande@example.com,65,Tailândia,Free
8440,Maria Eduarda Rodrigues,rebeca80@example.org,37,Eritreia,Premium
8441,Srta. Ágatha Abreu,luisapinto@example.org,19,Jordânia,Premium
8442,Yan Viana,beniciofogaca@example.net,35,Sudão,Family
8443,Ravi Nunes,gduarte@example.org,25,Suriname,Premium
8444,Sra. Ana Julia Machado,alvesjoao-gabriel@example.net,23,Cuba,Free
8445,Ana Luiza Barbosa,araujopedro-miguel@example.net,61,Áustria,Family
8446,Melina Monteiro,yagorocha@example.com,40,Chile,Premium
8447,Manuella Fogaça,joao-felipe06@example.org,24,Austrália,Premium
8448,Maria Isis das Neves,da-rosaluiz-felipe@example.com,18,Quênia,Family
8449,Isabela Rezende,jesusalexia@example.net,56,Guiana,Premium
8450,Brenda Casa Grande,oliveirahenry-gabriel@example.org,26,Chade,Family
8451,Gael Albuquerque,laura73@example.com,59,Suíça,Premium
8452,Sr. Lucas Gabriel Cirino,yuricassiano@example.org,33,Croácia,Free
8453,Dra. Ágatha Nascimento,larissa08@example.com,69,Malta,Family
8454,Daniela Cavalcante,murilomendonca@example.org,33,Turquemenistão,Premium
8455,Ryan Monteiro,hmacedo@example.org,59,Congo-Kinshasa,Premium
8456,Jade da Cruz,pda-cruz@example.com,34,Samoa Americana,Free
8457,Vicente Fonseca,joao-gabrielsantos@example.org,18,Kuwait,Free
8458,Dra. Valentina Fernandes,fernando69@example.net,59,Islândia,Premium
8459,Alexia Cunha,gaparecida@example.net,30,Tajiquistão,Family
8460,Sr. Benjamim Aragão,maria-isis92@example.net,57,Uganda,Free
8461,Nicolas das Neves,costelaolivia@example.net,18,Dhekelia,Premium
8462,Levi Borges,jade06@example.net,33,Zâmbia,Premium
8463,Theodoro Rocha,fmoreira@example.org,34,Jamaica,Free
8464,Antonella Moreira,mendoncajosue@example.com,45,Barein,Family
8465,Enzo Gabriel Almeida,gabrielda-paz@example.org,36,Eslovênia,Premium
8466,Ravi Lucca Fonseca,qnovais@example.net,35,São Vicente e Granadinas,Premium
8467,Noah Alves,pedro-lucasbarbosa@example.com,56,Lituânia,Family
8468,Dra. Maitê Costa,barbosavinicius@example.org,64,Malávi,Premium
8469,Dra. Ana Cecília Freitas,gramos@example.org,69,Mayotte,Premium
8470,Caroline Rezende,gael-henrique55@example.org,57,Libéria,Premium
8471,Gabriela Brito,nvasconcelos@example.net,34,Moçambique,Premium
8472,Juan Vargas,gribeiro@example.net,34,Guernsey,Premium
8473,Srta. Maria Vitória Freitas,imoraes@example.org,62,Paquistão,Free
8474,Sra. Luísa Aparecida,caroline36@example.net,22,Sudão,Premium
8475,Murilo Leão,gabriel52@example.net,38,Chipre,Free
8476,Nicolas Barros,alexia73@example.org,24,Uganda,Family
8477,Ísis Borges,mourajoao-felipe@example.org,50,Marrocos,Premium
8478,Alice Cavalcante,xaragao@example.net,20,República Checa,Family
8479,Bryan da Cunha,ravi52@example.org,35,Mônaco,Premium
8480,André Siqueira,mariahdas-neves@example.net,37,África do Sul,Free
8481,Yuri Vargas,olivia54@example.org,60,Navassa Island,Family
8482,Kaique Lima,abreuester@example.org,24,Domínica,Free
8483,Dra. Sofia da Luz,ribeirotheo@example.net,46,Indonésia,Family
8484,Marcelo Campos,vieiraenzo-gabriel@example.org,39,Bielorrússia,Family
8485,Ravy Brito,epereira@example.net,62,Maldivas,Premium
8486,Olivia Montenegro,lara23@example.com,49,Colômbia,Premium
8487,Matteo Borges,gabrielly98@example.com,70,Seicheles,Premium
8488,Elisa da Costa,renan78@example.com,55,Líbia,Premium
8489,Olívia Silva,emanuelferreira@example.net,39,Salvador,Family
8490,Dr. Anthony Gabriel da Mota,mendeszoe@example.com,59,Equador,Free
8491,Isabela Castro,mirellasilva@example.net,34,Anguila,Premium
8492,Yan Fernandes,ocostela@example.net,30,Argélia,Family
8493,Henrique Carvalho,josepeixoto@example.org,48,Namíbia,Premium
8494,Ana Lívia Cirino,isabellycassiano@example.net,66,Samoa,Premium
8495,Luan Câmara,ada-mota@example.net,45,República Dominicana,Family
8496,Luiz Otávio Sá,sda-luz@example.org,26,Eritreia,Premium
8497,Yan Almeida,rodrigo54@example.com,18,Brasil,Free
8498,Helena Macedo,cavalcantelarissa@example.net,50,Jan Mayen,Free
8499,Henry Campos,silveiracaue@example.org,34,Peru,Premium
8500,Sr. Vinicius Peixoto,ana-laura17@example.org,22,Ilhas dos Cocos,Free
8501,Murilo Carvalho,ccorreia@example.com,43,Finlândia,Family
8502,Maya Machado,emanuellypires@example.org,37,Guiné,Family
8503,Ravi Barros,araujojoao-gabriel@example.com,33,Porto Rico,Premium
8504,Stephany Araújo,bernardo94@example.com,56,Pitcairn,Free
8505,Sr. Augusto Montenegro,kvasconcelos@example.com,53,Akrotiri,Family
8506,Juan Oliveira,rbarbosa@example.org,22,Liechtenstein,Family
8507,Lucas Gabriel Nunes,levipereira@example.org,70,Tonga,Free
8508,Nathan Sousa,vicente71@example.org,63,Azerbaijão,Family
8509,Guilherme Aparecida,isisduarte@example.org,21,Santa Lúcia,Free
8510,Antônio Sampaio,ceciliafreitas@example.org,60,São Tomé e Príncipe,Premium
8511,Lara Farias,umonteiro@example.org,68,Costa do Marfim,Free
8512,Caleb Brito,wcastro@example.net,18,Tanzânia,Family
8513,Noah Cavalcante,nlopes@example.org,63,Maurícia,Premium
8514,Ana Sá,lorenzo32@example.net,54,Navassa Island,Family
8515,Daniel Cassiano,goncalvesana-vitoria@example.net,44,Macau,Premium
8516,Maitê Costela,imartins@example.net,53,Iraque,Family
8517,Srta. Larissa Andrade,alveshadassa@example.net,56,Sara Ocidental,Free
8518,Lucas Gabriel Sales,ceciliaabreu@example.org,51,Bermudas,Family
8519,Gabriel Novais,sampaiojoao-vitor@example.com,20,Domínica,Free
8520,Liam Pereira,mariahalves@example.org,65,Nauru,Premium
8521,Srta. Lara Camargo,zmonteiro@example.org,45,Antilhas Holandesas,Free
8522,Dr. João Miguel Ribeiro,icosta@example.org,28,Territórios Austrais Franceses,Premium
8523,Brayan Mendonça,qmonteiro@example.com,18,Chile,Family
8524,Isaac Garcia,laviniapastor@example.com,42,Angola,Free
8525,Ísis Ribeiro,jose-pedro21@example.com,39,Ilhas Marshall,Free
8526,Srta. Luara Alves,apollosiqueira@example.com,47,Ilhas Salomão,Premium
8527,André Lopes,luiz-felipecirino@example.net,67,Albânia,Premium
8528,Henry Santos,guilherme57@example.org,60,Ashmore and Cartier Islands,Premium
8529,Ana Beatriz Fernandes,maria-sophiabarbosa@example.com,20,Somália,Family
8530,Laura Caldeira,sarapimenta@example.net,36,Angola,Family
8531,Dra. Isis da Cunha,albuquerquevalentim@example.com,62,Laos,Premium
8532,Isabella Andrade,enzo14@example.org,24,Ilha Norfolk,Family
8533,Vitor Gabriel Souza,marina18@example.com,57,Lituânia,Free
8534,Isaac Macedo,hgarcia@example.org,23,Itália,Family
8535,José Nascimento,brayan48@example.com,40,Vanuatu,Premium
8536,Letícia Brito,kaiquesales@example.net,49,Geórgia,Family
8537,Gael Henrique Duarte,xpastor@example.org,36,Países Baixos,Premium
8538,João Guilherme Viana,jfernandes@example.net,46,Ilha do Natal,Premium
8539,Arthur Miguel Brito,da-motaarthur@example.com,41,Comores,Family
8540,Dra. Hadassa Castro,eloa29@example.org,47,Argentina,Free
8541,Dante Leão,nogueiraasafe@example.com,59,Suazilândia,Family
8542,Sr. Nicolas da Rocha,nogueiramaya@example.net,55,Usbequistão,Premium
8543,Heloísa Rios,gomesjoao-felipe@example.com,21,Ilhas Marshall,Free
8544,Raquel Moura,da-cruzmaria-alice@example.org,51,Quiribáti,Premium
8545,Brenda Ferreira,maria-liz77@example.com,31,Brasil,Free
8546,Dra. Maria Flor Moreira,rdas-neves@example.net,32,Papua-Nova Guiné,Premium
8547,Luiz Henrique Cassiano,zda-conceicao@example.com,18,Ilhas Salomão,Free
8548,Vinícius Silva,raul75@example.com,49,Faroé,Premium
8549,Ana Lívia Duarte,helena61@example.com,69,Mayotte,Family
8550,Luiz Gustavo Vasconcelos,emillymoura@example.net,47,Somália,Family
8551,Pedro Henrique Garcia,vpereira@example.org,30,Turquemenistão,Family
8552,Matteo Cirino,paulo48@example.org,51,Belize,Premium
8553,Aurora Fogaça,augusto51@example.com,38,Paquistão,Free
8554,Sabrina Câmara,pda-luz@example.net,64,Albânia,Premium
8555,Hadassa Martins,maria-julialopes@example.com,48,Nauru,Free
8556,Sr. Pedro Henrique Aragão,pereiragael@example.org,59,África do Sul,Family
8557,Vitor Gabriel Ferreira,souzacaleb@example.com,50,Nigéria,Premium
8558,Isabel Gonçalves,calebe78@example.net,64,Ilha de Man,Free
8559,Yago Nunes,milena27@example.org,51,Macau,Family
8560,Thiago da Mata,leandroda-rocha@example.org,60,Armênia,Free
8561,Vinicius Silva,vargastheodoro@example.org,55,Bolívia,Family
8562,Benicio Cardoso,daniela13@example.org,38,Quiribáti,Free
8563,Levi Porto,joao-pedro91@example.com,67,Panamá,Family
8564,Luiz Fernando Teixeira,henry-gabrielda-rosa@example.org,65,Gibraltar,Family
8565,Rhavi Sá,vgoncalves@example.net,37,Burundi,Premium
8566,Antonella da Conceição,pnunes@example.com,32,Líbano,Premium
8567,Ravy Machado,leandro87@example.com,26,União Europeia,Free
8568,Dra. Ana Lívia Siqueira,ana-juliaribeiro@example.com,30,Argentina,Family
8569,Heloísa Almeida,viniciusramos@example.org,58,Quiribáti,Premium
8570,Yuri das Neves,pachecobella@example.org,70,Antígua e Barbuda,Premium
8571,Paulo Rios,luiz-henrique25@example.com,60,Usbequistão,Free
8572,Luiz Felipe Fogaça,luna76@example.com,35,Guiné,Free
8573,Ana Julia da Cruz,clopes@example.com,63,Líbano,Family
8574,Maria Clara Duarte,mateus24@example.com,49,Seicheles,Family
8575,João Marques,caldeiraester@example.org,51,Ilha de Man,Free
8576,Aylla das Neves,thiago07@example.com,38,Papua-Nova Guiné,Family
8577,Dr. Léo Pacheco,rebecasousa@example.net,44,Birmânia,Free
8578,João Gabriel Moraes,luna81@example.net,59,Monserrate,Family
8579,João Miguel Cavalcante,inovaes@example.net,63,Mauritânia,Premium
8580,Evelyn Ramos,esther36@example.com,50,Cuba,Family
8581,João Lucas Garcia,piresgael-henrique@example.org,27,Afeganistão,Premium
8582,Sr. Josué Abreu,xabreu@example.com,48,Butão,Family
8583,Erick da Paz,luigi23@example.net,70,Mali,Premium
8584,Nicole Santos,gomeskamilly@example.com,31,Burquina Faso,Family
8585,Bryan da Rocha,heloisa18@example.com,32,Andorra,Premium
8586,Anthony da Paz,orezende@example.com,52,Usbequistão,Free
8587,Manuela Carvalho,diogoaparecida@example.com,24,Turquemenistão,Premium
8588,Yasmin Machado,larada-paz@example.org,54,Santa Lúcia,Family
8589,Kevin Barbosa,vianajulia@example.net,27,Maldivas,Premium
8590,Luiz Miguel Ferreira,ayllaporto@example.com,58,Reino Unido,Premium
8591,Vitor Nogueira,yuribarbosa@example.com,19,Togo,Family
8592,Dr. José Mendonça,pastorluiz-henrique@example.com,56,Chile,Family
8593,Ravy Araújo,maria-laurada-rosa@example.net,41,Nova Caledónia,Premium
8594,Mariah Peixoto,thiago67@example.org,51,Chile,Premium
8595,Lunna Garcia,azevedoliz@example.net,36,Eslováquia,Free
8596,Ana Sophia da Conceição,gabrielborges@example.org,18,Brunei,Premium
8597,João Fernandes,manuellada-mata@example.net,45,Tailândia,Free
8598,Esther Jesus,lunanunes@example.com,45,Islândia,Free
8599,Ayla Campos,oborges@example.com,26,Maurícia,Free
8600,Juliana Garcia,dborges@example.net,61,Clipperton Island,Family
8601,Giovanna Silva,mendoncaenzo-gabriel@example.org,55,Equador,Premium
8602,Ana Carolina Brito,pedro-lucas35@example.net,53,Haiti,Family
8603,Otto Siqueira,wabreu@example.org,22,Ashmore and Cartier Islands,Family
8604,Vinicius Viana,jramos@example.net,28,Montenegro,Premium
8605,Sr. Benjamim Castro,gabrielbarbosa@example.org,66,Laos,Premium
8606,Dr. Diogo Araújo,catarina65@example.org,52,Costa Rica,Free
8607,Levi Ribeiro,aliciacassiano@example.net,27,Mongólia,Family
8608,Davi Lucca Sousa,aurorarios@example.com,69,Samoa Americana,Free
8609,Helena Correia,davi-miguelviana@example.net,52,Argélia,Free
8610,Dr. Enzo Gabriel Gomes,ana-sophia29@example.net,38,Malávi,Premium
8611,Arthur Gabriel Câmara,carvalhobento@example.com,27,Lituânia,Family
8612,Ana Julia da Mata,yanporto@example.com,54,Geórgia do Sul e Sandwich do Sul,Free
8613,Maria Eduarda Nunes,hmonteiro@example.org,61,Suécia,Family
8614,Sra. Caroline Duarte,vinicius89@example.org,38,Costa do Marfim,Free
8615,Gustavo Henrique Fernandes,sampaiokevin@example.org,41,Ucrânia,Free
8616,Sr. Luiz Fernando Macedo,anthony-gabriel57@example.com,24,Gana,Free
8617,Natália Pimenta,gael-henrique73@example.com,47,Emirados Árabes Unidos,Premium
8618,Sr. Antony Pastor,samuel26@example.com,63,Nicarágua,Premium
8619,Antonella Cardoso,maria-fernanda86@example.com,66,Ilhas Cook,Free
8620,Thales Costela,rodriguesana-clara@example.org,40,Indonésia,Family
8621,Allana Nascimento,qviana@example.com,53,Malávi,Family
8622,Maria Fernanda Pinto,enzoleao@example.com,28,Suazilândia,Free
8623,Asafe da Mata,asafe39@example.org,36,Luxemburgo,Free
8624,Kevin Jesus,ecasa-grande@example.net,24,Fiji,Family
8625,João Felipe Leão,siqueiraisabel@example.com,59,Ilhas Heard e McDonald,Free
8626,Leandro Andrade,sampaioisadora@example.net,21,Espanha,Family
8627,Camila Barros,abreuvitor@example.com,58,Congo-Brazzaville,Free
8628,Maria Júlia Rocha,hadassamartins@example.org,21,Costa Rica,Family
8629,Anthony da Rocha,allanapereira@example.net,32,Itália,Free
8630,Ana Vitória Silveira,qabreu@example.org,25,Andorra,Family
8631,Thales da Costa,kbrito@example.org,39,Maurícia,Family
8632,José Miguel Rocha,caldeiralara@example.org,33,Paquistão,Free
8633,Dra. Lorena da Cunha,barbarada-rocha@example.com,22,Líbia,Free
8634,Maysa Sales,felipe04@example.org,22,República Centro-Africana,Premium
8635,Pedro Lucas Porto,heloisa34@example.org,46,Geórgia do Sul e Sandwich do Sul,Family
8636,Bento Abreu,davi-lucas34@example.com,51,Croácia,Premium
8637,Sr. Alexandre Pires,hsa@example.com,65,Nauru,Premium
8638,Eloah Andrade,joao-lucas45@example.com,53,Monserrate,Free
8639,Beatriz Dias,ana-luiza56@example.net,27,Sudão,Family
8640,Miguel Cavalcante,wsantos@example.org,32,Ilha de Man,Family
8641,Ana Carolina Moraes,vitoria44@example.net,66,Omã,Family
8642,Srta. Mariane Viana,vmarques@example.org,35,Sérvia,Premium
8643,Enzo Gabriel Barros,guerramelissa@example.org,70,Ilha de Man,Family
8644,Zoe Câmara,qda-rosa@example.net,42,Ilha Bouvet,Family
8645,Dra. Lara Peixoto,daniela56@example.org,51,Trindade e Tobago,Family
8646,Maria Sophia Barbosa,trios@example.com,54,Ruanda,Premium
8647,Luiz Otávio Oliveira,clara73@example.net,18,Turquemenistão,Family
8648,Léo Pires,mendoncaana-liz@example.org,47,Quênia,Family
8649,Ana Sophia da Mata,ralmeida@example.org,29,Montenegro,Family
8650,Erick Carvalho,isabelasales@example.net,65,Paquistão,Free
8651,Carlos Eduardo Leão,julia92@example.org,44,Moçambique,Premium
8652,Kaique Costa,tcamargo@example.com,27,Geórgia do Sul e Sandwich do Sul,Free
8653,Vitória Teixeira,qbrito@example.net,34,Tanzânia,Premium
8654,Hadassa Aragão,alicecirino@example.org,55,Ilhas Caiman,Premium
8655,Thales Siqueira,oliverda-cunha@example.org,33,Gabão,Premium
8656,Isaque da Rocha,borgesgustavo@example.net,54,Domínica,Free
8657,Ryan das Neves,erick79@example.org,22,São Pedro e Miquelon,Free
8658,Dr. Rhavi da Cruz,kamillymoura@example.org,33,Reino Unido,Family
8659,Leandro Marques,laraujo@example.net,38,Antártica,Family
8660,Felipe Lima,pcarvalho@example.org,59,Chade,Premium
8661,Vitor Hugo Pacheco,joao-lucas15@example.net,24,Marrocos,Family
8662,Brayan da Rocha,leticia01@example.com,29,Ilhas Salomão,Family
8663,Dr. Yan Pereira,luiz-otavio45@example.org,59,Bielorrússia,Premium
8664,Apollo Nunes,xmelo@example.net,62,Venezuela,Family
8665,Srta. Vitória Mendes,xsilveira@example.net,32,Tonga,Premium
8666,Sra. Bruna Siqueira,vpires@example.org,35,Afeganistão,Premium
8667,José Miguel Nogueira,yaraujo@example.org,34,Kuwait,Family
8668,Ravi Lima,alexandre56@example.net,67,Roménia,Family
8669,Ian Fonseca,zbrito@example.org,37,Jordânia,Premium
8670,Sr. Ravy Guerra,theoda-cunha@example.org,67,Gana,Free
8671,Rhavi Pires,emanuellysilveira@example.org,49,Tokelau,Premium
8672,Bárbara Santos,pimentabernardo@example.com,64,Líbia,Free
8673,Cauã Macedo,rodriguespaulo@example.com,34,Sérvia,Family
8674,Leandro Cavalcanti,beniciobrito@example.org,19,Bahamas,Free
8675,João Vitor Novaes,ana-juliasampaio@example.com,29,Nepal,Premium
8676,Heloísa Viana,freitassofia@example.net,24,Salvador,Premium
8677,Luana Nunes,epinto@example.net,48,Omã,Free
8678,Maria Helena Pacheco,emanuella01@example.com,32,Guiné-Bissau,Family
8679,Lorenzo Marques,theo52@example.net,22,Suíça,Family
8680,Ana Julia das Neves,alvesjosue@example.net,59,Granada,Free
8681,Cecília Ribeiro,pedro-lucas70@example.com,36,Ilha Bouvet,Free
8682,Kevin Vargas,ana-liz90@example.com,25,Sudão,Family
8683,Dr. Apollo Sousa,xpacheco@example.org,23,Países Baixos,Free
8684,Camila da Cruz,pfogaca@example.net,29,Tuvalu,Family
8685,Isabelly Cassiano,cardosolavinia@example.net,45,Comores,Premium
8686,Rael Gomes,iguerra@example.com,33,Quiribáti,Premium
8687,Sra. Bruna Montenegro,hellena47@example.com,29,Moçambique,Premium
8688,Lara Dias,mouraana-beatriz@example.com,43,Malásia,Premium
8689,Sr. Ravi Fogaça,augustooliveira@example.com,55,Polônia,Free
8690,Matteo Castro,albuquerqueheitor@example.com,18,Costa do Marfim,Family
8691,Isis Câmara,laura66@example.org,22,Dhekelia,Free
8692,Maria Cecília Ribeiro,uduarte@example.com,70,Coreia do Norte,Premium
8693,Heitor Caldeira,eloahmendes@example.net,18,Botsuana,Family
8694,Vinicius Câmara,goncalvesasafe@example.net,31,Tokelau,Family
8695,Sr. Cauê Albuquerque,luiz-gustavo95@example.com,19,Singapura,Premium
8696,Natália Barbosa,augusto60@example.org,26,Bósnia e Herzegovina,Family
8697,Arthur Oliveira,gviana@example.org,29,Fiji,Premium
8698,Elisa Moraes,sampaioleandro@example.org,18,Bulgária,Premium
8699,Benjamim Melo,novaisisabela@example.com,45,Macedônia do Norte,Family
8700,Kaique Sampaio,costelamarcelo@example.com,66,Moçambique,Free
8701,Emanuel Abreu,guilhermenogueira@example.com,51,Monserrate,Family
8702,Luiz Henrique Martins,silveirajoao-vitor@example.net,32,União Europeia,Family
8703,Luiz Otávio Porto,sophieduarte@example.net,35,Argélia,Premium
8704,Pedro Miguel Cunha,melocarolina@example.org,64,Dhekelia,Free
8705,Vinícius da Rosa,brendateixeira@example.com,55,Dinamarca,Family
8706,Sr. Antônio Vargas,tda-rocha@example.org,69,Grécia,Premium
8707,Maria Laura Câmara,diegorocha@example.org,64,Marianas do Norte,Premium
8708,Arthur Miguel da Cruz,joanada-paz@example.com,42,Zâmbia,Family
8709,Elisa Abreu,ramospedro-miguel@example.com,24,Usbequistão,Free
8710,Dr. Pietro Gonçalves,maria-julia75@example.org,28,Iêmen,Premium
8711,Henry Gabriel Almeida,siqueiraisis@example.com,59,Países Baixos,Family
8712,Srta. Alexia Pastor,ncaldeira@example.net,44,Granada,Premium
8713,Rafael Sales,garagao@example.org,70,Rússia,Premium
8714,Diego Campos,leticiapires@example.org,46,Ilhas Salomão,Family
8715,Dr. Luan Lopes,ccaldeira@example.org,63,Ilha Wake,Premium
8716,Luiz Miguel Oliveira,santosvinicius@example.net,58,Sara Ocidental,Premium
8717,Rafaela Silveira,luanfarias@example.org,26,Samoa Americana,Free
8718,Joana Vieira,jpires@example.com,46,Anguila,Premium
8719,Luiz Fernando Fonseca,evelynnascimento@example.com,49,Comores,Family
8720,Catarina Andrade,carvalhosamuel@example.com,54,Tajiquistão,Free
8721,Henry Gabriel Silva,agatha26@example.com,61,Gabão,Free
8722,Isis Guerra,rodrigosampaio@example.org,57,Líbia,Free
8723,Dr. João Gabriel Cavalcanti,cardosooliver@example.net,31,Lituânia,Family
8724,Erick Aparecida,diasdiogo@example.net,40,Nepal,Premium
8725,Enzo Pastor,rodriguesisabelly@example.net,39,Espanha,Premium
8726,Dr. João Azevedo,fazevedo@example.com,50,Cazaquistão,Free
8727,Manuela Duarte,vnovaes@example.org,63,Aruba,Family
8728,Heloísa Sá,abreujoao-vitor@example.net,56,Suazilândia,Premium
8729,Maria Júlia Machado,dantebrito@example.org,30,Estados Unidos,Premium
8730,Yago Montenegro,barbosamaria@example.net,46,Uganda,Premium
8731,João Miguel Ribeiro,allana03@example.net,49,Canadá,Free
8732,Rael Moreira,tfarias@example.net,30,Ilhas Caiman,Family
8733,Augusto Marques,caroline73@example.com,66,Ilhas Marshall,Free
8734,José Montenegro,olivercassiano@example.com,51,Ilha Norfolk,Free
8735,Luiz Fernando Siqueira,psantos@example.com,70,São Cristóvão e Neves,Free
8736,Luan Vieira,ana-lizcastro@example.org,57,São Tomé e Príncipe,Free
8737,Srta. Melissa Souza,enzocaldeira@example.net,53,Nepal,Free
8738,José Miguel Borges,nlima@example.org,69,Líbano,Free
8739,Sr. João Lucas Rezende,luiz-henriquepimenta@example.net,38,Usbequistão,Family
8740,Ana Vitória das Neves,costamaria-clara@example.org,67,Aruba,Free
8741,Srta. Rafaela Araújo,yborges@example.net,30,Taiwan,Family
8742,Miguel Ribeiro,antonellagoncalves@example.com,70,Moçambique,Family
8743,Anthony Barros,agatha36@example.org,25,Letônia,Premium
8744,Dr. Luiz Miguel Câmara,vitor-hugoviana@example.net,33,São Tomé e Príncipe,Premium
8745,Sr. Pietro Garcia,alicefreitas@example.org,46,Egito,Free
8746,João Miguel Marques,da-costaana-clara@example.net,53,Espanha,Free
8747,João Guilherme Duarte,da-conceicaorafaela@example.com,63,Coreia do Norte,Free
8748,Dr. Diego Castro,castrokaique@example.com,48,Sara Ocidental,Family
8749,Alana Abreu,elisa91@example.org,69,Antártica,Family
8750,Catarina Guerra,da-cunhaevelyn@example.net,67,Guam,Free
8751,Isaque Sá,xoliveira@example.net,32,Pitcairn,Family
8752,Beatriz Sales,andradealexia@example.org,46,Antilhas Holandesas,Premium
8753,Catarina Freitas,nathan44@example.net,32,Hungria,Premium
8754,Sr. Liam Ramos,nascimentoaugusto@example.com,52,Grécia,Free
8755,Lucca Cirino,fmontenegro@example.net,30,Brunei,Premium
8756,Joaquim da Paz,sarah03@example.com,58,Guiné Equatorial,Premium
8757,Mariana Nascimento,arthur-gabrielmendonca@example.net,45,Tajiquistão,Premium
8758,Agatha Andrade,mathiassales@example.net,18,Roménia,Family
8759,Eduardo Garcia,gabrielmartins@example.org,35,São Cristóvão e Neves,Premium
8760,Cauê Silveira,milena50@example.org,37,Coral Sea Islands,Free
8761,Giovanna das Neves,freitasanthony-gabriel@example.net,29,Eslovênia,Free
8762,Sr. Vinicius Cavalcanti,ana-cecilia37@example.com,22,Letônia,Premium
8763,Murilo Melo,fgomes@example.org,27,Chipre,Free
8764,Melina Cunha,ramosmaria-fernanda@example.net,37,Ilha de Man,Free
8765,Diego Guerra,da-cruznina@example.net,67,Iran,Premium
8766,Maria Sophia Fernandes,xsales@example.net,24,Turquia,Family
8767,Aurora Sales,mathias62@example.com,28,Vaticano,Premium
8768,Srta. Liz Pimenta,ana-laura62@example.org,51,Jibuti,Free
8769,Mariane da Rocha,pietra01@example.net,31,Burquina Faso,Family
8770,Lunna Nogueira,wvieira@example.org,23,Costa do Marfim,Family
8771,Dr. Matheus Castro,krezende@example.org,49,Egito,Family
8772,Dr. Nicolas Almeida,gustavo-henriquesa@example.net,33,Bermudas,Family
8773,Asafe Rodrigues,thomaspires@example.org,62,Akrotiri,Premium
8774,Ravi Lucca Cunha,zoe10@example.com,69,Egito,Premium
8775,Bella Fonseca,isaac14@example.com,60,Sri Lanka,Family
8776,Catarina da Rocha,vinicius01@example.org,55,Honduras,Premium
8777,Srta. Ísis Macedo,ana-lauracastro@example.net,19,Tajiquistão,Free
8778,Lorena da Mota,mateusalbuquerque@example.net,49,Coral Sea Islands,Premium
8779,Mathias Teixeira,diegosilva@example.com,21,Turquemenistão,Free
8780,Emanuella Ribeiro,marcelofogaca@example.com,22,Sri Lanka,Premium
8781,Maria Luiza Alves,sofiapacheco@example.net,28,Venezuela,Premium
8782,Sra. Heloísa Almeida,nascimentogabrielly@example.com,31,Ucrânia,Premium
8783,Cauã Pires,casa-grandebianca@example.com,56,Suíça,Premium
8784,Isabelly Sales,da-cunhagael-henrique@example.com,46,Sara Ocidental,Free
8785,Eduardo Abreu,brenda34@example.org,55,Coral Sea Islands,Family
8786,Henry Gabriel Pacheco,moreiravicente@example.com,42,Singapura,Premium
8787,Luan Peixoto,cardosootavio@example.com,40,Samoa Americana,Premium
8788,Antonella Andrade,guilhermecirino@example.org,63,Líbia,Family
8789,Thiago das Neves,gabrielda-conceicao@example.org,32,Catar,Premium
8790,Fernando Pacheco,da-cunhamaria-julia@example.net,40,Tokelau,Premium
8791,Ana Liz Casa Grande,vianamelina@example.com,55,Navassa Island,Family
8792,Isaac das Neves,barrosisabela@example.org,47,Nova Caledónia,Premium
8793,Sra. Cecília Vasconcelos,antonyfonseca@example.org,30,São Cristóvão e Neves,Premium
8794,Dr. Matteo Pastor,ana-julia45@example.net,35,Serra Leoa,Premium
8795,Dr. Samuel Nogueira,yuricarvalho@example.net,50,Colômbia,Family
8796,João Pedro da Costa,nogueiraantonella@example.net,68,Ilhas Heard e McDonald,Premium
8797,Joana Silveira,ana-lauravasconcelos@example.com,58,Guiana,Family
8798,Dom Guerra,aurorasantos@example.com,21,União Europeia,Free
8799,Ayla Viana,luiz-miguelcardoso@example.net,41,Macedônia do Norte,Family
8800,Srta. Júlia Duarte,cardosobryan@example.org,39,Letônia,Family
8801,Esther Nogueira,srios@example.com,62,Irlanda,Free
8802,Manuella Andrade,caua97@example.net,27,Santa Lúcia,Premium
8803,Théo Borges,bdias@example.net,47,Mongólia,Free
8804,Daniel da Cunha,costabernardo@example.com,33,Coreia do Norte,Free
8805,Mariane Gomes,zpinto@example.org,63,Hungria,Free
8806,Sra. Ana Luiza Teixeira,emanuellopes@example.com,28,Togo,Premium
8807,João Guilherme Vargas,gandrade@example.com,60,Quirguizistão,Free
8808,Alexandre Oliveira,brenopeixoto@example.org,47,República Centro-Africana,Free
8809,Sr. Vitor Sales,mcastro@example.org,38,Mali,Family
8810,Breno Porto,yasminlima@example.org,57,Camarões,Family
8811,Mariane Cavalcante,vasconcelossamuel@example.net,29,Malásia,Premium
8812,Agatha Aparecida,gomesnathan@example.com,27,Sérvia,Free
8813,Anna Liz Cavalcanti,leaocatarina@example.org,52,Navassa Island,Family
8814,Emanuelly Pires,kabreu@example.com,32,Birmânia,Premium
8815,Antonella Ferreira,olivia24@example.com,30,Iraque,Family
8816,Sr. Thales Teixeira,emanuelly57@example.com,41,Ilhas Turcas e Caicos,Family
8817,Aylla Dias,cunhalunna@example.org,49,Salvador,Family
8818,Joana Almeida,antonella85@example.net,68,São Tomé e Príncipe,Free
8819,Ana Júlia Mendes,marcela99@example.org,46,São Cristóvão e Neves,Free
8820,Gabrielly Jesus,novaesana-beatriz@example.com,61,Nauru,Premium
8821,Benjamin Moreira,mrocha@example.net,32,Ruanda,Free
8822,Francisco Novaes,sophie25@example.org,68,São Pedro e Miquelon,Family
8823,Pedro Porto,tcardoso@example.net,18,Iêmen,Premium
8824,Manuella Caldeira,henry-gabriel37@example.net,28,Síria,Free
8825,Raul Pimenta,ccamara@example.net,52,Angola,Free
8826,Laura Sá,mariapereira@example.org,28,Etiópia,Family
8827,Sr. Davi Nogueira,maria-helenarezende@example.com,65,Mali,Family
8828,Vicente Albuquerque,alexia20@example.net,59,Etiópia,Free
8829,Luan Ferreira,cauealbuquerque@example.net,40,Nova Caledónia,Premium
8830,Maria Alice Silva,lucasrodrigues@example.com,68,Egito,Free
8831,Raquel Sá,mguerra@example.com,25,Mayotte,Family
8832,Levi das Neves,piresmaria-julia@example.org,27,Mali,Free
8833,Heloísa Sales,landrade@example.net,23,São Tomé e Príncipe,Free
8834,Dra. Maya Gonçalves,ymacedo@example.com,44,Burundi,Premium
8835,Pietro Siqueira,breno22@example.net,48,Mayotte,Free
8836,Maria Rodrigues,danielanogueira@example.net,42,Líbano,Premium
8837,Dr. Heitor Alves,lcamara@example.org,42,Ilhas Caiman,Free
8838,Laís Rodrigues,ana-sophia79@example.com,41,Barbados,Family
8839,Henrique Farias,portoluna@example.com,39,Ilha do Natal,Family
8840,Dr. Vinícius Silva,melina35@example.org,39,Coreia do Sul,Free
8841,Murilo da Conceição,bentogoncalves@example.org,37,Catar,Premium
8842,Luiz Fernando Moraes,vitor95@example.net,62,Honduras,Free
8843,Bernardo Moraes,gabrielamoreira@example.net,22,Papua-Nova Guiné,Free
8844,Dra. Maria Júlia Moura,icavalcante@example.com,56,Bósnia e Herzegovina,Free
8845,Diego Macedo,azevedolivia@example.com,55,Jan Mayen,Premium
8846,Sr. Pedro Miguel Brito,liam99@example.com,32,Coreia do Norte,Free
8847,Cecilia Silveira,krios@example.org,21,Singapura,Free
8848,Luigi Andrade,ida-paz@example.net,21,Antígua e Barbuda,Premium
8849,Sophie Rodrigues,benjamin38@example.net,69,Bangladesh,Family
8850,Lorenzo Lima,osa@example.com,37,Cuba,Premium
8851,Thales Novais,caroline19@example.net,53,Nigéria,Free
8852,Kaique Lopes,leticiabarbosa@example.net,39,Guiana,Premium
8853,Isis Ribeiro,novaesisabella@example.net,59,Costa Rica,Free
8854,Vitor Hugo Fogaça,eloahpeixoto@example.net,38,Salvador,Family
8855,Sr. Henrique Viana,emelo@example.org,58,Guiné,Free
8856,Manuella Lopes,bfonseca@example.com,67,Omã,Premium
8857,Daniela Costa,kcamara@example.org,37,Costa do Marfim,Free
8858,Luiz Gustavo Castro,xfarias@example.org,22,Domínica,Premium
8859,Vitor da Cunha,moreiraleticia@example.org,63,Samoa,Family
8860,Fernando Vargas,costaluigi@example.net,53,Gabão,Family
8861,Dr. Arthur Miguel Barros,davi-miguelmontenegro@example.org,54,Ucrânia,Premium
8862,Dr. Guilherme Nogueira,marianemoreira@example.org,34,Sara Ocidental,Premium
8863,Otávio Gonçalves,salmeida@example.org,29,Nauru,Free
8864,Olívia Melo,ninasouza@example.org,62,Dinamarca,Family
8865,Maria Pastor,maria-sophia15@example.com,36,Costa Rica,Free
8866,Isis Cunha,leaoalexia@example.net,53,Somália,Premium
8867,Ana Sophia Almeida,stephanygarcia@example.net,60,Tajiquistão,Premium
8868,Paulo Cardoso,ana-vitoria25@example.com,29,Peru,Family
8869,Fernando Dias,rezendeisabella@example.net,59,Aruba,Free
8870,João Vitor Siqueira,borgesjoao-gabriel@example.org,26,Equador,Premium
8871,José Pedro Melo,wda-mota@example.org,35,Barein,Premium
8872,Emanuel Duarte,casa-grandeguilherme@example.com,30,Turquemenistão,Free
8873,Sr. Yuri Gomes,jose-miguel54@example.com,50,Jordânia,Free
8874,Jade Ribeiro,kda-conceicao@example.net,24,Bermudas,Free
8875,Melissa Silva,apollomachado@example.net,36,Vanuatu,Free
8876,Ryan Castro,joao-lucas39@example.net,68,Dhekelia,Premium
8877,Dr. Otávio Caldeira,lorenzo76@example.org,57,Reino Unido,Premium
8878,Miguel Pastor,enzocaldeira@example.net,38,Níger,Premium
8879,Marcelo Cavalcante,ygomes@example.net,55,Ilhas Heard e McDonald,Family
8880,Danilo Barbosa,silvalarissa@example.com,61,Macedônia do Norte,Family
8881,Dra. Maria Sophia Teixeira,enzo67@example.org,50,Austrália,Free
8882,Luiz Henrique Moraes,thales37@example.net,32,Luxemburgo,Premium
8883,Vicente da Luz,siqueiracatarina@example.com,55,Maurícia,Free
8884,Maria Pimenta,leticia15@example.net,43,Paracel Islands,Family
8885,Dr. Diego Leão,araujoheloisa@example.org,56,Malávi,Premium
8886,Rebeca Viana,yalmeida@example.org,43,Somália,Premium
8887,Sr. Enrico Sales,luiz-gustavogoncalves@example.com,53,África do Sul,Premium
8888,Pietra Ribeiro,vitoria82@example.com,42,Filipinas,Premium
8889,Oliver Câmara,portocatarina@example.org,21,Canadá,Family
8890,Maria Sophia Martins,jose60@example.com,34,Ilha Wake,Family
8891,Vitor Freitas,isis67@example.com,35,São Vicente e Granadinas,Premium
8892,Sr. Gael Henrique Carvalho,alanarodrigues@example.net,28,Síria,Family
8893,Breno Correia,rcamara@example.com,27,Bélgica,Family
8894,Sra. Maria Flor Pinto,flima@example.net,42,Marrocos,Free
8895,Benício Abreu,lavinia89@example.org,43,Tajiquistão,Premium
8896,Dra. Lorena Azevedo,bento36@example.net,43,China,Free
8897,Sr. Bryan Ferreira,arthur-miguel38@example.org,34,Wallis e Futuna,Free
8898,Lucca Pimenta,isabelacostela@example.com,43,Nauru,Free
8899,Luiz Otávio Peixoto,lizvargas@example.net,31,Botsuana,Free
8900,Ravi Almeida,sophieda-cruz@example.com,68,Nova Zelândia,Family
8901,João Guilherme Freitas,ana-luiza34@example.net,23,Luxemburgo,Premium
8902,Raul Rezende,theosouza@example.org,23,Turquemenistão,Free
8903,Eloah Rocha,fogacamaria-vitoria@example.net,61,Macedônia do Norte,Free
8904,Ayla Carvalho,barroscaleb@example.org,45,Ilha de Man,Family
8905,Nathan Teixeira,alvesravi-lucca@example.org,70,Portugal,Free
8906,Ana Monteiro,heloisa06@example.org,35,Domínica,Family
8907,Dra. Ana Clara Martins,isaque11@example.com,56,Granada,Premium
8908,Pedro Miguel Pinto,carolina91@example.org,38,Território Britânico do Oceano Índico,Free
8909,Maria Flor Novaes,rafael93@example.com,52,São Marinho,Premium
8910,Maya Fonseca,igor18@example.org,57,Croácia,Family
8911,Caroline Macedo,vmontenegro@example.org,33,Letônia,Free
8912,Stella Moura,gustavo-henriquerios@example.org,67,Portugal,Family
8913,Luiz Felipe Câmara,nascimentoantonio@example.org,27,Ilhas Cook,Premium
8914,José Mendes,yjesus@example.com,35,Ilhas Falkland,Family
8915,Davi Guerra,matteocostela@example.com,65,Geórgia do Sul e Sandwich do Sul,Free
8916,Dr. Pedro Miguel Farias,sousamanuella@example.org,39,Austrália,Free
8917,Sra. Isis Farias,daniela82@example.com,21,Mongólia,Premium
8918,Sofia Costela,nicolas12@example.com,65,Uruguai,Free
8919,Valentim Vargas,umartins@example.org,39,Aruba,Premium
8920,Bento Barbosa,azevedogabriela@example.org,55,Bolívia,Premium
8921,Gustavo Henrique Cavalcante,franciscosiqueira@example.com,26,Eritreia,Family
8922,Dra. Ágatha Vieira,joao-felipe69@example.com,61,Brunei,Premium
8923,Gabriela Macedo,nguerra@example.com,40,Dinamarca,Family
8924,Ana Cunha,mmachado@example.com,49,Coreia do Sul,Family
8925,Mariane Barros,mendoncaagatha@example.org,54,Egito,Premium
8926,Maria Eduarda Gonçalves,clara68@example.net,48,Nauru,Family
8927,Heloisa Fernandes,ucunha@example.net,67,Coreia do Norte,Premium
8928,Bella Souza,ayla73@example.com,19,República Checa,Free
8929,Daniela Casa Grande,gguerra@example.org,55,Costa Rica,Premium
8930,Dra. Maria Sophia Casa Grande,henry-gabriel15@example.net,40,Madagascar,Free
8931,Yasmin Fernandes,joao00@example.com,69,Eslováquia,Free
8932,Fernando Gomes,davi-luizcavalcanti@example.net,36,Bermudas,Family
8933,Diego Pires,zsouza@example.com,20,República Dominicana,Free
8934,Sr. Benjamin Porto,lgoncalves@example.com,59,Ilhas Virgens Britânicas,Free
8935,Antony Costela,mmachado@example.com,55,Laos,Family
8936,Aylla Rios,peixotothiago@example.org,27,Ilha Norfolk,Premium
8937,Maria Sophia Borges,maite20@example.org,37,Guam,Premium
8938,Luana Vieira,omendonca@example.com,32,Alemanha,Free
8939,Apollo Vasconcelos,melissapacheco@example.org,22,Tajiquistão,Free
8940,Srta. Yasmin Rocha,britomarcela@example.org,40,China,Family
8941,José Miguel Borges,cgarcia@example.org,29,Geórgia,Free
8942,Rebeca Nascimento,costelalucas@example.net,33,Turquia,Family
8943,Bernardo Moura,henry87@example.net,28,Quênia,Family
8944,Luana Monteiro,pguerra@example.net,51,Fiji,Free
8945,Henrique da Mata,ian91@example.com,20,Mauritânia,Premium
8946,Melina Campos,yurirodrigues@example.net,47,Costa do Marfim,Free
8947,Maria Helena Barbosa,renanda-cruz@example.org,32,Azerbaijão,Family
8948,Maria Luísa da Mota,agatha19@example.org,37,Pitcairn,Free
8949,Cecília Novais,theodorofogaca@example.org,59,Suíça,Premium
8950,Théo Garcia,rcastro@example.org,70,Etiópia,Premium
8951,Ana Luiza Vasconcelos,da-motajulia@example.org,54,Grécia,Premium
8952,Lavínia Moura,ferreiraluna@example.org,40,Nigéria,Free
8953,Sr. Léo Pastor,fernandesleandro@example.org,28,Albânia,Free
8954,Luiz Gustavo Sá,amarques@example.net,34,Nauru,Free
8955,Maria Julia Correia,liz92@example.org,55,Paracel Islands,Premium
8956,José Pedro Casa Grande,hadassa15@example.net,54,Tajiquistão,Premium
8957,Melina Cassiano,fpeixoto@example.org,36,Camarões,Free
8958,Sofia Aragão,benicio24@example.net,41,Malávi,Free
8959,Yago Aparecida,cardosovalentina@example.com,46,República Centro-Africana,Premium
8960,Mariana da Rosa,rodrigo37@example.net,51,Mauritânia,Free
8961,Mariana Cirino,calebe34@example.net,34,Barbados,Free
8962,Ágatha Marques,ana-julia74@example.com,19,Zâmbia,Free
8963,Sr. Pedro Henrique Fonseca,usampaio@example.org,41,Malávi,Family
8964,Pedro Lucas Peixoto,gustavo66@example.net,26,Bermudas,Free
8965,Leonardo Nascimento,gvasconcelos@example.org,70,Nepal,Free
8966,Nicole Brito,da-luzdaniela@example.com,65,Ashmore and Cartier Islands,Family
8967,Alícia Cardoso,laracavalcanti@example.net,58,Burundi,Premium
8968,Benício Azevedo,anthony-gabriel53@example.org,26,Filipinas,Premium
8969,Maria Isis Sousa,cirinomaria-sophia@example.net,53,Cabo Verde,Family
8970,Raul Cunha,rezendeluigi@example.com,29,Síria,Free
8971,Ravy Pacheco,diasluna@example.net,22,Turquia,Premium
8972,Isadora Novais,maria-isis26@example.org,30,Gana,Free
8973,Ravy Cunha,teixeiratheodoro@example.com,46,Tailândia,Family
8974,Théo da Mata,ycavalcanti@example.net,70,Angola,Free
8975,Rodrigo Sampaio,walmeida@example.org,26,Ilhas Caiman,Family
8976,Rafael Nogueira,pmendes@example.org,69,Quiribáti,Free
8977,Maria Helena Casa Grande,souzapedro-lucas@example.net,56,Armênia,Free
8978,Ana Laura Abreu,camposmaria-cecilia@example.org,56,Ilha do Natal,Family
8979,Bruna Câmara,lara67@example.org,56,Bélgica,Premium
8980,André Oliveira,snascimento@example.com,35,Malávi,Family
8981,Helena da Rocha,brunocunha@example.org,65,Geórgia,Family
8982,Aurora Novaes,casa-grandeantonio@example.com,67,Mali,Free
8983,Isaque Silva,woliveira@example.com,24,República Checa,Free
8984,Brayan Rios,da-luzana-carolina@example.net,29,Sri Lanka,Family
8985,Sr. Pedro Henrique da Mata,luara27@example.com,23,Domínica,Free
8986,Pietra da Rocha,catarina64@example.net,24,Itália,Family
8987,Luiz Otávio Aragão,limayasmin@example.net,67,Dinamarca,Family
8988,Dr. Luiz Fernando da Costa,julia58@example.com,65,Wallis e Futuna,Premium
8989,Luiz Henrique Fernandes,pietra10@example.com,41,Fiji,Family
8990,Benjamim Cavalcanti,zcasa-grande@example.com,63,Albânia,Family
8991,Breno Cavalcante,qpacheco@example.net,43,Ilhas Heard e McDonald,Free
8992,Bryan Cunha,mendoncajoana@example.net,24,Groenlândia,Free
8993,Asafe Peixoto,carolina11@example.net,31,Japão,Family
8994,Breno Cavalcante,tfernandes@example.net,18,Comores,Free
8995,Theodoro Martins,stellapimenta@example.org,60,África do Sul,Premium
8996,Pietra Costela,maria-isis11@example.net,57,Trindade e Tobago,Free
8997,Vitor Gabriel Rodrigues,jose39@example.org,55,Paraguai,Free
8998,Bárbara das Neves,miguelbrito@example.org,29,Haiti,Family
8999,Vitória Oliveira,dcardoso@example.org,44,Quênia,Family
9000,Calebe da Luz,urezende@example.com,28,Bulgária,Premium
9001,Helena Almeida,cecilia13@example.net,44,Micronésia,Free
9002,Sr. Brayan Andrade,joao-miguelfreitas@example.net,22,Iraque,Free
9003,João Lucas Sousa,milenafonseca@example.org,58,Libéria,Family
9004,Kamilly Moreira,zduarte@example.org,24,Timor Leste,Free
9005,Felipe Peixoto,goncalvesmatheus@example.net,44,Territórios Austrais Franceses,Free
9006,Aurora Câmara,hellena98@example.net,58,Macau,Family
9007,Isabella Melo,das-nevescarolina@example.net,23,Barbados,Family
9008,Maria Liz Castro,lucasda-paz@example.org,22,Turquia,Family
9009,Sofia Rezende,da-rosaisaque@example.com,50,Moçambique,Free
9010,Rafael Martins,aparecidaisabel@example.org,26,Laos,Family
9011,Sr. Gustavo Henrique Teixeira,das-nevesbruna@example.com,70,Nepal,Premium
9012,Davi Lucas Caldeira,aurora80@example.org,24,Hong Kong,Free
9013,Luísa Barbosa,isouza@example.org,53,Itália,Premium
9014,Bryan da Rosa,alima@example.org,48,Zâmbia,Family
9015,Eloá Carvalho,cirinoenrico@example.net,47,Togo,Premium
9016,André Barbosa,carvalhoalexandre@example.com,51,Samoa,Free
9017,Dr. André Lopes,ravioliveira@example.org,48,Ilha Norfolk,Family
9018,Sr. Nicolas Monteiro,olivia51@example.net,34,Alemanha,Premium
9019,Dr. Gael da Rosa,enzodas-neves@example.com,26,Domínica,Free
9020,Mathias Vargas,ana-luiza34@example.org,30,Sérvia,Family
9021,Lívia Sousa,ymoreira@example.net,55,Nova Zelândia,Premium
9022,Olívia da Paz,jose-pedromachado@example.net,47,Santa Lúcia,Premium
9023,Miguel da Luz,icostela@example.org,57,Macau,Free
9024,Antony Pastor,antonella97@example.org,36,Egito,Premium
9025,Pedro Lucas Araújo,antoniocasa-grande@example.net,48,Ilha Bouvet,Free
9026,Henrique Dias,luanapires@example.org,33,Suriname,Free
9027,Henry Novais,hdas-neves@example.net,55,Congo-Brazzaville,Premium
9028,José Peixoto,luiz-henrique47@example.net,22,Nepal,Family
9029,Maria Vitória das Neves,vda-mata@example.org,27,Líbano,Free
9030,Dra. Aurora Silveira,fernando74@example.net,49,Botsuana,Premium
9031,Benício Moura,sampaiojoao-felipe@example.com,23,Ilha Bouvet,Free
9032,Srta. Marina da Mota,arthur-miguel77@example.com,31,Vanuatu,Family
9033,Mathias Barbosa,ugomes@example.net,70,Brunei,Free
9034,João Felipe Cavalcanti,ggoncalves@example.com,34,Ilhas Salomão,Free
9035,Otávio Fogaça,pietroalmeida@example.net,37,Grécia,Free
9036,Maria Clara Nascimento,eda-cruz@example.org,70,Camarões,Free
9037,Lavínia Almeida,lcosta@example.net,54,Dhekelia,Family
9038,Maria Liz Fernandes,camposester@example.com,34,Japão,Free
9039,Clara Borges,rochaeduardo@example.org,23,Malásia,Premium
9040,Arthur Mendes,yuri27@example.org,19,Finlândia,Family
9041,Gael Albuquerque,ocirino@example.net,54,Gibraltar,Free
9042,Bruna Araújo,nascimentopedro@example.org,69,Jordânia,Family
9043,Ana Sophia da Mata,ana-lizramos@example.net,65,Noruega,Free
9044,Srta. Ana Aragão,rodrigocassiano@example.org,25,Chade,Family
9045,Ravi Costela,castromaria-liz@example.com,34,Bangladesh,Family
9046,Murilo Duarte,mazevedo@example.net,40,Mônaco,Premium
9047,Luiz Miguel da Mata,maria-laura21@example.com,52,Tunísia,Free
9048,João Gabriel Rios,oliviasiqueira@example.com,30,São Tomé e Príncipe,Premium
9049,Leandro Cunha,kmoreira@example.org,55,Guam,Free
9050,Letícia Jesus,abreuraquel@example.net,41,Nauru,Family
9051,Bianca Pacheco,waragao@example.net,48,Suriname,Premium
9052,Pedro Rezende,monteirootto@example.com,26,Barbados,Free
9053,Ana Júlia Siqueira,anthony-gabriel05@example.com,19,São Cristóvão e Neves,Premium
9054,Kevin da Luz,irodrigues@example.com,23,Haiti,Family
9055,Ana Beatriz Sales,pietropimenta@example.net,53,Ilha Norfolk,Free
9056,Marcos Vinicius Marques,enzocamara@example.com,30,Antilhas Holandesas,Free
9057,Maya Nogueira,ypastor@example.com,62,Congo-Brazzaville,Free
9058,Isabella Pimenta,riosmaria-laura@example.com,28,Mayotte,Premium
9059,Marina Moura,da-luzarthur@example.org,56,Portugal,Premium
9060,Thomas Barbosa,osales@example.com,38,Benim,Family
9061,Dra. Maria Eduarda Cardoso,yuripires@example.com,51,Letônia,Family
9062,Julia Andrade,maria-vitoria56@example.net,59,Papua-Nova Guiné,Free
9063,Anthony Gabriel Andrade,fmacedo@example.com,28,Bulgária,Free
9064,Calebe Gonçalves,xsiqueira@example.org,40,Chile,Premium
9065,Antony Freitas,aribeiro@example.org,27,Mauritânia,Premium
9066,Joana Rodrigues,laviniabrito@example.com,56,Territórios Austrais Franceses,Family
9067,Srta. Daniela Fonseca,maria-luisapires@example.net,69,Botsuana,Premium
9068,Heloisa Camargo,upeixoto@example.org,34,Burundi,Free
9069,Maria Júlia Monteiro,andrecirino@example.net,51,Pitcairn,Free
9070,Isadora das Neves,fcarvalho@example.net,54,Rússia,Premium
9071,Emanuel Castro,saantonio@example.org,19,Polônia,Family
9072,Lorena Mendonça,rsilveira@example.com,23,Tunísia,Free
9073,Anthony Albuquerque,santosdom@example.net,33,Moldávia,Family
9074,Ana Júlia Sampaio,rafaelaramos@example.net,20,Botsuana,Premium
9075,Sra. Nicole Barbosa,heitor93@example.com,53,Ilha Norfolk,Premium
9076,Ísis Melo,upacheco@example.com,67,Lesoto,Free
9077,Pietro Martins,diogoaragao@example.com,39,Filipinas,Premium
9078,Srta. Jade Lima,cunhaisabel@example.net,22,Suazilândia,Family
9079,Joana Camargo,rpimenta@example.net,46,Guiné,Family
9080,Maysa Fonseca,aragaocaleb@example.com,50,Egito,Family
9081,Alana Martins,mouramelina@example.org,56,São Cristóvão e Neves,Family
9082,Nicolas Teixeira,thiagofarias@example.org,26,Laos,Premium
9083,Pietra Leão,melissacirino@example.org,49,Samoa,Premium
9084,Sra. Yasmin Silva,henry-gabrielmelo@example.net,67,Sérvia,Premium
9085,Leandro Rocha,zviana@example.org,24,Tunísia,Premium
9086,Sr. Levi Montenegro,lrodrigues@example.com,37,Chipre,Free
9087,Gael Pinto,maya31@example.com,58,Argélia,Free
9088,João Lucas Pinto,alvesfelipe@example.net,36,Mauritânia,Family
9089,Luna da Cunha,evelyn06@example.com,24,Líbano,Family
9090,Yuri Carvalho,limajoao-pedro@example.com,33,Aruba,Premium
9091,Vicente Sousa,leaocaroline@example.net,54,Usbequistão,Family
9092,Maya Mendonça,stella15@example.net,32,Bolívia,Premium
9093,Sr. Luigi Barros,allanafernandes@example.net,36,Polinésia Francesa,Free
9094,Lucas Gabriel Ribeiro,costajoao-felipe@example.net,43,Singapura,Family
9095,Lucas da Mota,barrosnathan@example.org,30,Granada,Free
9096,José Miguel Silveira,peixotomaria-isis@example.org,30,Bulgária,Premium
9097,Felipe Ribeiro,fernanda96@example.net,35,Sérvia,Family
9098,Carolina Brito,rafaelaaragao@example.com,40,Angola,Free
9099,Enzo da Rocha,erick47@example.org,63,Nepal,Premium
9100,Maitê Rios,helenapinto@example.org,23,Polônia,Premium
9101,João Felipe Cunha,raraujo@example.com,54,Paquistão,Family
9102,Luiz Felipe Siqueira,maria-sophia37@example.org,36,Estônia,Free
9103,João Gabriel Barros,carvalhodaniel@example.net,70,Egito,Free
9104,Eloah Costela,teixeirayan@example.com,22,Akrotiri,Family
9105,Erick Barros,moraeseduardo@example.org,37,Nicarágua,Family
9106,Levi Abreu,ocamargo@example.net,36,Granada,Premium
9107,João Felipe Casa Grande,dcastro@example.org,22,Venezuela,Family
9108,Guilherme Teixeira,antoniofernandes@example.com,48,Uruguai,Family
9109,Melina da Luz,luiz-henriquearaujo@example.net,41,Estônia,Free
9110,Otto Vargas,da-conceicaonicole@example.org,63,Navassa Island,Free
9111,Gabriel Rocha,lucas-gabriel85@example.org,52,Botsuana,Family
9112,Maria Eduarda Duarte,mirellamendes@example.com,38,Granada,Family
9113,Olivia Nogueira,maria-ceciliaaparecida@example.org,39,Nova Zelândia,Family
9114,Caio da Luz,sarah92@example.com,51,Mongólia,Free
9115,Sra. Julia Moura,carlos-eduardoalves@example.com,41,Roménia,Free
9116,Srta. Ana Sophia Mendonça,cirinobianca@example.com,70,Barein,Family
9117,Liam Leão,biancajesus@example.net,56,Mônaco,Premium
9118,Matteo Moreira,portoaurora@example.com,47,Ilhas Falkland,Premium
9119,Luara Araújo,znunes@example.net,61,Granada,Free
9120,Maria Alice da Conceição,foliveira@example.com,20,Faroé,Free
9121,Sr. Diogo Andrade,joao-guilhermemachado@example.org,21,Montenegro,Family
9122,Alana Nascimento,rhavimoreira@example.org,27,Polônia,Premium
9123,Francisco Monteiro,ottomoraes@example.org,43,Gibraltar,Free
9124,Valentim Rodrigues,xcampos@example.com,60,Países Baixos,Premium
9125,Ana Vitória da Mata,rsilva@example.com,27,Gana,Free
9126,Henry Correia,nathan88@example.net,67,Chile,Family
9127,Arthur Correia,evasconcelos@example.net,18,África do Sul,Family
9128,Ana Ribeiro,maria-fernanda14@example.com,21,Malta,Premium
9129,Srta. Ana Liz Pereira,valentim10@example.org,28,Groenlândia,Free
9130,Cauê Ramos,ottopeixoto@example.org,60,Letônia,Premium
9131,Asafe Pastor,arthur-miguel65@example.org,37,França,Family
9132,Vitor Hugo Marques,oliver15@example.org,61,Cuba,Premium
9133,Mateus Vieira,maria-cecilia56@example.org,41,Guiné-Bissau,Free
9134,Davi Luiz Pastor,isadora28@example.net,64,Comores,Premium
9135,Arthur Miguel Correia,maria-clara02@example.org,29,República Dominicana,Premium
9136,Diogo Leão,marianapinto@example.net,33,Jibuti,Premium
9137,Mariane Gomes,cavalcantigael-henrique@example.net,35,Ilhas Virgens Britânicas,Free
9138,Sophie Oliveira,ryan68@example.com,48,Ilhas Turcas e Caicos,Free
9139,Brenda Aparecida,lramos@example.org,64,Bolívia,Premium
9140,Pietra Souza,riosgabrielly@example.com,60,Ilhas Salomão,Family
9141,Luísa Marques,hmelo@example.com,26,Gana,Family
9142,Marina Pereira,cavalcantimaria-flor@example.com,20,Paracel Islands,Family
9143,Sophia Dias,dmoura@example.org,21,Suécia,Family
9144,Eloah Lima,pireslucca@example.org,46,Faroé,Free
9145,Sr. Heitor Costa,mendesluana@example.net,32,São Pedro e Miquelon,Family
9146,Maria Vitória Siqueira,xpacheco@example.com,65,Noruega,Premium
9147,Sr. Alexandre Pastor,gomescarlos-eduardo@example.org,66,Ucrânia,Premium
9148,Esther Vasconcelos,aaparecida@example.org,65,Ilhas Falkland,Free
9149,Giovanna Rezende,julia00@example.net,23,Ilha Bouvet,Premium
9150,Murilo Cardoso,luarafogaca@example.net,32,Barbados,Family
9151,Luiz Felipe Rezende,lucca72@example.org,57,Tailândia,Free
9152,Pedro Lucas Teixeira,britojose@example.com,31,Barbados,Family
9153,Sr. Thales Moreira,ayllaviana@example.org,47,Salvador,Family
9154,Bento Fernandes,osantos@example.net,45,Ilhas Marshall,Premium
9155,Alexia Castro,xcostela@example.net,35,Togo,Family
9156,Dr. Benício Jesus,umendonca@example.com,46,Ilhas Marshall,Premium
9157,Zoe Machado,isaacda-mota@example.org,67,Dinamarca,Free
9158,Ágatha Caldeira,souzaaugusto@example.net,52,Malta,Premium
9159,Aylla Albuquerque,hda-rocha@example.com,52,Tunísia,Premium
9160,Ana Liz Azevedo,jmontenegro@example.net,38,Sudão,Premium
9161,Stella Sampaio,melinacirino@example.org,37,Chipre,Premium
9162,Dr. Marcos Vinicius da Paz,oramos@example.org,62,Índia,Premium
9163,Vicente Pastor,azevedohadassa@example.net,62,Anguila,Free
9164,Sra. Hellena Cavalcanti,dda-cruz@example.org,42,Quênia,Free
9165,Marina Sales,julia69@example.net,62,Indonésia,Family
9166,Alana Porto,otavio98@example.net,26,Índia,Free
9167,Letícia Azevedo,rhavi88@example.org,23,Santa Helena,Premium
9168,Eloah Costela,oliviabrito@example.org,22,Vietnam,Premium
9169,Enzo Gabriel Porto,mirella86@example.com,31,Antártica,Premium
9170,Pedro Barbosa,milenapinto@example.com,21,África do Sul,Family
9171,Diego Cirino,fogacaisabela@example.org,19,Mônaco,Family
9172,Theo Monteiro,fcamargo@example.net,29,Fiji,Premium
9173,Caleb Vieira,francisco40@example.org,28,Barein,Free
9174,Lucas Pimenta,igor40@example.org,34,Gana,Family
9175,Gabriela Mendonça,souzamelina@example.com,55,Egito,Free
9176,Arthur Miguel Pinto,calebjesus@example.org,23,Faroé,Premium
9177,Antônio Marques,ida-costa@example.net,54,Maldivas,Free
9178,Luiz Felipe das Neves,zcavalcanti@example.net,48,Nova Zelândia,Family
9179,Dra. Manuella Jesus,casa-grandegustavo-henrique@example.org,68,Suécia,Premium
9180,Levi Siqueira,kevin78@example.org,18,Barein,Family
9181,Pedro Lucas da Luz,sophie15@example.net,51,Vanuatu,Family
9182,Ian Pires,isis01@example.net,20,Anguila,Free
9183,Sr. Calebe Pacheco,isis77@example.net,45,Eslováquia,Family
9184,Raquel Duarte,isabelaragao@example.org,24,Angola,Free
9185,Lara Sá,raulvargas@example.com,62,Ilha Wake,Family
9186,Maria Júlia Farias,da-rosabryan@example.net,23,África do Sul,Free
9187,Eduardo Ribeiro,fariasbenicio@example.net,48,Dhekelia,Premium
9188,Sr. Luiz Felipe Nascimento,isaac88@example.net,61,Polinésia Francesa,Family
9189,Ana Luiza Aparecida,ryan57@example.net,23,Áustria,Premium
9190,João Vitor Lima,joao-lucas19@example.com,56,Barein,Free
9191,Luan Alves,luarapimenta@example.com,29,Austrália,Premium
9192,Dr. Bryan Pimenta,wnunes@example.net,51,Malávi,Premium
9193,Ana Luiza Nunes,vasconcelosdaniela@example.com,25,Maurícia,Family
9194,Stella Fonseca,theodoro11@example.net,58,Uruguai,Premium
9195,Diego Souza,machadojose@example.org,36,Andorra,Premium
9196,Davi Pires,machadocaroline@example.com,69,Papua-Nova Guiné,Premium
9197,Lucas Camargo,thomascamargo@example.com,40,Lituânia,Free
9198,Sr. Matteo Teixeira,ccosta@example.com,60,Camarões,Family
9199,Cecilia Moraes,vargasana-luiza@example.com,23,Bangladesh,Family
9200,Stella Rodrigues,goncalvescaua@example.com,47,Salvador,Free
9201,Sr. Benício Oliveira,cmartins@example.org,28,Mauritânia,Premium
9202,João Vitor Novaes,da-costaisabelly@example.net,44,Domínica,Family
9203,Sabrina Vieira,da-conceicaojoaquim@example.com,30,Roménia,Family
9204,Dr. Rhavi da Mota,isabellycavalcanti@example.com,18,Bielorrússia,Free
9205,Heloisa Cavalcante,da-costaanthony-gabriel@example.net,50,Faroé,Family
9206,Gustavo Lima,davi-lucaslima@example.com,47,Butão,Premium
9207,Daniela Castro,dda-mota@example.org,37,Samoa,Family
9208,Gael Ribeiro,zcastro@example.net,18,Azerbaijão,Free
9209,Maria Cecília Peixoto,emanuel69@example.com,21,Paraguai,Free
9210,Davi Lucca Rios,bcamargo@example.org,33,Cabo Verde,Free
9211,Julia Araújo,otto97@example.org,30,Ilhas Falkland,Premium
9212,Emanuella Novais,benicio61@example.org,66,Chade,Family
9213,Maria Luiza Câmara,samuel85@example.net,66,Tailândia,Free
9214,Vinícius Peixoto,garcialivia@example.org,39,Iraque,Free
9215,Camila Fonseca,thomas11@example.com,43,Costa Rica,Free
9216,Davi Mendonça,livia67@example.org,26,República Checa,Family
9217,Milena Porto,tfarias@example.com,51,Turquia,Family
9218,Sr. Miguel Silveira,da-cruzluigi@example.org,21,Nova Caledónia,Family
9219,Gabriela Sampaio,fariasmarina@example.com,66,Bulgária,Free
9220,Lavínia Melo,moreiramaria-laura@example.net,68,Butão,Premium
9221,Lunna Carvalho,ana-carolinamoreira@example.org,61,Quirguizistão,Family
9222,Cauã Abreu,thiagomarques@example.org,32,Kuwait,Premium
9223,Dr. Vitor Abreu,isabellycarvalho@example.org,66,Finlândia,Premium
9224,Rodrigo Martins,barrosmaite@example.org,38,Ashmore and Cartier Islands,Family
9225,Sra. Ana Julia Correia,marcos-viniciuscaldeira@example.net,45,Bósnia e Herzegovina,Family
9226,Sr. Oliver Costa,ravi-luccada-mota@example.net,58,Rússia,Free
9227,Joana Câmara,cda-paz@example.com,64,Canadá,Premium
9228,Fernando Aparecida,davi-lucca19@example.com,21,Gibraltar,Premium
9229,Antonella Sampaio,agatha60@example.org,44,Gabão,Premium
9230,Felipe Barros,yrodrigues@example.org,68,Israel,Premium
9231,Ester Costa,maria-luisa92@example.net,22,Iran,Family
9232,Oliver Ferreira,isabella86@example.com,63,Monserrate,Premium
9233,Larissa Rios,hellenaviana@example.org,61,Iêmen,Family
9234,Maitê Barros,casa-grandepedro-miguel@example.com,56,Ilhas Salomão,Free
9235,Zoe da Rocha,jose-pedro42@example.net,28,Reino Unido,Free
9236,Luana Santos,beatrizduarte@example.org,70,Coreia do Sul,Free
9237,Yasmin Borges,lorenanogueira@example.net,26,Marrocos,Free
9238,Agatha Caldeira,hferreira@example.org,59,Malávi,Family
9239,Manuella Vieira,joao-lucaspereira@example.com,30,Nauru,Family
9240,Isabela Sampaio,uandrade@example.net,20,Quênia,Free
9241,Maria Liz Moraes,kbarros@example.org,49,Paquistão,Premium
9242,Srta. Maya Gonçalves,goncalvesmarina@example.com,37,Ilhas Heard e McDonald,Family
9243,Lara Castro,lda-paz@example.com,57,Antilhas Holandesas,Family
9244,Ana Luiza Farias,antonella85@example.net,44,Botsuana,Free
9245,Theodoro Rios,maria-juliamachado@example.com,20,Armênia,Premium
9246,Emanuella Montenegro,goncalvesantony@example.net,54,Albânia,Family
9247,Maria Fernanda Gonçalves,gustavo-henrique60@example.net,48,Jan Mayen,Free
9248,Isaque Porto,amanda66@example.com,60,Sérvia,Free
9249,Thomas Moraes,novaesguilherme@example.com,29,Argélia,Premium
9250,Yan da Cruz,roliveira@example.org,31,Turquemenistão,Family
9251,Sr. Vitor das Neves,wribeiro@example.com,48,Turquemenistão,Premium
9252,Paulo Macedo,agathanunes@example.com,33,Singapura,Family
9253,Ana Vitória Monteiro,correiaapollo@example.org,30,Seicheles,Family
9254,Dr. Caio da Rosa,da-costadavi@example.net,38,Tuvalu,Premium
9255,Lunna Machado,henrique43@example.com,35,Canadá,Premium
9256,Dr. Luiz Gustavo Borges,pastoraylla@example.com,19,Chade,Premium
9257,Carolina Siqueira,hcorreia@example.com,61,Chipre,Premium
9258,Enzo Gabriel Marques,mendesvinicius@example.org,70,Grécia,Premium
9259,Davi Fonseca,souzamelina@example.com,60,Jibuti,Free
9260,Rhavi Cardoso,liviaduarte@example.com,58,Zâmbia,Premium
9261,Aurora Caldeira,eda-mata@example.net,69,Arábia Saudita,Family
9262,Sra. Esther Sampaio,mouramaria-cecilia@example.net,45,Palau,Free
9263,Dra. Sabrina Caldeira,mabreu@example.org,18,Geórgia,Family
9264,Catarina Ramos,guilhermecastro@example.com,57,Islândia,Free
9265,Sarah Borges,qaragao@example.org,20,Burquina Faso,Family
9266,Bernardo Costa,kfarias@example.org,56,Albânia,Free
9267,Luísa das Neves,wrios@example.org,47,Bolívia,Free
9268,Elisa Nogueira,marcos-vinicius46@example.com,51,São Vicente e Granadinas,Free
9269,Sr. Asafe das Neves,gbrito@example.org,26,Dhekelia,Family
9270,Dr. João Pedro Cardoso,laismartins@example.com,66,Antártica,Free
9271,Rafaela Cardoso,lmendonca@example.net,18,Costa Rica,Free
9272,Amanda Ribeiro,allana08@example.org,28,Dhekelia,Premium
9273,Davi Lucca Carvalho,allanada-rosa@example.com,48,Pitcairn,Premium
9274,Mariane Ramos,larissafarias@example.net,37,Suíça,Premium
9275,Heitor Freitas,mrezende@example.net,58,República Centro-Africana,Family
9276,Ágatha Ferreira,pastorantonio@example.net,63,Geórgia,Family
9277,Rafael Pimenta,ecamargo@example.net,70,São Pedro e Miquelon,Premium
9278,Carolina Lopes,lorenzo43@example.com,33,Coreia do Sul,Family
9279,Dra. Maria Cecília das Neves,davi-luiz14@example.org,61,Irlanda,Family
9280,Melissa Cardoso,mvieira@example.com,47,Hungria,Free
9281,Clara Pires,yurifernandes@example.com,47,Nigéria,Premium
9282,Sr. Brayan Costa,novaespedro@example.com,21,Timor Leste,Family
9283,Elisa Pereira,anna-lizguerra@example.net,20,Costa do Marfim,Family
9284,Benicio Freitas,palbuquerque@example.org,33,Mauritânia,Family
9285,Ágatha da Paz,luisaaparecida@example.org,18,Bulgária,Free
9286,Yago Sá,olivia28@example.net,57,Reino Unido,Free
9287,Dr. José Miguel Correia,tcamargo@example.net,48,Guatemala,Free
9288,Ana Lívia Fernandes,lmachado@example.com,52,África do Sul,Family
9289,Apollo Câmara,limaotavio@example.org,51,Camboja,Family
9290,Stella Teixeira,eduardaandrade@example.com,68,Salvador,Premium
9291,Maria Flor Carvalho,oazevedo@example.com,48,Coral Sea Islands,Free
9292,Sr. Isaac Lopes,davi-lucaslima@example.org,64,Congo-Brazzaville,Premium
9293,Eduardo Siqueira,nvieira@example.org,46,Etiópia,Family
9294,Gustavo Duarte,lorena98@example.com,22,Seicheles,Free
9295,Dr. Yuri Freitas,zoejesus@example.org,47,República Dominicana,Premium
9296,Yago Costela,acaldeira@example.org,48,Papua-Nova Guiné,Premium
9297,Caio Lima,ncasa-grande@example.org,56,Países Baixos,Free
9298,Eloá Azevedo,uda-mota@example.net,31,Montenegro,Free
9299,Milena Camargo,camarajulia@example.com,35,República Dominicana,Free
9300,Sra. Alexia Duarte,antonyvargas@example.com,48,Afeganistão,Free
9301,Maria Clara Lima,caragao@example.com,30,Fiji,Free
9302,Maria Liz Moura,fogacazoe@example.com,19,Ilha Wake,Free
9303,Antônio Fonseca,macedopaulo@example.net,48,Ruanda,Free
9304,Apollo Duarte,lara81@example.com,64,Eslováquia,Free
9305,Bárbara Sá,isaacda-conceicao@example.com,46,China,Free
9306,Ana Beatriz Oliveira,oliversiqueira@example.net,52,Turquemenistão,Family
9307,Noah Vargas,umoreira@example.net,48,Jibuti,Premium
9308,Dra. Olívia Rocha,mda-luz@example.com,18,Paracel Islands,Family
9309,Isis Novais,fogacaheloisa@example.net,56,Colômbia,Premium
9310,Mariane Barbosa,urocha@example.org,32,Usbequistão,Family
9311,Dra. Carolina Nogueira,da-mataantony@example.com,32,Grécia,Family
9312,Kamilly Viana,rodrigorezende@example.com,52,Antilhas Holandesas,Free
9313,Théo Freitas,lcastro@example.com,54,Svalbard e Jan Mayen,Free
9314,Emanuelly da Luz,raquel66@example.com,43,Japão,Free
9315,Luiza Lima,souzaantonella@example.net,25,Papua-Nova Guiné,Family
9316,Valentina Moraes,peixotokaique@example.org,64,Antilhas Holandesas,Family
9317,Felipe Viana,da-pazrafael@example.com,33,Clipperton Island,Premium
9318,Eloá Freitas,nbrito@example.com,43,Senegal,Family
9319,Srta. Amanda Pastor,danilopeixoto@example.com,51,Guiné-Bissau,Premium
9320,Liam Freitas,jesusbreno@example.com,30,Jordânia,Free
9321,Ágatha Caldeira,isis67@example.net,67,Barbados,Family
9322,Dra. Emanuelly Barros,ferreiraluiza@example.com,59,Ilha Bouvet,Premium
9323,Isaac Barros,sampaiodavi-lucas@example.com,24,Anguila,Premium
9324,Samuel Almeida,bianca55@example.net,38,Espanha,Family
9325,Danilo Mendes,camaracamila@example.net,42,Paquistão,Premium
9326,Dr. Anthony Gabriel Sousa,eazevedo@example.org,39,Birmânia,Premium
9327,Sr. Matheus Montenegro,joanamendonca@example.com,47,Guatemala,Free
9328,José Pedro Costela,halves@example.com,55,África do Sul,Free
9329,Maria Vitória Gomes,piresnoah@example.org,39,Macau,Family
9330,Dr. Gabriel Sá,ufarias@example.net,45,Bielorrússia,Premium
9331,Carlos Eduardo Rodrigues,albuquerquesamuel@example.org,49,Dhekelia,Free
9332,Pedro Miguel Aparecida,vasconcelosluara@example.org,55,Ilhas Virgens Britânicas,Free
9333,Caio Sales,da-rosaanthony-gabriel@example.org,61,Tajiquistão,Premium
9334,Milena Sá,juanfogaca@example.org,21,Egito,Premium
9335,Ian Azevedo,lfarias@example.net,52,Birmânia,Premium
9336,Cauê Fogaça,barrosvalentim@example.net,44,Botsuana,Premium
9337,Henry Gabriel Sá,agatha29@example.net,47,Bulgária,Free
9338,Joaquim Sousa,livianogueira@example.com,30,Países Baixos,Family
9339,Bianca Jesus,luara20@example.com,41,Quênia,Family
9340,Arthur Cardoso,pietroborges@example.net,62,Ilha Wake,Premium
9341,João Pedro Ramos,fernandesjoaquim@example.net,50,Benim,Family
9342,Lorenzo Siqueira,ramosbernardo@example.com,37,Países Baixos,Free
9343,Maria Liz Nunes,agatha52@example.org,66,Turquemenistão,Family
9344,Gael Fonseca,isantos@example.net,45,Armênia,Family
9345,Dr. Kevin Ramos,gmacedo@example.com,52,Domínica,Free
9346,Thomas Lopes,melina46@example.com,39,Brunei,Premium
9347,Maria Eduarda Garcia,garciamarina@example.net,25,Israel,Premium
9348,Ana Luiza Fogaça,mgarcia@example.org,64,Ilhas Marshall,Family
9349,Luísa Pereira,ipeixoto@example.net,57,Angola,Family
9350,Ana Sophia Sousa,henry-gabrielcunha@example.com,37,Liechtenstein,Free
9351,Maria Fernanda Gonçalves,thomasteixeira@example.net,46,Togo,Free
9352,Liam Sales,camargoeloa@example.org,35,Barbados,Premium
9353,Dr. Benício Cunha,pietrocostela@example.net,50,Haiti,Family
9354,Anthony Castro,ffreitas@example.com,28,Moçambique,Free
9355,Ana Clara Aparecida,icavalcante@example.org,59,Jibuti,Premium
9356,Dra. Sara Rodrigues,arthur-miguelcostela@example.net,26,Liechtenstein,Family
9357,Luiz Otávio Dias,guerraarthur-gabriel@example.com,34,Tanzânia,Family
9358,Isabel Lopes,jade81@example.org,65,Quiribáti,Family
9359,Maria Cecília Guerra,caue68@example.org,57,Ucrânia,Family
9360,Dra. Esther Melo,zda-paz@example.com,35,Geórgia,Premium
9361,Ravi Aragão,rvargas@example.net,18,Síria,Premium
9362,Sra. Lara Farias,diasryan@example.com,44,Nepal,Premium
9363,Vitor Oliveira,qguerra@example.com,35,Congo-Kinshasa,Premium
9364,Luiza Fernandes,silvagael-henrique@example.com,50,Líbano,Family
9365,Cauê Melo,bfarias@example.net,54,Tokelau,Free
9366,Hellena Caldeira,mendesenrico@example.com,42,Ilhas Virgens Americanas,Family
9367,Maysa Mendes,maria61@example.net,55,Espanha,Free
9368,Dom Castro,agatha69@example.net,35,Jordânia,Premium
9369,Luiza Fernandes,rezendegabriel@example.net,35,Santa Helena,Family
9370,Ravi Lucca Guerra,leonardomoraes@example.net,23,Jamaica,Family
9371,Kevin Araújo,da-rosaisabela@example.org,58,Arábia Saudita,Free
9372,Samuel Carvalho,mariana13@example.org,54,Serra Leoa,Free
9373,Agatha da Rocha,da-rosabella@example.org,52,Armênia,Free
9374,Dr. Davi Lucas Silva,vargasbruno@example.org,55,Polinésia Francesa,Premium
9375,Augusto Lopes,nmoreira@example.com,52,Áustria,Premium
9376,Maria Alice Silveira,matheus89@example.com,54,Ilhas Virgens Britânicas,Premium
9377,Sabrina Costela,ana-julia69@example.org,63,Croácia,Free
9378,Brenda Mendonça,sousasofia@example.com,69,Navassa Island,Family
9379,Lorenzo Macedo,qferreira@example.com,64,Estados Unidos,Free
9380,Marcelo Rodrigues,bruno12@example.net,23,Guiana,Family
9381,Vinícius Abreu,da-matabarbara@example.net,69,Marianas do Norte,Family
9382,Asafe Vargas,gaelalves@example.net,25,Senegal,Premium
9383,Lunna Aparecida,caue26@example.net,40,Burundi,Premium
9384,Otto da Cunha,henrique97@example.net,58,São Vicente e Granadinas,Premium
9385,Mariana Araújo,wbrito@example.org,56,Bulgária,Family
9386,Camila Porto,levi13@example.net,49,Panamá,Family
9387,Caroline da Mata,qvargas@example.com,43,Argélia,Family
9388,Alexia Rocha,melojoao-vitor@example.net,41,Guernsey,Free
9389,Dante Mendes,amandarodrigues@example.net,48,Egito,Family
9390,Elisa Barbosa,clara08@example.org,56,Cuba,Free
9391,Ágatha Aparecida,wmacedo@example.net,57,Guiné-Bissau,Family
9392,Dr. Lucas Gabriel Almeida,anna-lizteixeira@example.com,70,Brunei,Premium
9393,Lunna Sousa,saarthur-gabriel@example.net,56,Ilha Wake,Free
9394,Ana Vitória Rodrigues,yalbuquerque@example.net,65,Líbano,Free
9395,Vitor da Conceição,felipecunha@example.com,34,Tokelau,Family
9396,Mariana Lima,fonsecadiego@example.net,54,Índia,Free
9397,João Guilherme Caldeira,pmelo@example.com,68,Akrotiri,Family
9398,João Lucas Carvalho,vasconcelosana-livia@example.org,41,Marianas do Norte,Premium
9399,Agatha Azevedo,ravi-lucca49@example.org,44,Guam,Premium
9400,Gustavo Costa,barbosaana-beatriz@example.com,28,França,Family
9401,Olivia Brito,hellena13@example.org,37,Brasil,Premium
9402,Julia Sales,andrademaria@example.org,63,Costa Rica,Premium
9403,Leandro Pires,novaesvalentim@example.com,46,Nova Caledónia,Premium
9404,Benício Caldeira,maria-alicealves@example.org,63,Ilhas Salomão,Premium
9405,Clarice Leão,rochajoao-gabriel@example.net,31,Arábia Saudita,Free
9406,Nina Montenegro,da-pazasafe@example.com,28,Palau,Family
9407,Bella Martins,cardosopietra@example.net,63,Domínica,Premium
9408,Sra. Esther Sá,diegofogaca@example.net,33,Sérvia,Family
9409,João Guilherme Casa Grande,zoe70@example.com,21,Tonga,Family
9410,Sr. Léo Rocha,julianateixeira@example.com,32,Coreia do Sul,Premium
9411,Thomas Teixeira,pastoresther@example.com,42,Arábia Saudita,Premium
9412,Francisco Fernandes,kmachado@example.org,22,Níger,Free
9413,Antonella Moraes,augusto67@example.net,46,Ilhas Caiman,Free
9414,Sr. Lucas das Neves,mariada-luz@example.net,53,Aruba,Free
9415,Mariane Costa,liamsousa@example.org,50,Dhekelia,Family
9416,Davi Lucca Fonseca,uda-cunha@example.com,62,Macedônia do Norte,Free
9417,Lorena Alves,joao-pedro07@example.org,21,Guiana,Free
9418,Liam Moreira,joao-gabrielcavalcanti@example.com,39,Países Baixos,Premium
9419,Isadora Pastor,maria-sophia34@example.net,28,Noruega,Premium
9420,Isabela Santos,pachecohelena@example.org,53,Andorra,Family
9421,Dra. Carolina Costela,davi29@example.com,48,Vietnam,Premium
9422,João Pinto,costaelisa@example.org,64,Portugal,Family
9423,Pedro Miguel da Paz,jvieira@example.net,44,Suíça,Premium
9424,João Miguel Porto,azevedomaria-julia@example.org,70,Irlanda,Premium
9425,Alana Dias,davi-lucasrodrigues@example.net,21,Eslovênia,Free
9426,Mateus Lopes,caio50@example.net,36,Costa Rica,Family
9427,João Felipe Vasconcelos,iaparecida@example.net,55,Palau,Family
9428,Liz Mendes,barbosapietro@example.com,61,Porto Rico,Family
9429,Evelyn da Costa,ccampos@example.com,41,Libéria,Free
9430,Carlos Eduardo Alves,carolina56@example.com,27,Guiné Equatorial,Free
9431,Raquel Nascimento,salesluiz-otavio@example.com,57,Ilha de Man,Free
9432,Ravi Lucca Carvalho,novaesheitor@example.org,46,Croácia,Premium
9433,João Miguel Dias,leaoluiza@example.org,19,Iraque,Premium
9434,Srta. Maria Isis Cassiano,xrocha@example.net,39,Ilhas dos Cocos,Family
9435,Ryan Ferreira,das-nevesnicole@example.net,42,Arábia Saudita,Premium
9436,Marcela Guerra,alana64@example.net,43,Guiana,Free
9437,Mateus Camargo,mcampos@example.org,47,Dinamarca,Premium
9438,Kaique Gomes,aparecidaclarice@example.com,56,Malávi,Family
9439,Ana Cecília Pimenta,mayamarques@example.org,35,Croácia,Free
9440,Isaac da Conceição,piresmarina@example.com,49,Samoa,Free
9441,Rebeca da Paz,maria-eduarda46@example.com,38,Grécia,Premium
9442,Sra. Aurora Guerra,ana-lauraferreira@example.com,23,Porto Rico,Free
9443,Stella Fogaça,umoura@example.org,22,Sri Lanka,Free
9444,Ana Julia Fernandes,kcavalcanti@example.net,28,Grécia,Free
9445,Srta. Ana Carolina Câmara,vitor-gabriel79@example.net,67,Mônaco,Premium
9446,Ana Júlia Souza,josue72@example.org,62,Dinamarca,Family
9447,Ravi Lucca Siqueira,alana35@example.com,32,Grécia,Free
9448,Murilo Machado,kmelo@example.org,36,Canadá,Free
9449,Isaque Silveira,gustavo39@example.net,57,São Vicente e Granadinas,Family
9450,Sra. Ana Julia Aragão,aaragao@example.org,19,Cabo Verde,Free
9451,Enzo Pereira,correializ@example.org,42,Dhekelia,Family
9452,Sra. Júlia Freitas,mcunha@example.com,22,Antilhas Holandesas,Family
9453,Dr. Henry Siqueira,clara52@example.com,54,Navassa Island,Premium
9454,Dr. Ryan Freitas,camaramaria-eduarda@example.net,31,Eslováquia,Free
9455,Sofia Viana,fernandavargas@example.net,32,Países Baixos,Free
9456,Maria Alice da Conceição,levida-mata@example.net,46,Marianas do Norte,Free
9457,Maria Eduarda Borges,ana-carolina40@example.com,19,Comores,Premium
9458,Sra. Hadassa Farias,ana-lizrios@example.com,57,Burquina Faso,Free
9459,Benjamim Nunes,gabriellyjesus@example.com,39,Montenegro,Free
9460,Cecília das Neves,crocha@example.org,19,Dinamarca,Family
9461,Catarina Novais,mendesthiago@example.org,27,Navassa Island,Family
9462,Julia Fonseca,matteo71@example.org,47,Bahamas,Free
9463,Sr. Henrique Gomes,scamara@example.net,46,Macedônia do Norte,Free
9464,Gael Henrique Souza,nunesmatteo@example.com,19,Serra Leoa,Free
9465,Heloisa Vieira,enzo-gabrielcirino@example.org,38,Antártica,Free
9466,Luiz Gustavo Ramos,lavinia71@example.com,67,Turquia,Free
9467,Maria Liz Costela,anthonycavalcanti@example.org,36,Territórios Austrais Franceses,Premium
9468,Diego Ferreira,jrodrigues@example.com,32,Ilha do Natal,Family
9469,Mariah Lopes,da-motaleandro@example.net,50,Lesoto,Premium
9470,Sra. Maria Alice da Mata,iferreira@example.com,60,Guiné Equatorial,Premium
9471,Zoe Lima,luiz-henriquerocha@example.org,42,Belize,Family
9472,Vitor Hugo da Conceição,henry97@example.net,58,Bélgica,Family
9473,Mariah Vieira,nicolasnovais@example.org,63,Filipinas,Family
9474,Dante da Rocha,olivia01@example.net,56,Palau,Free
9475,Vicente Melo,vicente21@example.org,34,Egito,Family
9476,Nicolas Abreu,siqueirajoao-pedro@example.net,56,Reino Unido,Free
9477,Thiago Lima,mbarbosa@example.net,63,Niue,Family
9478,Gabrielly Fonseca,marcela54@example.com,37,Ilha Norfolk,Family
9479,Pedro Henrique Macedo,fmelo@example.com,23,Cuba,Free
9480,Sr. André Aragão,davi-miguel35@example.org,58,Ucrânia,Free
9481,Sr. Luiz Gustavo Nunes,pirescecilia@example.com,41,Congo-Kinshasa,Free
9482,Liz Azevedo,taparecida@example.com,61,Tailândia,Family
9483,Antonella Sampaio,yrios@example.org,47,Vietnam,Premium
9484,João Gabriel Macedo,yago34@example.com,53,Nauru,Premium
9485,Enzo Gabriel Cassiano,leaoravi-lucca@example.org,19,Azerbaijão,Family
9486,Nicolas Lima,camargoamanda@example.net,26,Porto Rico,Premium
9487,Gabrielly Moraes,da-cunhalorena@example.net,54,Coral Sea Islands,Premium
9488,Théo Rodrigues,diasana@example.net,64,Clipperton Island,Premium
9489,Marina Barbosa,ocassiano@example.org,47,Estados Unidos,Premium
9490,João Vitor Fernandes,nicole93@example.net,29,Polônia,Free
9491,Hellena Cunha,lalmeida@example.com,42,Sudão,Premium
9492,Caroline da Mota,csouza@example.com,30,Japão,Premium
9493,Luigi Alves,cborges@example.org,19,Reino Unido,Premium
9494,Léo Borges,sampaiolaura@example.org,46,Mali,Free
9495,Paulo da Cruz,ubrito@example.net,64,Gana,Free
9496,Noah Brito,mateus68@example.net,32,Coreia do Norte,Premium
9497,Ísis Mendes,andre26@example.org,24,União Europeia,Free
9498,Ana Sophia Rodrigues,leonardo63@example.net,52,Eslovênia,Family
9499,Sara Costela,yda-luz@example.com,36,Barein,Premium
9500,Heitor da Paz,da-luzcalebe@example.net,44,Japão,Family
9501,Laís Novaes,vitor-gabrielda-rosa@example.net,51,Burquina Faso,Free
9502,Bruno da Mota,lucca72@example.org,45,Montenegro,Premium
9503,Apollo da Mata,aduarte@example.org,38,Japão,Free
9504,Otto Albuquerque,manuellamachado@example.net,69,Bósnia e Herzegovina,Family
9505,Davi Luiz Nascimento,laislima@example.com,20,Coreia do Norte,Family
9506,Júlia Montenegro,antoniocostela@example.org,24,Jersey,Free
9507,Ryan Porto,vasconcelosdom@example.org,44,Belize,Premium
9508,Gael Pires,ocamara@example.net,55,Territórios Austrais Franceses,Family
9509,Brayan Ramos,galbuquerque@example.org,24,República Dominicana,Premium
9510,Srta. Melissa Jesus,ecunha@example.org,45,Catar,Family
9511,Zoe Pereira,calebmartins@example.com,40,São Vicente e Granadinas,Free
9512,Maria Helena Lopes,andradedante@example.com,60,Bermudas,Premium
9513,Felipe Cirino,bsouza@example.net,53,Lituânia,Premium
9514,Antony Teixeira,eduardasampaio@example.net,23,Croácia,Premium
9515,Thales da Luz,acardoso@example.org,37,Marrocos,Family
9516,Maria Jesus,pachecoarthur-gabriel@example.com,29,Níger,Family
9517,Ana Carolina Garcia,rodrigocosta@example.net,45,Ilha Wake,Family
9518,Isaac Oliveira,vda-costa@example.net,41,Laos,Premium
9519,Maitê Garcia,camaravalentim@example.com,34,Catar,Premium
9520,Caleb Fonseca,silvaisaque@example.org,69,Domínica,Premium
9521,Emilly Azevedo,rmacedo@example.net,65,Angola,Premium
9522,Thales Vieira,arthur-miguel53@example.net,20,República Dominicana,Free
9523,Lívia Brito,fariascamila@example.net,51,Botsuana,Premium
9524,Dr. Breno Moraes,ian24@example.com,67,Áustria,Family
9525,Levi Cardoso,ryan05@example.com,22,Alemanha,Premium
9526,Felipe das Neves,vitor-gabriel02@example.com,70,Guiné,Free
9527,Clarice Novais,vasconcelosgael-henrique@example.org,52,Filipinas,Premium
9528,Srta. Rafaela da Conceição,rezendejoao-gabriel@example.org,20,Vietnam,Premium
9529,Henry Barbosa,cfogaca@example.org,68,Ilhas Marshall,Premium
9530,Otto da Rocha,gustavo-henrique66@example.org,20,Jordânia,Family
9531,Arthur Gabriel Melo,diasbenjamin@example.net,39,Egito,Free
9532,Maria da Rosa,joao-lucas40@example.com,31,Domínica,Premium
9533,Helena da Cruz,aylla10@example.org,54,Jamaica,Family
9534,Vitor Novais,ejesus@example.org,39,Singapura,Family
9535,Ana Beatriz Nunes,da-motadaniela@example.com,19,Chipre,Free
9536,João Pedro Melo,diasluiz-gustavo@example.com,18,Butão,Family
9537,Ravi Guerra,alanasales@example.net,23,Dhekelia,Family
9538,Pedro Henrique Moura,maria-helena64@example.org,68,Guiana,Family
9539,Sabrina Fernandes,gpimenta@example.org,34,Aruba,Family
9540,Mariane Castro,emanuel67@example.net,22,Afeganistão,Premium
9541,Sr. Danilo Araújo,siqueiraleandro@example.org,36,Somália,Family
9542,Dr. Bryan Guerra,pimentajoao-guilherme@example.org,25,Ruanda,Family
9543,Hadassa Fernandes,caldeiraana-luiza@example.org,32,Turquemenistão,Premium
9544,Dr. Bernardo Cavalcante,novaesliam@example.net,27,Brasil,Premium
9545,Sabrina Camargo,xda-luz@example.net,63,Brasil,Premium
9546,Maria Fernanda Campos,cecilia54@example.org,23,Geórgia do Sul e Sandwich do Sul,Free
9547,Benjamin da Luz,oaragao@example.org,61,Panamá,Family
9548,Camila Fernandes,da-pazluana@example.net,37,Israel,Family
9549,Ana Liz da Costa,paulosa@example.com,54,Gâmbia,Family
9550,Dra. Carolina Teixeira,barbosarhavi@example.org,63,Ilhas Virgens Americanas,Free
9551,Lara Sales,kpastor@example.org,30,Paquistão,Premium
9552,Henry Gabriel Fogaça,wmacedo@example.org,50,Camarões,Premium
9553,Maya das Neves,vitor93@example.net,53,Japão,Family
9554,Yasmin Nogueira,jcastro@example.org,58,Irlanda,Free
9555,Antony Pinto,sarahfernandes@example.com,52,Senegal,Family
9556,Ravy Vieira,yurinogueira@example.com,58,Croácia,Free
9557,Maria Clara Rocha,novaisemanuelly@example.net,70,Argélia,Family
9558,Agatha Moura,bda-rocha@example.com,22,Suécia,Free
9559,Bernardo da Conceição,barbosadavi@example.net,39,Brunei,Family
9560,Maria Isis da Rosa,ksousa@example.com,34,Gibraltar,Family
9561,Letícia Rodrigues,maria-lizpires@example.com,25,Islândia,Family
9562,Enzo Viana,rezendediogo@example.net,43,Nauru,Premium
9563,Dra. Maria Luiza Albuquerque,araujoemanuel@example.net,66,Svalbard e Jan Mayen,Free
9564,Lavínia Casa Grande,elisa42@example.net,38,Nepal,Free
9565,Otto Jesus,oliverandrade@example.net,56,Vietnam,Family
9566,Nicolas Cavalcante,luana40@example.net,56,Ilha Wake,Free
9567,Arthur Dias,lfreitas@example.net,23,Tokelau,Free
9568,Isaac Novais,xguerra@example.net,38,Quirguizistão,Free
9569,Laís Farias,pietralima@example.com,33,Geórgia,Premium
9570,Maria Alice Moraes,kcastro@example.net,40,Burundi,Free
9571,Maria Moura,luiz-henrique27@example.com,26,Jordânia,Free
9572,Mariane Abreu,jnunes@example.net,40,Suriname,Premium
9573,Mariane Peixoto,cauecastro@example.org,46,Islândia,Free
9574,Allana Pimenta,catarinapinto@example.org,52,Libéria,Premium
9575,Larissa Barros,mariana97@example.org,36,Irlanda,Family
9576,Danilo da Luz,nathangoncalves@example.com,23,Egito,Premium
9577,Daniela Novais,ian24@example.net,41,Groenlândia,Premium
9578,Rhavi Sá,laracaldeira@example.com,42,Wallis e Futuna,Premium
9579,José Ferreira,natalia53@example.org,42,Ilhas Heard e McDonald,Free
9580,Dra. Luiza Moreira,benjamimcassiano@example.com,49,Camboja,Free
9581,Melina Cavalcante,araujotheo@example.net,35,Quênia,Premium
9582,Olivia Oliveira,antony27@example.org,45,Togo,Free
9583,Isabelly Nascimento,camararyan@example.org,61,Áustria,Premium
9584,Srta. Anna Liz Teixeira,faraujo@example.org,18,Sudão,Premium
9585,Laura Castro,qoliveira@example.net,61,Equador,Free
9586,Elisa Fonseca,lizrocha@example.net,19,Ilhas Falkland,Free
9587,Yan Rezende,yuri83@example.com,28,Equador,Family
9588,Ana Lívia Santos,eda-luz@example.net,27,Armênia,Free
9589,Antony Cunha,lucca20@example.net,28,Tanzânia,Premium
9590,Natália Fernandes,pimentaalexandre@example.org,28,Jersey,Family
9591,Marcos Vinicius Ferreira,enzo-gabrielcosta@example.org,40,Níger,Free
9592,Noah Casa Grande,maite47@example.org,35,Etiópia,Free
9593,Emanuel Oliveira,tcirino@example.org,19,Ilha Norfolk,Family
9594,Lucas Gabriel Nunes,pachecoasafe@example.com,28,São Vicente e Granadinas,Free
9595,Pietro Mendes,jnovais@example.net,55,China,Premium
9596,Nicole Rios,mariana02@example.com,51,Dhekelia,Premium
9597,Sarah Mendes,samuel89@example.org,37,República Dominicana,Free
9598,Sarah Lima,nnovaes@example.com,51,Sudão,Premium
9599,Lavínia Viana,hellenamacedo@example.org,25,Mauritânia,Free
9600,Cecilia da Luz,ycavalcante@example.com,37,Malásia,Premium
9601,Samuel Novaes,diasbella@example.com,39,República Centro-Africana,Premium
9602,Pedro Henrique Ramos,portomaria-fernanda@example.org,29,Tonga,Free
9603,Rhavi Mendes,heitor46@example.com,56,Egito,Premium
9604,Thomas da Mata,barrosrebeca@example.com,41,Salvador,Family
9605,Carlos Eduardo Siqueira,diegoviana@example.net,40,Itália,Free
9606,Guilherme Moreira,mariadias@example.com,60,Portugal,Free
9607,Camila Duarte,zda-rocha@example.net,21,Pitcairn,Family
9608,Sra. Carolina Albuquerque,sampaiomaria-sophia@example.org,70,Burundi,Family
9609,Emanuelly Cunha,viniciuscaldeira@example.org,43,Samoa Americana,Premium
9610,Theodoro Fonseca,laura07@example.org,49,Zimbábue,Premium
9611,Alícia da Cruz,sousajosue@example.net,38,Geórgia,Premium
9612,Eduarda Novaes,silvaana-liz@example.net,33,Líbano,Family
9613,Sophie Brito,joao-vitor71@example.net,53,Argentina,Family
9614,Sophie Cassiano,marcelo59@example.org,49,Guiné-Bissau,Free
9615,João Guilherme Marques,casa-grandemaria-vitoria@example.org,60,Jan Mayen,Free
9616,Arthur Miguel Aparecida,ecasa-grande@example.com,62,Tunísia,Free
9617,Rebeca Martins,monteiroenzo-gabriel@example.com,48,Omã,Premium
9618,Hadassa Cunha,miguelmonteiro@example.org,39,Egito,Family
9619,Carlos Eduardo Garcia,eloahmachado@example.net,57,Burquina Faso,Family
9620,Amanda Lopes,yaragao@example.org,57,Argélia,Family
9621,Rodrigo Cunha,fmacedo@example.net,68,Bermudas,Free
9622,Srta. Maya da Conceição,macedoana-livia@example.net,27,Ucrânia,Premium
9623,Ana Carolina Casa Grande,ravi-lucca84@example.net,19,Ruanda,Family
9624,Sophie Pereira,cirinolucas-gabriel@example.com,51,Bielorrússia,Family
9625,Benjamin Fonseca,emanuella93@example.com,42,Ilha do Natal,Family
9626,Ana Julia Moraes,orodrigues@example.org,70,Mongólia,Premium
9627,Larissa Oliveira,eduardo01@example.net,43,Zimbábue,Free
9628,Sra. Lavínia Jesus,ryanmoura@example.net,29,Finlândia,Free
9629,Alana Almeida,ssouza@example.net,31,Tajiquistão,Free
9630,Isabela Rodrigues,vgomes@example.org,40,Dhekelia,Family
9631,José Brito,isabelpastor@example.net,26,Hungria,Premium
9632,Kevin Câmara,da-cunhaisabelly@example.net,43,Bielorrússia,Free
9633,Levi da Cruz,joao-lucaspires@example.net,56,Suazilândia,Free
9634,José Miguel Campos,rebeca06@example.net,68,Ilha Bouvet,Free
9635,Davi Miguel Vieira,bsa@example.org,28,Uruguai,Family
9636,Dr. Rodrigo Porto,ugarcia@example.net,49,Ilhas Turcas e Caicos,Free
9637,Catarina Cardoso,ypeixoto@example.com,56,São Marinho,Free
9638,Maria Eduarda Farias,das-nevesana-liz@example.net,27,Angola,Premium
9639,Luara Andrade,isaac15@example.net,51,Quiribáti,Free
9640,Dr. João Miguel Cardoso,maria-alicevieira@example.com,35,Bulgária,Family
9641,Yasmin Aparecida,pirestheo@example.org,60,Ucrânia,Premium
9642,Rebeca da Rosa,leaoemilly@example.com,23,Tajiquistão,Family
9643,Ana Clara Rocha,pcaldeira@example.com,42,São Cristóvão e Neves,Premium
9644,Zoe Pastor,ceciliarocha@example.org,21,Afeganistão,Premium
9645,Vitor Casa Grande,acastro@example.com,47,Omã,Free
9646,Júlia Cassiano,emanuellypeixoto@example.org,38,Santa Lúcia,Free
9647,Dra. Milena Vieira,martinscaroline@example.com,35,Indonésia,Premium
9648,Dr. Pedro Henrique Cavalcanti,sophiearagao@example.net,41,Dhekelia,Free
9649,Eduarda Barbosa,rebecaaragao@example.org,30,Noruega,Free
9650,Emanuelly Vargas,ferreiraisis@example.net,27,Maurícia,Family
9651,Igor Aparecida,rodriguesdanilo@example.org,67,Monserrate,Free
9652,Arthur Miguel Rodrigues,sousadavi-lucas@example.net,61,Irlanda,Family
9653,Maria Alice da Conceição,da-rosalucca@example.org,41,Sara Ocidental,Premium
9654,Nina Nascimento,bianca39@example.net,21,Wallis e Futuna,Premium
9655,Rhavi Carvalho,maria-fernandaramos@example.com,58,Mônaco,Free
9656,Liz Sales,ana-beatrizbarros@example.com,69,Antígua e Barbuda,Family
9657,Stella Moreira,vitor-hugopires@example.net,55,Afeganistão,Family
9658,Joana Rios,cecilia03@example.net,51,Coral Sea Islands,Family
9659,Clara Dias,pereiraana-clara@example.net,37,Tanzânia,Family
9660,Isaque Siqueira,theonovais@example.org,24,Peru,Premium
9661,Nathan Dias,pedro-lucasda-luz@example.com,32,Costa Rica,Premium
9662,Bella da Mota,alana37@example.org,68,Zimbábue,Premium
9663,Sra. Bella Leão,benicio01@example.net,39,Estônia,Premium
9664,Sr. Rhavi Pires,matheus71@example.org,31,Tokelau,Premium
9665,Maria Liz Caldeira,joaquimmartins@example.org,28,Ilhas Marshall,Family
9666,Isabella Casa Grande,gomescecilia@example.org,49,Quênia,Family
9667,Heitor Garcia,zoe78@example.org,21,Butão,Free
9668,Anthony Ferreira,barbara94@example.com,38,Albânia,Free
9669,Bruna Lopes,vmontenegro@example.net,51,Islândia,Family
9670,Anna Liz Porto,juliana72@example.com,52,Nova Caledónia,Free
9671,Otto Oliveira,da-rosajose@example.org,70,Quiribáti,Premium
9672,Sr. Caleb Cassiano,labreu@example.org,51,Ilhas Caiman,Family
9673,Luísa Novaes,pcamargo@example.net,39,Montenegro,Family
9674,Breno Jesus,vcorreia@example.net,32,Ilhas Turcas e Caicos,Premium
9675,Bento Moraes,lporto@example.com,41,São Tomé e Príncipe,Premium
9676,Miguel Silva,melojoao-lucas@example.com,18,Níger,Free
9677,Dra. Daniela Moura,xcarvalho@example.com,69,São Cristóvão e Neves,Free
9678,Bella Mendes,cavalcantemaria-luiza@example.org,23,Quirguizistão,Premium
9679,Ana Beatriz Gomes,tnogueira@example.org,36,Mayotte,Family
9680,Augusto Pacheco,zfernandes@example.org,43,Reino Unido,Family
9681,Sophie da Paz,qda-rosa@example.com,27,Alemanha,Premium
9682,Yuri Marques,emacedo@example.org,25,Egito,Premium
9683,Rael Garcia,diego65@example.net,52,Letônia,Family
9684,Luiz Gustavo Andrade,lorena93@example.org,64,Malásia,Premium
9685,Lorena Aparecida,igorporto@example.org,68,Seicheles,Family
9686,Alexia Freitas,fonsecamateus@example.com,19,Estônia,Free
9687,Sra. Emanuella Leão,sofiapereira@example.org,33,Dinamarca,Family
9688,Kaique Sampaio,pastorlaura@example.com,59,Cazaquistão,Free
9689,Ester Peixoto,lara84@example.net,56,Benim,Premium
9690,Arthur Gabriel Sales,nicole98@example.org,30,Jordânia,Free
9691,Larissa da Rosa,luiz-henriquecaldeira@example.net,50,Ilha Bouvet,Free
9692,Laís Montenegro,moraesluiz-henrique@example.org,38,Fiji,Premium
9693,Dra. Maria Julia Mendonça,vandrade@example.net,19,Malásia,Premium
9694,André Pimenta,sousabernardo@example.net,55,Mauritânia,Premium
9695,Mirella da Paz,davicavalcante@example.org,29,Marianas do Norte,Family
9696,Julia Novaes,heloisacorreia@example.net,63,Macau,Free
9697,Dra. Jade das Neves,maria-eduardaabreu@example.net,35,Antártica,Premium
9698,Mariah Santos,luiz-henrique38@example.org,48,Líbia,Family
9699,Laura Silveira,santosmathias@example.com,39,Andorra,Family
9700,Rodrigo Campos,kcosta@example.net,45,Reino Unido,Family
9701,Maysa Machado,isabella80@example.net,38,Barein,Premium
9702,Maria Lopes,nogueiralucas@example.net,53,Libéria,Free
9703,Maria Sophia Rodrigues,tmonteiro@example.net,48,Egito,Premium
9704,Caleb Barros,ksantos@example.net,36,Costa Rica,Free
9705,Maria Isis Correia,kramos@example.com,57,Alemanha,Family
9706,Maria Rios,heloisaaraujo@example.com,64,Trindade e Tobago,Premium
9707,Maria Helena Sales,kabreu@example.net,60,Itália,Free
9708,Carolina Costa,yuri35@example.org,46,Austrália,Premium
9709,Sr. Rhavi Viana,enrico04@example.org,32,Ilhas Falkland,Free
9710,Sra. Marina Rios,moreiramaria-isis@example.com,32,Salvador,Family
9711,Raul Brito,aragaomurilo@example.org,47,Cabo Verde,Premium
9712,José Almeida,salesraquel@example.org,60,Turquemenistão,Free
9713,Augusto Alves,silvaian@example.org,63,Somália,Premium
9714,Sr. Marcos Vinicius Marques,thales48@example.com,18,Emirados Árabes Unidos,Family
9715,Dr. Dante da Rosa,vargasbeatriz@example.org,30,Ilhas Caiman,Family
9716,Evelyn Casa Grande,borgesaylla@example.com,33,São Cristóvão e Neves,Free
9717,Bruna Vieira,barrosraquel@example.org,38,Belize,Free
9718,Pedro Henrique Pires,nicolas95@example.com,66,Guernsey,Free
9719,Sra. Nina da Costa,opacheco@example.com,45,Tokelau,Free
9720,Maria Eduarda Duarte,pintohellena@example.net,19,Anguila,Premium
9721,João Lucas Cirino,anthony45@example.org,27,Liechtenstein,Family
9722,Enzo Gabriel Souza,cassianojoao-gabriel@example.org,18,Mauritânia,Family
9723,Mirella Cirino,moraeszoe@example.org,20,Haiti,Premium
9724,Nicolas Martins,brunamarques@example.com,21,Islândia,Free
9725,Cauã Sampaio,mrocha@example.net,42,Nigéria,Family
9726,Dr. Théo Marques,da-luzalexandre@example.org,41,Bermudas,Free
9727,Marcela Gonçalves,wpereira@example.net,26,Luxemburgo,Free
9728,Srta. Elisa Jesus,arthur99@example.com,47,Mayotte,Premium
9729,Emanuella Aragão,icampos@example.com,52,Andorra,Premium
9730,Sr. Erick Pacheco,olivia44@example.net,28,Svalbard e Jan Mayen,Free
9731,Dra. Lavínia Sousa,maria-juliada-luz@example.org,26,Eritreia,Premium
9732,Henry Gabriel da Paz,vieiraana-julia@example.com,59,Moçambique,Free
9733,Matteo Costela,waragao@example.com,47,Groenlândia,Family
9734,Antônio Cassiano,uferreira@example.com,44,Suriname,Premium
9735,Davi Lucca Mendonça,mda-cruz@example.org,67,Maldivas,Premium
9736,João Felipe Rios,zvieira@example.org,60,Nova Zelândia,Free
9737,Daniela Ribeiro,vnascimento@example.net,57,Reino Unido,Free
9738,Dr. Diego Freitas,ana-julia81@example.org,44,Venezuela,Free
9739,Gabriel Borges,vicentesilveira@example.org,48,Guiana,Family
9740,Dr. Kaique Sá,brenda54@example.org,35,Jersey,Free
9741,Mariane Pires,bernardosousa@example.com,47,Egito,Premium
9742,Ian da Mata,heitormonteiro@example.org,68,Chile,Family
9743,Ana Sophia Martins,danieljesus@example.com,50,Catar,Family
9744,Vitor Hugo Ferreira,jose-miguel03@example.com,48,Irlanda,Free
9745,Igor Cunha,benjamim76@example.net,28,Maldivas,Family
9746,Sr. Theo Andrade,da-conceicaoana-liz@example.com,46,Jan Mayen,Premium
9747,Marina Teixeira,fernando98@example.net,67,Birmânia,Free
9748,João Guilherme da Conceição,wda-rocha@example.org,54,Angola,Family
9749,Beatriz da Rosa,da-costamaria-helena@example.org,60,Congo-Brazzaville,Free
9750,Bernardo Martins,noliveira@example.net,60,Ilhas Salomão,Premium
9751,Maria Flor Alves,benjamim90@example.com,55,México,Premium
9752,Lucas Gabriel Fogaça,isisrocha@example.net,19,China,Free
9753,Sr. Benício Carvalho,lnunes@example.org,70,Honduras,Premium
9754,Vinicius Cassiano,emanuellacostela@example.com,31,Togo,Premium
9755,Davi Luiz Nunes,caua10@example.com,51,Monserrate,Family
9756,Murilo Pires,pimentavitor-hugo@example.com,49,China,Family
9757,Bruna Câmara,marianaferreira@example.net,50,Ilha Wake,Premium
9758,Ana Sophia da Conceição,wcirino@example.org,57,Angola,Free
9759,Danilo Freitas,pcorreia@example.net,59,Polônia,Premium
9760,Emanuel Duarte,maysa50@example.org,44,Malávi,Free
9761,Isabel Albuquerque,nunesjulia@example.org,21,Quênia,Family
9762,Sra. Luiza Sales,carolina27@example.com,41,Haiti,Free
9763,Dra. Letícia Oliveira,joao-felipe52@example.org,38,Quênia,Family
9764,Bella Cassiano,catarinanunes@example.net,47,Bósnia e Herzegovina,Free
9765,Pietro da Paz,oliverabreu@example.org,44,Liechtenstein,Premium
9766,Erick Azevedo,wduarte@example.org,27,Tajiquistão,Premium
9767,Ana Luiza Montenegro,vianaenzo-gabriel@example.com,40,Turquia,Family
9768,Kevin Fogaça,joao02@example.com,63,Singapura,Free
9769,Igor Leão,luigi33@example.net,36,Argentina,Family
9770,Dr. Kaique Macedo,marquespaulo@example.org,20,Austrália,Free
9771,Davi Lucas Novaes,antonio85@example.org,60,Quirguizistão,Family
9772,Matteo Ferreira,alvesbruna@example.net,57,Botsuana,Free
9773,Sophia Fonseca,da-rochajoaquim@example.com,32,Eritreia,Family
9774,Caleb Pacheco,aparecidafrancisco@example.com,18,Chade,Free
9775,Diego Peixoto,ana-lauracunha@example.org,55,Turquia,Premium
9776,Zoe Duarte,sagiovanna@example.org,18,Antilhas Holandesas,Premium
9777,Allana Sousa,kamilly82@example.com,47,Afeganistão,Premium
9778,Melina da Rosa,gabrielmoura@example.org,50,Colômbia,Family
9779,Felipe Ferreira,camposolivia@example.com,61,Islândia,Free
9780,Sr. Otávio Cassiano,araujoisis@example.com,57,Mayotte,Family
9781,Rael Sampaio,brayan00@example.com,53,Estônia,Premium
9782,Sra. Maria Cecília Souza,rhavi49@example.net,64,Barbados,Premium
9783,Fernanda Rios,xda-rosa@example.net,58,Costa Rica,Free
9784,Sr. Luigi Brito,teixeiraana-cecilia@example.net,30,Serra Leoa,Premium
9785,Luna Viana,leticiamontenegro@example.com,63,Suriname,Free
9786,Maria Laura Mendonça,danilocavalcanti@example.net,60,Santa Helena,Free
9787,Luara da Costa,marqueslarissa@example.com,57,Reino Unido,Family
9788,Ana Luiza Vasconcelos,yferreira@example.org,46,Uruguai,Premium
9789,Maitê Sales,antonella57@example.com,34,Nova Caledónia,Premium
9790,Henry Cunha,ramossara@example.org,69,Fiji,Family
9791,Nicolas Vargas,caldeiraana-liz@example.org,59,Malávi,Free
9792,Rodrigo Martins,albuquerqueyuri@example.net,35,Butão,Premium
9793,Maria Flor Lima,nogueiraleonardo@example.com,42,Tonga,Premium
9794,Caroline Cassiano,martinsyago@example.net,62,Moçambique,Free
9795,Rodrigo Ramos,andreduarte@example.org,31,Território Britânico do Oceano Índico,Family
9796,Maysa Melo,fonsecakevin@example.org,39,Santa Lúcia,Family
9797,Maria Cecília Borges,brunoalves@example.net,29,Jibuti,Premium
9798,Fernanda Santos,mirellaleao@example.com,50,Roménia,Free
9799,Antônio Cassiano,barbosadom@example.net,47,Israel,Family
9800,Lunna Viana,ana-juliajesus@example.net,23,Ruanda,Premium
9801,Emanuella Mendes,carolineda-costa@example.net,62,Suécia,Premium
9802,Sr. Ravi Lucca Siqueira,barbarasampaio@example.org,59,Porto Rico,Family
9803,Sr. Gael Oliveira,anthony-gabrielviana@example.net,63,Honduras,Free
9804,Eduardo Cardoso,luigi28@example.com,67,África do Sul,Premium
9805,Diego da Mata,cardosoolivia@example.org,22,Nauru,Free
9806,Sra. Hellena da Costa,lorenzo30@example.com,18,Serra Leoa,Family
9807,Clara Ramos,qmarques@example.org,38,Hungria,Family
9808,Luiz Henrique Silva,maria-isismoura@example.com,46,Tanzânia,Free
9809,Lunna Casa Grande,sophieda-mata@example.net,25,Akrotiri,Free
9810,Ana Sophia Brito,maitesa@example.org,22,México,Free
9811,Yago Pastor,roliveira@example.com,37,Bulgária,Premium
9812,Gustavo Silveira,tmartins@example.com,65,Coreia do Sul,Family
9813,Isabela Silveira,manuela73@example.com,54,Tajiquistão,Family
9814,Maria Vitória Barbosa,ffonseca@example.com,34,Ilha Norfolk,Free
9815,Sophia Garcia,sara75@example.com,20,Ruanda,Premium
9816,Olivia Aparecida,diego22@example.org,69,Micronésia,Family
9817,Caroline Cirino,noahmendonca@example.org,28,Wallis e Futuna,Premium
9818,Mariane Barbosa,alexiamelo@example.org,35,Pitcairn,Free
9819,Kaique Fonseca,sara54@example.net,18,Mongólia,Family
9820,Luiz Henrique Siqueira,agatha96@example.com,23,Quirguizistão,Family
9821,Matheus Viana,limastephany@example.org,61,Gibraltar,Family
9822,Mariah Fernandes,barbosahadassa@example.net,68,Taiwan,Family
9823,Isabel Almeida,tbarbosa@example.org,22,Níger,Premium
9824,Ana Sophia da Rosa,aurora95@example.com,20,Bulgária,Premium
9825,Dr. Benjamim Andrade,cauamachado@example.com,68,Canadá,Premium
9826,Luiz Miguel Andrade,camposeduarda@example.net,64,Coreia do Sul,Free
9827,Isabela Sá,kda-rosa@example.net,36,República Dominicana,Family
9828,Jade Duarte,msa@example.org,51,Botsuana,Free
9829,Ana Garcia,costelaolivia@example.net,38,Ilhas Virgens Britânicas,Premium
9830,Gustavo Leão,zoe68@example.net,66,Catar,Premium
9831,Larissa Dias,kaique11@example.net,24,Estônia,Free
9832,Hadassa Lopes,riosmiguel@example.net,35,Equador,Family
9833,Dr. Mateus Sales,caragao@example.net,44,Ashmore and Cartier Islands,Family
9834,Ryan Lopes,raelgoncalves@example.com,31,Territórios Austrais Franceses,Free
9835,Maria Luísa Cardoso,barbosaesther@example.com,42,Estônia,Premium
9836,Emanuelly Novaes,sousaluisa@example.org,37,Ilha Wake,Family
9837,Lucas Gabriel Lima,beniciomendonca@example.org,51,Letônia,Family
9838,Letícia Martins,krocha@example.net,31,Malásia,Premium
9839,Alexia Barbosa,tborges@example.org,34,Ilhas Caiman,Family
9840,Esther Barros,vpinto@example.com,23,Azerbaijão,Family
9841,Agatha Melo,diogo17@example.net,27,Sudão,Family
9842,Sr. Luiz Felipe da Cunha,davi-luizduarte@example.net,52,Guiné-Bissau,Premium
9843,Davi Luiz Rezende,znunes@example.com,33,Itália,Premium
9844,Srta. Sara Cirino,rodriguesgustavo@example.org,62,Libéria,Free
9845,Vitor Vargas,julia35@example.org,51,Togo,Family
9846,Luna Casa Grande,camposgiovanna@example.org,39,Israel,Premium
9847,Sofia da Cunha,ravyrezende@example.org,37,Suriname,Family
9848,Ester Cavalcanti,handrade@example.net,25,Liechtenstein,Free
9849,Davi Lucca da Cunha,luiza32@example.net,40,Dhekelia,Premium
9850,Yan Dias,jnascimento@example.org,22,Faroé,Free
9851,Matheus Moreira,dommartins@example.com,62,Usbequistão,Family
9852,Laura Pimenta,sophia60@example.net,19,Ilhas Marshall,Free
9853,Mateus Lima,bruna03@example.net,60,Honduras,Premium
9854,Cecília Silveira,diego64@example.org,26,Países Baixos,Free
9855,Larissa Moreira,vitor-gabriel59@example.net,45,Azerbaijão,Family
9856,Carolina Aragão,maria-julia34@example.org,70,Bolívia,Free
9857,Liz Leão,ipimenta@example.org,33,Guiné,Premium
9858,André Lima,dantefreitas@example.com,20,Fiji,Premium
9859,Josué da Mata,castroenzo-gabriel@example.com,59,Guam,Premium
9860,Nathan Jesus,davi-lucas46@example.net,30,Marrocos,Free
9861,Sra. Marina Teixeira,julia11@example.net,67,Camarões,Premium
9862,Dante Oliveira,nicolas31@example.com,52,Costa Rica,Premium
9863,Clara Machado,montenegromatheus@example.com,40,Mayotte,Premium
9864,Bento da Paz,wcarvalho@example.org,60,Jibuti,Free
9865,Henrique Barbosa,anthony-gabriel05@example.net,35,Guiné,Premium
9866,Enzo Gabriel Castro,evieira@example.net,20,Chipre,Family
9867,Sra. Nicole Ribeiro,antonellaaragao@example.net,36,Fiji,Free
9868,Enrico Almeida,mendesoliver@example.com,28,Ilhas Caiman,Free
9869,Arthur Gabriel Vargas,vitoria79@example.com,31,Niue,Free
9870,Arthur Miguel Costela,dfernandes@example.com,34,Eslovênia,Family
9871,Maria Liz Pimenta,augustosouza@example.org,23,Domínica,Family
9872,Breno Câmara,novaisbianca@example.com,47,Granada,Premium
9873,Marina Lopes,ana-clara84@example.org,42,França,Free
9874,Maria Luiza Vieira,da-cruzmathias@example.com,67,Roménia,Family
9875,Cecilia Cardoso,azevedosophie@example.net,36,Estônia,Premium
9876,Liz Nascimento,leo42@example.net,59,Mali,Premium
9877,Thiago Andrade,eduarte@example.net,42,Paracel Islands,Family
9878,Anthony Gabriel Dias,da-rochaotavio@example.net,40,Lituânia,Premium
9879,Yago Vargas,vmarques@example.com,38,Brunei,Free
9880,Camila da Mata,laisleao@example.com,43,Hungria,Family
9881,Fernando Ferreira,maria-alice69@example.org,51,Dinamarca,Family
9882,Dr. Francisco Mendes,ravysampaio@example.com,59,Canadá,Premium
9883,Valentina Viana,aliciaaraujo@example.net,66,Costa do Marfim,Premium
9884,Sara Monteiro,ppastor@example.net,19,Suazilândia,Family
9885,Sofia Jesus,elisa74@example.org,21,Quênia,Free
9886,Alana Sousa,isabelguerra@example.net,26,Comores,Free
9887,Sophia da Rosa,montenegrobruna@example.org,68,Ilhas Turcas e Caicos,Free
9888,Sra. Maya Moura,benicioalbuquerque@example.org,31,Egito,Free
9889,Ana Sophia Mendonça,teixeirarhavi@example.com,50,Reino Unido,Family
9890,Elisa Câmara,jdas-neves@example.net,35,Hong Kong,Premium
9891,Maria Flor Moreira,davi-luizda-rocha@example.com,38,Síria,Free
9892,Luiz Fernando da Paz,gael-henriqueleao@example.org,41,Luxemburgo,Free
9893,Ravi Lucca Abreu,ecunha@example.org,66,Cuba,Family
9894,Sra. Ana Clara Silva,moreiracaua@example.com,20,Alemanha,Free
9895,Ravi Lucca Moura,paulo47@example.com,68,Bermudas,Family
9896,Isabelly Novais,ana-lauramelo@example.net,52,Singapura,Family
9897,Alice Ferreira,pintogabrielly@example.org,24,Gabão,Family
9898,Luiz Felipe da Cruz,lunnasantos@example.org,70,Eritreia,Free
9899,Maria Luiza Pereira,ana-laurarezende@example.com,55,Laos,Free
9900,Dr. José Jesus,benjamim31@example.net,63,Panamá,Free
9901,Maria Pastor,andrademarcela@example.net,44,Ilhas Virgens Americanas,Free
9902,Stella Cavalcante,ravy55@example.org,26,Ilhas Virgens Britânicas,Premium
9903,Maria Liz Oliveira,juliacavalcanti@example.org,34,Itália,Premium
9904,Theodoro Cavalcante,fernandamonteiro@example.net,24,Madagascar,Free
9905,Dr. Leonardo Silva,karagao@example.org,43,Territórios Austrais Franceses,Premium
9906,Dra. Sofia Brito,zporto@example.com,57,Usbequistão,Free
9907,Ian Casa Grande,kevinoliveira@example.org,69,Afeganistão,Family
9908,Eloá Jesus,ianjesus@example.net,66,Ilhas Caiman,Premium
9909,Isabella Duarte,maria-florazevedo@example.net,54,Indonésia,Free
9910,Caleb Alves,umontenegro@example.com,26,Níger,Premium
9911,Lucas Novaes,bcirino@example.net,44,Tajiquistão,Free
9912,Thales Farias,nathanrios@example.org,54,Coreia do Norte,Premium
9913,Anthony Jesus,joanacasa-grande@example.org,34,Paraguai,Free
9914,Luiz Otávio Campos,pcosta@example.org,63,Coreia do Sul,Free
9915,Dr. Guilherme Azevedo,hellenaviana@example.org,32,Malávi,Family
9916,Sra. Sophie Nunes,ppereira@example.net,22,Emirados Árabes Unidos,Family
9917,Dra. Maria Liz da Conceição,da-rosamaria-luiza@example.net,35,Samoa Americana,Free
9918,Fernando Costa,vitor-hugo81@example.com,23,Argélia,Family
9919,Maria Clara Pimenta,sousaemanuelly@example.net,52,Malásia,Free
9920,Dra. Letícia Fonseca,aparecidagabriel@example.org,64,Gana,Family
9921,Mirella Vasconcelos,dcasa-grande@example.com,63,Costa do Marfim,Family
9922,Nathan Marques,limamaria-helena@example.org,57,Ilha Norfolk,Family
9923,Lívia Silveira,da-conceicaobella@example.net,22,Montenegro,Premium
9924,Sr. Juan Silveira,yrios@example.com,68,México,Family
9925,Helena Monteiro,xcaldeira@example.net,32,Nova Zelândia,Family
9926,Luiz Henrique Pereira,rezendemelina@example.org,57,Svalbard e Jan Mayen,Free
9927,Ana Vitória da Paz,abreuian@example.com,46,Gana,Family
9928,Alexandre Peixoto,scavalcante@example.com,28,Zimbábue,Family
9929,Sra. Ana Carolina Farias,nascimentoana-vitoria@example.com,51,México,Premium
9930,Bruna Cavalcanti,joao-lucasnascimento@example.net,35,Faroé,Premium
9931,Bryan da Conceição,heitor59@example.com,68,Áustria,Premium
9932,Dra. Lara Monteiro,hfarias@example.com,21,Letônia,Family
9933,Vinicius Melo,aylaalbuquerque@example.org,60,Polônia,Premium
9934,João Guilherme Gonçalves,vargaslorena@example.com,46,Ilhas Marshall,Free
9935,Dra. Maysa Pereira,monteiroluigi@example.org,39,Botsuana,Free
9936,Lara Novais,elisacasa-grande@example.net,30,Países Baixos,Premium
9937,Dr. Henrique Aparecida,fogacagiovanna@example.org,30,Rússia,Family
9938,Julia Lopes,augusto11@example.net,36,Bélgica,Free
9939,Lorenzo Castro,joao-lucasda-conceicao@example.com,35,Botsuana,Family
9940,Clara Guerra,maria-sophia10@example.com,58,Mongólia,Family
9941,Sr. Leonardo Campos,barrosgabrielly@example.org,30,Bósnia e Herzegovina,Family
9942,Luiza Cassiano,melissa52@example.net,32,Bangladesh,Premium
9943,Bernardo Mendonça,nlima@example.com,37,Salvador,Family
9944,Mirella Alves,ana-sophia97@example.com,41,Finlândia,Free
9945,Emilly Marques,luana20@example.com,51,Jibuti,Premium
9946,Erick Cunha,lucca18@example.org,70,Niue,Family
9947,Caroline Vieira,mendoncaemilly@example.net,52,Tailândia,Family
9948,Srta. Sophie Leão,mirella21@example.org,55,Dhekelia,Premium
9949,Maya Freitas,kevinnogueira@example.org,35,Costa do Marfim,Premium
9950,Rafaela da Paz,tmoura@example.com,39,Reino Unido,Free
9951,Eloá Pinto,da-rosajuan@example.org,49,Gâmbia,Free
9952,Srta. Melissa da Rocha,ppastor@example.com,41,Catar,Family
9953,Lavínia Casa Grande,vitor99@example.net,52,Uruguai,Family
9954,Eloá Duarte,ana-clara63@example.com,26,República Dominicana,Family
9955,Asafe Ribeiro,tsantos@example.net,39,República Checa,Family
9956,Ravi Lucca Cassiano,nascimentoisabella@example.org,50,Anguila,Premium
9957,Lorenzo Duarte,maria38@example.org,30,Macau,Free
9958,Fernando Machado,gmoreira@example.net,61,Ilha de Man,Free
9959,André da Mota,ana-laura42@example.org,18,Brunei,Premium
9960,Dra. Maria Luiza Freitas,rda-rocha@example.org,38,Chile,Premium
9961,Isaac Santos,diogo67@example.net,29,Mali,Family
9962,Maria Sophia Novais,gcunha@example.com,59,Butão,Family
9963,Leonardo Cardoso,kaique54@example.org,36,Polinésia Francesa,Premium
9964,Gael Henrique Oliveira,gabrielly49@example.org,51,China,Family
9965,Srta. Ayla da Conceição,liamnovais@example.com,26,Jamaica,Premium
9966,Bernardo Cunha,freitassamuel@example.net,28,Gâmbia,Premium
9967,Valentim Barbosa,ravysampaio@example.net,27,Liechtenstein,Free
9968,Pedro Monteiro,cabreu@example.org,69,Congo-Brazzaville,Free
9969,Sra. Clarice Nascimento,vgarcia@example.org,69,São Tomé e Príncipe,Free
9970,Lucca Duarte,montenegroalicia@example.org,68,Luxemburgo,Family
9971,Noah Freitas,diogo37@example.com,44,Navassa Island,Free
9972,Helena Sales,julia58@example.org,29,Chipre,Premium
9973,Melissa Siqueira,maria-ceciliamendes@example.com,27,Granada,Family
9974,Vitor Andrade,goliveira@example.com,48,República Centro-Africana,Premium
9975,Joana Monteiro,rafaelaporto@example.net,57,Costa do Marfim,Premium
9976,Olivia Sousa,hadassabarbosa@example.net,23,Países Baixos,Premium
9977,Ryan Costa,fernandescecilia@example.net,67,Fiji,Free
9978,Danilo Sousa,manuellafreitas@example.com,47,Turquemenistão,Family
9979,Sophia Nogueira,julianafonseca@example.com,62,São Vicente e Granadinas,Free
9980,Bianca Novaes,limadom@example.org,40,Armênia,Premium
9981,Maria Luiza Câmara,ocunha@example.net,48,Equador,Premium
9982,Sr. Luiz Miguel Moura,cunhadavi-miguel@example.org,65,Paraguai,Free
9983,Pedro Lucas Monteiro,luiz-gustavo21@example.org,68,Tunísia,Family
9984,Ana Vitória da Paz,vitor-hugo96@example.net,28,Congo-Kinshasa,Premium
9985,Benício Fogaça,ucampos@example.com,62,Eslováquia,Premium
9986,Olivia Mendonça,silvaayla@example.org,30,Quirguizistão,Premium
9987,Srta. Mariana Cirino,isabel73@example.org,53,Eslováquia,Free
9988,Yuri Machado,souzaamanda@example.org,58,Luxemburgo,Premium
9989,Emanuelly Guerra,eda-rosa@example.com,65,Egito,Free
9990,Igor da Cruz,carolina19@example.net,70,Grécia,Family
9991,Davi Jesus,matheus34@example.com,48,Marianas do Norte,Family
9992,Sr. Luiz Otávio Abreu,qnogueira@example.net,27,Equador,Family
9993,Mariane Azevedo,luccacarvalho@example.com,56,Jordânia,Free
9994,Luiza Montenegro,msales@example.net,66,Zâmbia,Premium
9995,Sophie Moura,luigibarros@example.net,19,Mauritânia,Free
9996,Gustavo Gomes,agomes@example.com,47,Ilha Norfolk,Premium
9997,Gabrielly Almeida,emanuelladas-neves@example.com,61,Camboja,Free
9998,Davi Lucca Sá,scastro@example.com,45,Sudão,Premium
9999,Felipe Freitas,emillyalmeida@example.net,35,Chile,Family
10000,Dr. Luiz Felipe Jesus,teixeirajade@example.net,29,Serra Leoa,Family
