artist,like,play,skip,engagement_rate,skip_rate
Sitoonce,4,1,2,4.0,2.0
BOARCROK,3,1,0,3.0,0.0
Big Ali,3,0,0,3.0,0.0
Club 97,2,0,0,2.0,0.0
Kitten & The Hip,2,1,0,2.0,0.0
Kid Tarô,4,2,2,2.0,1.0
Liam Davison,2,1,0,2.0,0.0
Starsailor,2,1,2,2.0,2.0
Beltek,2,1,0,2.0,0.0
Snacks,4,2,2,2.0,1.0
B-MEN,2,1,2,2.0,2.0
Shrimpnose,2,1,2,2.0,2.0
Casper Cole,2,1,1,2.0,1.0
Fake Mood,2,1,2,2.0,2.0
Andrew Gialanella,2,1,0,2.0,0.0
Capo,2,1,0,2.0,0.0
Corbin Bleu,2,1,1,2.0,1.0
yu-re:meu,2,1,2,2.0,2.0
Secondcity,5,3,1,1.6666666666666667,0.3333333333333333
Autograf,5,3,0,1.6666666666666667,0.0
DeathbyRomy,3,2,0,1.5,0.0
Keith Urban,3,2,0,1.5,0.0
ÊMIA,3,2,1,1.5,0.5
Rich Delinquent,3,2,3,1.5,1.5
Ugly Kid Joe,3,2,1,1.5,0.5
Hil Holla,3,2,0,1.5,0.0
Giselle Torres,3,2,0,1.5,0.0
Cape Cub,4,3,0,1.3333333333333333,0.0
Nico & Vinz,5,4,0,1.25,0.0
Kobra And The Lotus,1,1,0,1.0,0.0
All Them Witches,2,2,1,1.0,0.5
Nguvo,2,2,0,1.0,0.0
Phil Oakey,2,2,0,1.0,0.0
Ed Whicher,1,1,0,1.0,0.0
JDR,3,3,1,1.0,0.3333333333333333
Little River Band,1,1,1,1.0,1.0
Rapper School,2,2,1,1.0,0.5
Eve To Adam,3,3,1,1.0,0.3333333333333333
Reinier Zonneveld,3,3,1,1.0,0.3333333333333333
Iron & Wine,3,3,1,1.0,0.3333333333333333
The Able Bodies,3,3,0,1.0,0.0
Yaeji,2,2,5,1.0,2.5
Anita Baker,2,2,0,1.0,0.0
Danko Jones,2,2,1,1.0,0.5
Kojo Funds,3,3,2,1.0,0.6666666666666666
Dastic,4,4,1,1.0,0.25
Xinister,1,1,2,1.0,2.0
Micast,4,4,1,1.0,0.25
Clarv,3,3,1,1.0,0.3333333333333333
TQ,2,2,1,1.0,0.5
Leo Salom,3,3,0,1.0,0.0
Wolves By Night,2,2,1,1.0,0.5
Sye Elaine Spence,3,3,0,1.0,0.0
Dragon,1,1,0,1.0,0.0
KINGDØMS,2,2,0,1.0,0.0
Xavi The Destroyer,1,1,3,1.0,3.0
Art Aguilera,3,3,1,1.0,0.3333333333333333
The Outset,5,5,0,1.0,0.0
Kazam,3,3,0,1.0,0.0
БРАТУБРАТ,3,3,3,1.0,1.0
F$O Dinero,1,1,0,1.0,0.0
Falling Decibyls,3,3,1,1.0,0.3333333333333333
Hiroomi Tosaka,3,3,1,1.0,0.3333333333333333
Silver,3,3,1,1.0,0.3333333333333333
Unida,2,2,1,1.0,0.5
Luigi e Leandro,4,4,0,1.0,0.0
Gavlyn,2,2,1,1.0,0.5
Glee Cast,1,1,0,1.0,0.0
Sailors,2,2,0,1.0,0.0
Gigamesh,5,5,0,1.0,0.0
Georgia Anne Muldrow,4,4,0,1.0,0.0
Tuff London,3,3,0,1.0,0.0
11:11,2,2,2,1.0,1.0
DARKMINDS,2,2,2,1.0,1.0
Tubeway Army,2,2,1,1.0,0.5
Adrian Emile,1,1,1,1.0,1.0
Samantha Machado,1,1,1,1.0,1.0
MALIA,2,2,1,1.0,0.5
Hunter Hayes,3,3,1,1.0,0.3333333333333333
Finesse,3,3,2,1.0,0.6666666666666666
Fernando García Baró,2,2,0,1.0,0.0
Roostz,2,2,1,1.0,0.5
Flesh For Lulu,2,2,2,1.0,1.0
Adam De Great,1,1,0,1.0,0.0
Ryn Weaver,4,4,2,1.0,0.5
Iron Horse,3,3,1,1.0,0.3333333333333333
Alfonzo Hunter,2,2,0,1.0,0.0
R3SPAWN,1,1,2,1.0,2.0
Stereo Jane,2,2,0,1.0,0.0
Cesare Cremonini,1,0,0,1.0,0.0
Joe Zangie,2,2,3,1.0,1.5
Bad Seed Rising,3,3,1,1.0,0.3333333333333333
Zebra,2,2,0,1.0,0.0
Rexx Life Raj,1,1,1,1.0,1.0
Ngozi Family,6,7,1,0.8571428571428571,0.14285714285714285
Sr Pablo,5,6,1,0.8333333333333334,0.16666666666666666
Jack Holiday,4,5,0,0.8,0.0
Chris Thile,4,5,0,0.8,0.0
LCD Soundsystem,4,5,0,0.8,0.0
Gippy Grewal,4,5,0,0.8,0.0
空音,4,5,1,0.8,0.2
COUNTERFEIT.,4,5,1,0.8,0.2
Bauhaus,4,5,0,0.8,0.0
Miki J,4,5,1,0.8,0.2
Yukihiro Takahashi,3,4,0,0.75,0.0
Bodybangers,3,4,0,0.75,0.0
Myka 9,3,4,0,0.75,0.0
Bryan Ferry,3,4,0,0.75,0.0
Rops1,3,4,0,0.75,0.0
Crisp Nibblets,3,4,1,0.75,0.25
Randy Nota Loka,3,4,0,0.75,0.0
SHINee,3,4,1,0.75,0.25
Natalie Perez,3,4,0,0.75,0.0
Chelsea Lankes,3,4,1,0.75,0.25
Olivier C,3,4,0,0.75,0.0
Kriss Reeve,3,4,1,0.75,0.25
Yarah Bravo,3,4,0,0.75,0.0
Yuri,3,4,1,0.75,0.25
A Great Big World,3,4,0,0.75,0.0
Ninjula,3,4,0,0.75,0.0
The Lady Of Rage,3,4,2,0.75,0.5
Tara Kemp,3,4,1,0.75,0.25
Chris Lawyer,3,4,0,0.75,0.0
Wo Fat,3,4,1,0.75,0.25
TEC,3,4,2,0.75,0.5
Kaam Bhaari,6,8,1,0.75,0.125
Gusi & Beto,3,4,1,0.75,0.25
Stoltenhoff,3,4,0,0.75,0.0
Malharo,3,4,0,0.75,0.0
Dubfire,3,4,1,0.75,0.25
Styles P,3,4,2,0.75,0.5
69 Boyz,5,7,1,0.7142857142857143,0.14285714285714285
Syleena Johnson,2,3,0,0.6666666666666666,0.0
Marcianos Crew,2,3,0,0.6666666666666666,0.0
Phil Campbell,4,6,1,0.6666666666666666,0.16666666666666666
Parts Per Million,2,3,0,0.6666666666666666,0.0
Diamond D,2,3,1,0.6666666666666666,0.3333333333333333
KRMA,2,3,1,0.6666666666666666,0.3333333333333333
Dana Kelson,2,3,2,0.6666666666666666,0.6666666666666666
Damaco,2,3,1,0.6666666666666666,0.3333333333333333
Nonpoint,4,6,4,0.6666666666666666,0.6666666666666666
Danrell,2,3,2,0.6666666666666666,0.6666666666666666
Yelsid,2,3,0,0.6666666666666666,0.0
La Zowi,4,6,1,0.6666666666666666,0.16666666666666666
Offspin,2,3,1,0.6666666666666666,0.3333333333333333
August Alsina,2,3,1,0.6666666666666666,0.3333333333333333
Jutes,4,6,0,0.6666666666666666,0.0
Perera DJ,2,3,0,0.6666666666666666,0.0
Dreicon,2,3,2,0.6666666666666666,0.6666666666666666
Summer Heart,2,3,1,0.6666666666666666,0.3333333333333333
"Dimitri Vegas, Moguai & Like Mike",2,3,3,0.6666666666666666,1.0
Then Came Monsters,2,3,1,0.6666666666666666,0.3333333333333333
Zayde Wølf,2,3,1,0.6666666666666666,0.3333333333333333
Jewelz,2,3,1,0.6666666666666666,0.3333333333333333
Jeremy Shayne,2,3,1,0.6666666666666666,0.3333333333333333
Banda Zeta,4,6,0,0.6666666666666666,0.0
Wett Brain,2,3,0,0.6666666666666666,0.0
Thirdstory,4,6,0,0.6666666666666666,0.0
IDK,2,3,1,0.6666666666666666,0.3333333333333333
Cappa,2,3,1,0.6666666666666666,0.3333333333333333
Biff Byford,2,3,1,0.6666666666666666,0.3333333333333333
Bia Ferreira,2,3,0,0.6666666666666666,0.0
Jairus Mozee,2,3,1,0.6666666666666666,0.3333333333333333
Timmy T,4,6,4,0.6666666666666666,0.6666666666666666
Vilamarea,2,3,1,0.6666666666666666,0.3333333333333333
Liv Young,4,6,0,0.6666666666666666,0.0
Stonefox,2,3,3,0.6666666666666666,1.0
Polimá Westcoast,4,6,1,0.6666666666666666,0.16666666666666666
Eat More Cake,2,3,1,0.6666666666666666,0.3333333333333333
Héctor Lavoe,2,3,0,0.6666666666666666,0.0
Hurshel,2,3,1,0.6666666666666666,0.3333333333333333
Aitor Blond,2,3,0,0.6666666666666666,0.0
Five Revolutions,2,3,1,0.6666666666666666,0.3333333333333333
Love Taps,2,3,1,0.6666666666666666,0.3333333333333333
Frank Pierce,2,3,0,0.6666666666666666,0.0
Hand Habits,2,3,0,0.6666666666666666,0.0
HBz,2,3,2,0.6666666666666666,0.6666666666666666
Lreds,2,3,1,0.6666666666666666,0.3333333333333333
Ricky Bernard,4,6,0,0.6666666666666666,0.0
Velvet Revolver,4,6,1,0.6666666666666666,0.16666666666666666
SafetySuit,2,3,0,0.6666666666666666,0.0
Brittany Howard,4,6,0,0.6666666666666666,0.0
Mr. Vegas,2,3,1,0.6666666666666666,0.3333333333333333
Matt Terry,2,3,0,0.6666666666666666,0.0
Kxa,2,3,1,0.6666666666666666,0.3333333333333333
Kydus,2,3,1,0.6666666666666666,0.3333333333333333
Crashdïet,2,3,0,0.6666666666666666,0.0
The Icicle Works,2,3,3,0.6666666666666666,1.0
D.J. Rogers,2,3,2,0.6666666666666666,0.6666666666666666
The Dø,4,6,0,0.6666666666666666,0.0
Maria Gadú,5,8,1,0.625,0.125
Beenie Man,8,13,0,0.6153846153846154,0.0
Brian Bromberg,3,5,1,0.6,0.2
Dominic Candela,3,5,2,0.6,0.4
Traveling Wilburys,3,5,1,0.6,0.2
Zekl,3,5,1,0.6,0.2
Michael Kraun,3,5,0,0.6,0.0
Common Vision,3,5,0,0.6,0.0
Kase.O,3,5,1,0.6,0.2
Player,3,5,2,0.6,0.4
Funi,3,5,0,0.6,0.0
Michael Woods,3,5,0,0.6,0.0
Plastilina Mosh,3,5,0,0.6,0.0
Judah Banke,3,5,0,0.6,0.0
FÄIS,6,10,2,0.6,0.2
Daffy Muffin,3,5,0,0.6,0.0
Gianluca Vacchi,3,5,0,0.6,0.0
Pixie Lott,3,5,1,0.6,0.2
B Mus,3,5,0,0.6,0.0
Code Orange,3,5,0,0.6,0.0
Skipp Whitman,3,5,0,0.6,0.0
Alma Madre,3,5,0,0.6,0.0
girl in red,3,5,4,0.6,0.8
Eylie,3,5,2,0.6,0.4
Itadi,3,5,1,0.6,0.2
Block B,3,5,3,0.6,0.6
convolk,3,5,1,0.6,0.2
Gear,3,5,4,0.6,0.8
Threshold,3,5,0,0.6,0.0
Lil Wyte,3,5,2,0.6,0.4
El-P,3,5,0,0.6,0.0
Jeeiph,3,5,1,0.6,0.2
Nekta,3,5,0,0.6,0.0
What So Not,3,5,3,0.6,0.6
Allegra,3,5,0,0.6,0.0
Miles Away,3,5,0,0.6,0.0
Miles Dominic,3,5,0,0.6,0.0
Kevitch,3,5,1,0.6,0.2
April,3,5,1,0.6,0.2
Lucas Muto,3,5,1,0.6,0.2
Ben Zaidi,3,5,0,0.6,0.0
Ixzo,3,5,1,0.6,0.2
Bertie Higgins,3,5,0,0.6,0.0
Theodis Ealey,3,5,3,0.6,0.6
Anna Clendening,3,5,1,0.6,0.2
Hurricane Chris,3,5,1,0.6,0.2
Audible Mainframe,3,5,1,0.6,0.2
N'Klabe,4,7,4,0.5714285714285714,0.5714285714285714
Moods,4,7,2,0.5714285714285714,0.2857142857142857
Jozzy,4,7,1,0.5714285714285714,0.14285714285714285
9 Gramm,4,7,3,0.5714285714285714,0.42857142857142855
BENNIK,4,7,1,0.5714285714285714,0.14285714285714285
Ale Aguirre,4,7,1,0.5714285714285714,0.14285714285714285
Poco,4,7,1,0.5714285714285714,0.14285714285714285
Antonio Cooke,4,7,0,0.5714285714285714,0.0
Nathan Britton,4,7,0,0.5714285714285714,0.0
Ben Henchman,4,7,0,0.5714285714285714,0.0
Anderson East,4,7,1,0.5714285714285714,0.14285714285714285
The Clash,8,14,3,0.5714285714285714,0.21428571428571427
Covenant,4,7,0,0.5714285714285714,0.0
Sick Jacken,4,7,1,0.5714285714285714,0.14285714285714285
Bun B,5,9,2,0.5555555555555556,0.2222222222222222
From Inside,5,9,4,0.5555555555555556,0.4444444444444444
Urban Rescue,6,11,3,0.5454545454545454,0.2727272727272727
Art Of Dying,6,11,3,0.5454545454545454,0.2727272727272727
Basic Black,8,15,3,0.5333333333333333,0.2
JoJo,2,4,0,0.5,0.0
The Wind and The Wave,1,2,2,0.5,1.0
Ofege,2,4,1,0.5,0.25
The Atomic Bitchwax,2,4,0,0.5,0.0
Stitched Up Heart,2,4,1,0.5,0.25
Mambo Brothers,2,4,1,0.5,0.25
Manel Navarro,1,2,0,0.5,0.0
ALAWIE,3,6,2,0.5,0.3333333333333333
Corina Smith,2,4,0,0.5,0.0
Cornelius Brothers & Sister Rose,2,4,0,0.5,0.0
(dc),3,6,0,0.5,0.0
Them Two,2,4,0,0.5,0.0
ÄTNA,2,4,0,0.5,0.0
E.U.,3,6,1,0.5,0.16666666666666666
Kranium,3,6,2,0.5,0.3333333333333333
Omar Montes,2,4,2,0.5,0.5
Baby Ranks,2,4,1,0.5,0.25
Alison Krauss,2,4,1,0.5,0.25
Kishi Bashi,3,6,1,0.5,0.16666666666666666
Ookay,4,8,2,0.5,0.25
EADWINE,2,4,0,0.5,0.0
Nexus Dj,2,4,0,0.5,0.0
Lil Mexico,2,4,1,0.5,0.25
Sandra Stephens,2,4,1,0.5,0.25
who.am.i,1,2,0,0.5,0.0
Jay Hill,3,6,0,0.5,0.0
Cultivo,2,4,0,0.5,0.0
Jay Fox,1,2,0,0.5,0.0
Young Eiby,2,4,0,0.5,0.0
Jeff Retro,2,4,1,0.5,0.25
Pure Pleasure,1,2,4,0.5,2.0
Jody Breeze,3,6,2,0.5,0.3333333333333333
Jigg,1,2,1,0.5,0.5
Lifehouse,2,4,2,0.5,0.5
Andrew Ripp,3,6,1,0.5,0.16666666666666666
Alice DJ,4,8,1,0.5,0.125
Ali Payami,1,2,2,0.5,1.0
Ali Bumaye,2,4,0,0.5,0.0
Nuttin' Nyce,1,2,1,0.5,0.5
Lil C,1,2,0,0.5,0.0
Jimmy Bad Boy,2,4,1,0.5,0.25
PrimaSol,2,4,0,0.5,0.0
LEVV,3,6,1,0.5,0.16666666666666666
Priya Ragu,2,4,0,0.5,0.0
Chris Jeday,3,6,1,0.5,0.16666666666666666
Papooz,4,8,2,0.5,0.25
Swagger Rite,3,6,2,0.5,0.3333333333333333
Donny Duardo,3,6,1,0.5,0.16666666666666666
SuperM,3,6,1,0.5,0.16666666666666666
No Spirit,3,6,0,0.5,0.0
Within Shadows,3,6,1,0.5,0.16666666666666666
Lee Brice,2,4,0,0.5,0.0
Peebs The Prophet,2,4,2,0.5,0.5
Jøase,2,4,1,0.5,0.25
Dance Yourself Clean,2,4,1,0.5,0.25
Audio Storm,2,4,2,0.5,0.5
TELYKast,2,4,1,0.5,0.25
Digital Chorus,2,4,2,0.5,0.5
Paul Kold,1,2,0,0.5,0.0
THRML,3,6,1,0.5,0.16666666666666666
AtellaGali,2,4,1,0.5,0.25
Patternist,1,2,0,0.5,0.0
Deee-Lite,2,4,2,0.5,0.5
Chymes,1,2,2,0.5,1.0
Marla Singer,2,4,1,0.5,0.25
Desaparecidos,1,2,0,0.5,0.0
Karen Harding,1,2,0,0.5,0.0
Damion,2,4,1,0.5,0.25
Damso,1,2,0,0.5,0.0
Planet Perfecto Knights,2,4,0,0.5,0.0
Thc,3,6,1,0.5,0.16666666666666666
Dallas,2,4,2,0.5,0.5
Meiji,2,4,1,0.5,0.25
Wilson Meadows,3,6,2,0.5,0.3333333333333333
Clutch,4,8,3,0.5,0.375
Cody Lovaas,2,4,0,0.5,0.0
Joseito Fernández,2,4,1,0.5,0.25
Papo La Chercha,3,6,2,0.5,0.3333333333333333
Men Without Hats,2,4,0,0.5,0.0
Martin Vide,1,2,0,0.5,0.0
Teena Marie,2,4,0,0.5,0.0
Joven BTZ,2,4,0,0.5,0.0
Az Yet,2,4,1,0.5,0.25
Xavier White,2,4,1,0.5,0.25
Pacific,3,6,1,0.5,0.16666666666666666
Pharoahe Monch,2,4,1,0.5,0.25
Kavabanga Depo Kolibri,3,6,0,0.5,0.0
Chriss Oz,2,4,3,0.5,0.75
Kayzo,2,4,0,0.5,0.0
Josefine,1,2,1,0.5,0.5
Gordon,2,4,0,0.5,0.0
Graham Bell,4,8,0,0.5,0.0
Boomo,2,4,1,0.5,0.25
"Grover Washington, Jr.",3,6,1,0.5,0.16666666666666666
Flamma,3,6,1,0.5,0.16666666666666666
COMPUTER DATA,2,4,0,0.5,0.0
CLAY,1,2,1,0.5,0.5
Florin Gindu,3,6,1,0.5,0.16666666666666666
MED,3,6,1,0.5,0.16666666666666666
MGM,1,2,1,0.5,0.5
MFakka,4,8,0,0.5,0.0
Flylitegemini,3,6,0,0.5,0.0
Sharam featuring Daniel Bedingfield,2,4,0,0.5,0.0
Sez on the Beat,2,4,1,0.5,0.25
Lü,2,4,0,0.5,0.0
Handsome Ghost,6,12,2,0.5,0.16666666666666666
Hard Rain London,2,4,0,0.5,0.0
VARGENTA,3,6,2,0.5,0.3333333333333333
SinceWhen,2,4,0,0.5,0.0
Simón Campusano,1,2,3,0.5,1.5
Federico Franchi,2,4,1,0.5,0.25
Able Faces,2,4,0,0.5,0.0
MNEK,3,6,1,0.5,0.16666666666666666
Simi,3,6,3,0.5,0.5
Tomsize,2,4,1,0.5,0.25
Tony C,2,4,1,0.5,0.25
Fiona Apple,1,2,0,0.5,0.0
Herb Barclay,3,6,0,0.5,0.0
Louis Futon,2,4,2,0.5,0.5
Gxx,1,2,0,0.5,0.0
The Cab,2,4,0,0.5,0.0
DJ Ehkir,2,4,1,0.5,0.25
Coro,3,6,1,0.5,0.16666666666666666
Day Felice,2,4,0,0.5,0.0
Mr Jukes,1,2,1,0.5,0.5
Matt Rysen,2,4,2,0.5,0.5
Clika 1,3,6,0,0.5,0.0
Deborah Cox,3,6,2,0.5,0.3333333333333333
Noise Cans,2,4,0,0.5,0.0
Noel Schajris,2,4,1,0.5,0.25
Noah Guthrie,3,6,4,0.5,0.6666666666666666
Kevin Ross,3,6,1,0.5,0.16666666666666666
P.R.O.,1,2,0,0.5,0.0
Aphex Twin,2,4,1,0.5,0.25
Glen Campbell,3,6,0,0.5,0.0
Da Tweekaz,1,2,2,0.5,1.0
Melodiesinfonie,2,4,0,0.5,0.0
600 Breezy,3,6,0,0.5,0.0
Mothica,2,4,2,0.5,0.5
Sami,1,2,0,0.5,0.0
Salty Dog,4,8,0,0.5,0.0
Burningfields,2,4,1,0.5,0.25
Sean&Bobo,3,6,1,0.5,0.16666666666666666
Fresku,2,4,0,0.5,0.0
MANI NBISH,1,2,1,0.5,0.5
Adam Marano,2,4,6,0.5,1.5
Buena Vista Social Club,2,4,2,0.5,0.5
Trellion,2,4,0,0.5,0.0
Sara Bareilles,2,4,1,0.5,0.25
Métricas Frías,3,6,1,0.5,0.16666666666666666
Oro Solido,2,4,1,0.5,0.25
Vinny Vibe,2,4,0,0.5,0.0
VillaBanks,2,4,0,0.5,0.0
Berhana,4,8,1,0.5,0.125
J. Roosevelt,1,2,1,0.5,0.5
Emassin,2,4,1,0.5,0.25
Magic City Hippies,3,6,0,0.5,0.0
Milwin,2,4,1,0.5,0.25
heartbreaker,2,4,1,0.5,0.25
Timmo Hendriks,1,2,3,0.5,1.5
Cassie,1,2,0,0.5,0.0
Sonia Stein,3,6,1,0.5,0.16666666666666666
Soapdish,2,4,1,0.5,0.25
Tobi,3,6,2,0.5,0.3333333333333333
Raphaël,3,6,1,0.5,0.16666666666666666
Hey Violet,2,4,1,0.5,0.25
Belinda Carlisle,4,8,0,0.5,0.0
Jacques Renault,1,2,2,0.5,1.0
VÂN SCOTT,2,4,1,0.5,0.25
Jakob Ogawa,2,4,1,0.5,0.25
REZarin,2,4,0,0.5,0.0
Jarod,2,4,1,0.5,0.25
Mike L,1,2,2,0.5,1.0
Edward Sizzerhand,3,6,1,0.5,0.16666666666666666
Steal The City,2,4,0,0.5,0.0
Eko Zu,1,2,2,0.5,1.0
El Simbolo,1,2,2,0.5,1.0
Tiacca,3,6,1,0.5,0.16666666666666666
Charlene Soraia,2,4,1,0.5,0.25
Neztor mvl,3,6,0,0.5,0.0
JIGGO,3,6,1,0.5,0.16666666666666666
Blanks,2,4,0,0.5,0.0
Vendredi,1,2,2,0.5,1.0
Black Pumas,2,4,0,0.5,0.0
Huez,1,2,0,0.5,0.0
HÆLOS,3,6,1,0.5,0.16666666666666666
Riff Kitten,2,4,2,0.5,0.5
Alan Zachary,1,2,0,0.5,0.0
Los Delinquentes,1,2,2,0.5,1.0
Vieja Trova Santiaguera,2,4,0,0.5,0.0
IOLITE,2,4,0,0.5,0.0
Idris Elba,4,8,1,0.5,0.125
Big Matt,2,4,0,0.5,0.0
Big Gigantic,2,4,1,0.5,0.25
Rence,1,2,0,0.5,0.0
Aldair Silva,3,6,1,0.5,0.16666666666666666
Tom Crusher,2,4,0,0.5,0.0
Molella,2,4,0,0.5,0.0
Cards,2,4,0,0.5,0.0
Captain Jack,1,2,2,0.5,1.0
Skogsrå,2,4,0,0.5,0.0
Camur,3,6,0,0.5,0.0
Big Dope P,3,6,0,0.5,0.0
Reggaeton Latino,2,4,2,0.5,0.5
Alejo Park,2,4,1,0.5,0.25
Natalia Lacunza,1,2,1,0.5,0.5
Naomi Scott,2,4,0,0.5,0.0
Real Life,2,4,1,0.5,0.25
Bex,2,4,0,0.5,0.0
Beteo,2,4,2,0.5,0.5
Neil Diamond,3,6,1,0.5,0.16666666666666666
Exile,1,2,1,0.5,0.5
Flipp Dinero,9,19,4,0.47368421052631576,0.21052631578947367
Zendaya,7,15,4,0.4666666666666667,0.26666666666666666
Redimi2,6,13,2,0.46153846153846156,0.15384615384615385
James Taylor,6,13,4,0.46153846153846156,0.3076923076923077
Chrisette Michele,5,11,0,0.45454545454545453,0.0
Linying,5,11,4,0.45454545454545453,0.36363636363636365
Sum Wave,5,11,3,0.45454545454545453,0.2727272727272727
Badpojken,5,11,2,0.45454545454545453,0.18181818181818182
Baltimora,5,11,0,0.45454545454545453,0.0
Darude,5,11,2,0.45454545454545453,0.18181818181818182
Cashmere Cat,5,11,1,0.45454545454545453,0.09090909090909091
Mokita,5,11,1,0.45454545454545453,0.09090909090909091
Manolito Simonet y su Trabuco,5,11,4,0.45454545454545453,0.36363636363636365
Aaryn Doyle,5,11,1,0.45454545454545453,0.09090909090909091
Hermitude,5,11,0,0.45454545454545453,0.0
Pelé MilFlows,5,11,3,0.45454545454545453,0.2727272727272727
Her,4,9,2,0.4444444444444444,0.2222222222222222
Kyzer,4,9,4,0.4444444444444444,0.4444444444444444
Mr Absolutt,4,9,0,0.4444444444444444,0.0
The FifthGuys,8,18,7,0.4444444444444444,0.3888888888888889
Tiwa Savage,4,9,0,0.4444444444444444,0.0
Norma Jean Martine,4,9,0,0.4444444444444444,0.0
Almighty,7,16,2,0.4375,0.125
Kensington,3,7,0,0.42857142857142855,0.0
Mibbs,3,7,0,0.42857142857142855,0.0
Saybia,3,7,1,0.42857142857142855,0.14285714285714285
Moonlight Social,3,7,1,0.42857142857142855,0.14285714285714285
IZ*ONE,3,7,1,0.42857142857142855,0.14285714285714285
Scriss,3,7,0,0.42857142857142855,0.0
Yogi,3,7,3,0.42857142857142855,0.42857142857142855
Kris Kross,3,7,0,0.42857142857142855,0.0
The Band Royale,3,7,2,0.42857142857142855,0.2857142857142857
Madam Misfit,3,7,1,0.42857142857142855,0.14285714285714285
Baani Sandhu,3,7,1,0.42857142857142855,0.14285714285714285
AWOLNATION,3,7,1,0.42857142857142855,0.14285714285714285
Keala Settle,3,7,2,0.42857142857142855,0.2857142857142857
RIKA,3,7,1,0.42857142857142855,0.14285714285714285
Simon Loof,3,7,1,0.42857142857142855,0.14285714285714285
Ivy Adara,3,7,2,0.42857142857142855,0.2857142857142857
Dinosaur Pile-Up,3,7,0,0.42857142857142855,0.0
Christopher,3,7,0,0.42857142857142855,0.0
FloFilz,3,7,0,0.42857142857142855,0.0
DLG.,3,7,0,0.42857142857142855,0.0
Angel Grant,3,7,0,0.42857142857142855,0.0
Cobi,3,7,1,0.42857142857142855,0.14285714285714285
O.V. Wright,3,7,1,0.42857142857142855,0.14285714285714285
Heads²,3,7,1,0.42857142857142855,0.14285714285714285
Kris Wu,3,7,0,0.42857142857142855,0.0
Danny Brasco,3,7,1,0.42857142857142855,0.14285714285714285
Lucian,3,7,0,0.42857142857142855,0.0
Righeira,3,7,1,0.42857142857142855,0.14285714285714285
Late Night Legacy,3,7,1,0.42857142857142855,0.14285714285714285
Japan,3,7,1,0.42857142857142855,0.14285714285714285
ROOKIES,3,7,0,0.42857142857142855,0.0
Calvin Richardson,3,7,2,0.42857142857142855,0.2857142857142857
Jahzel Dotel,3,7,1,0.42857142857142855,0.14285714285714285
Sleeping At Last,3,7,0,0.42857142857142855,0.0
Falco,6,14,3,0.42857142857142855,0.21428571428571427
Paula Cendejas,3,7,4,0.42857142857142855,0.5714285714285714
Joe Bataan,3,7,1,0.42857142857142855,0.14285714285714285
Esko,3,7,2,0.42857142857142855,0.2857142857142857
Portugal. The Man,9,21,4,0.42857142857142855,0.19047619047619047
KAMILLE,3,7,1,0.42857142857142855,0.14285714285714285
Captain Beefheart & His Magic Band,3,7,0,0.42857142857142855,0.0
Dzeko,3,7,1,0.42857142857142855,0.14285714285714285
Molotov,6,14,4,0.42857142857142855,0.2857142857142857
Thegiornalisti,3,7,2,0.42857142857142855,0.2857142857142857
Zanto,3,7,1,0.42857142857142855,0.14285714285714285
Magnum,3,7,2,0.42857142857142855,0.2857142857142857
Mathew,3,7,1,0.42857142857142855,0.14285714285714285
Thought Gang,3,7,1,0.42857142857142855,0.14285714285714285
Crudo Means Raw,3,7,1,0.42857142857142855,0.14285714285714285
18 Kilates,3,7,1,0.42857142857142855,0.14285714285714285
Cosmic Gate,3,7,1,0.42857142857142855,0.14285714285714285
toast,3,7,0,0.42857142857142855,0.0
Zacari,3,7,0,0.42857142857142855,0.0
BOBBY,3,7,0,0.42857142857142855,0.0
Willie Nelson,3,7,0,0.42857142857142855,0.0
Wilfrido Vargas,3,7,0,0.42857142857142855,0.0
Polyna,3,7,0,0.42857142857142855,0.0
Pandrezz,8,19,2,0.42105263157894735,0.10526315789473684
Lauren Sanderson,5,12,3,0.4166666666666667,0.25
Peter Frampton,5,12,3,0.4166666666666667,0.25
Long Hollow Wave,5,12,5,0.4166666666666667,0.4166666666666667
Rockell,5,12,1,0.4166666666666667,0.08333333333333333
Rakim,5,12,1,0.4166666666666667,0.08333333333333333
Twelve24,5,12,3,0.4166666666666667,0.25
Florence Black,5,12,4,0.4166666666666667,0.3333333333333333
Selena,7,17,2,0.4117647058823529,0.11764705882352941
Kon Kan,2,5,4,0.4,0.8
My Ugly Clementine,2,5,1,0.4,0.2
Gramm Thomas,2,5,0,0.4,0.0
Gnarls Barkley,2,5,0,0.4,0.0
Goapele,2,5,0,0.4,0.0
Tanya Montana Coe,2,5,1,0.4,0.2
Kretsen,2,5,0,0.4,0.0
Konshens,2,5,0,0.4,0.0
Kodigo,2,5,2,0.4,0.4
Taylor Gang,2,5,1,0.4,0.2
Sagan,2,5,0,0.4,0.0
Huncho Jack,4,10,3,0.4,0.3
Hugh Masekela,2,5,1,0.4,0.2
Luca Debonaire,2,5,1,0.4,0.2
Robert Glasper,2,5,1,0.4,0.2
Vanessa Williams,2,5,0,0.4,0.0
Akane Hatanaka,2,5,1,0.4,0.2
O.T. Genasis,8,20,3,0.4,0.15
Max Fail,4,10,0,0.4,0.0
911headcase,2,5,2,0.4,0.4
Memphis Bleek,2,5,1,0.4,0.2
Aimee Mann,2,5,1,0.4,0.2
Age of Consent,2,5,1,0.4,0.2
Lucio101,2,5,0,0.4,0.0
Mauricio Figueiral,2,5,1,0.4,0.2
Roy English,2,5,1,0.4,0.2
Mora,6,15,2,0.4,0.13333333333333333
Shellerini,2,5,0,0.4,0.0
Zomboy,4,10,2,0.4,0.2
OverLine,2,5,2,0.4,0.4
Digital Emotion,2,5,1,0.4,0.2
Sôra,2,5,2,0.4,0.4
Cirez D,2,5,0,0.4,0.0
TRVNSPORTER,2,5,3,0.4,0.6
Nego do Borel,2,5,3,0.4,0.6
Vilma Gil,2,5,2,0.4,0.4
Ace,2,5,1,0.4,0.2
Lisette Melendez,6,15,2,0.4,0.13333333333333333
Friz,2,5,1,0.4,0.2
Vinylshakerz,2,5,1,0.4,0.2
Izone,2,5,0,0.4,0.0
C-BooL,2,5,0,0.4,0.0
Didrik Thulin,2,5,0,0.4,0.0
Adam Lambert,2,5,0,0.4,0.0
Arbour,2,5,0,0.4,0.0
Apollo Brown,2,5,1,0.4,0.2
Mariah,4,10,1,0.4,0.1
Trouble,2,5,2,0.4,0.4
Mezza,2,5,1,0.4,0.2
A Perfect Circle,8,20,1,0.4,0.05
Galardo,6,15,2,0.4,0.13333333333333333
Delilah,2,5,1,0.4,0.2
Onur Atli,4,10,1,0.4,0.1
Gabin,2,5,1,0.4,0.2
Infinity Ink,2,5,1,0.4,0.2
Ale Mendoza,2,5,4,0.4,0.8
Fuff,2,5,2,0.4,0.4
More Ease,2,5,0,0.4,0.0
Dead Posey,2,5,1,0.4,0.2
Riggi & Piros,2,5,1,0.4,0.2
Salah,2,5,0,0.4,0.0
Brett,2,5,2,0.4,0.4
M.I.A.,2,5,0,0.4,0.0
Adriatique,2,5,1,0.4,0.2
Brendon Moeller,2,5,2,0.4,0.4
Rhys,2,5,0,0.4,0.0
Mr. Kavalicious,2,5,2,0.4,0.4
Sander Van Doorn & Firebeatz,4,10,2,0.4,0.2
Sangarang,2,5,0,0.4,0.0
Anomalie,2,5,2,0.4,0.4
Teitur,4,10,1,0.4,0.1
Herbie Hancock,2,5,0,0.4,0.0
Rufus & Chaka Khan,2,5,0,0.4,0.0
Bonde R300,6,15,1,0.4,0.06666666666666667
Grimes,6,15,3,0.4,0.2
Yose,2,5,1,0.4,0.2
Kumi Koda,2,5,1,0.4,0.2
Monifah,2,5,2,0.4,0.4
R3load,2,5,2,0.4,0.4
Jason Parris,2,5,0,0.4,0.0
Calippo,2,5,2,0.4,0.4
RUN THE FLOOR,2,5,0,0.4,0.0
Kempi,2,5,0,0.4,0.0
Latwer,2,5,0,0.4,0.0
Vivillain,2,5,0,0.4,0.0
Shocking Blue,2,5,1,0.4,0.2
Div Eadie,2,5,1,0.4,0.2
ABC,2,5,2,0.4,0.4
Syzz,2,5,1,0.4,0.2
Rafi Malice,2,5,0,0.4,0.0
Aaron Cartier,2,5,2,0.4,0.4
Mohombi,2,5,3,0.4,0.6
Maestro Harrell,6,15,3,0.4,0.2
Made famous by Tito el Bambino,2,5,1,0.4,0.2
Kaivon,2,5,0,0.4,0.0
Drevm,2,5,3,0.4,0.6
Bad Dreams,2,5,2,0.4,0.4
Quadd21,2,5,1,0.4,0.2
Stream,2,5,0,0.4,0.0
Bancali,2,5,1,0.4,0.2
Skee-Lo,2,5,4,0.4,0.8
Wave Chapelle,2,5,1,0.4,0.2
Skinny D RDT,2,5,1,0.4,0.2
Queensrÿche,4,10,3,0.4,0.3
Skylike,2,5,1,0.4,0.2
FWHO,2,5,1,0.4,0.2
Sunny Day Real Estate,2,5,0,0.4,0.0
Lil Loski,2,5,1,0.4,0.2
WATEVA,2,5,0,0.4,0.0
Field Mob,2,5,2,0.4,0.4
CRUCIFIX,2,5,2,0.4,0.4
Cabas,2,5,0,0.4,0.0
The Wallflowers,2,5,1,0.4,0.2
Bass Modulators,2,5,0,0.4,0.0
The Sunnefield,2,5,1,0.4,0.2
Sy Ari Da Kid,2,5,0,0.4,0.0
ML 21,2,5,2,0.4,0.4
MS MR,2,5,2,0.4,0.4
Monica Lopez,2,5,1,0.4,0.2
Polito Ibañez,2,5,0,0.4,0.0
Zerotonine,2,5,1,0.4,0.2
Ali Gatie,2,5,1,0.4,0.2
Leroy Styles,2,5,2,0.4,0.4
Nick Martin,2,5,1,0.4,0.2
Eartha Kitt,2,5,1,0.4,0.2
EREN CAN,2,5,1,0.4,0.2
Juventa,2,5,1,0.4,0.2
itssvd,2,5,0,0.4,0.0
Pools,2,5,1,0.4,0.2
Prince Paris,4,10,1,0.4,0.1
Zeus the Elevated,2,5,0,0.4,0.0
Likybo,2,5,0,0.4,0.0
AINT,2,5,0,0.4,0.0
X-RX,4,10,1,0.4,0.1
Wolfside,2,5,0,0.4,0.0
FINNEAS,2,5,2,0.4,0.4
Ez Quew,2,5,1,0.4,0.2
Maleekisking,2,5,2,0.4,0.4
Alvaro,4,10,1,0.4,0.1
Ayo Jay,2,5,0,0.4,0.0
Playa Limbo,2,5,1,0.4,0.2
Catnip Cloud,2,5,0,0.4,0.0
Jon Pardi,2,5,2,0.4,0.4
Jonathan Moly,2,5,1,0.4,0.2
Cat Power,2,5,0,0.4,0.0
Sophie Gray,2,5,0,0.4,0.0
The Groove Project,2,5,0,0.4,0.0
Awnix & Toobaï,2,5,2,0.4,0.4
Elvin Bishop,2,5,1,0.4,0.2
TiMT,2,5,2,0.4,0.4
All Harlem Music,2,5,1,0.4,0.2
DJ Eddie F,2,5,0,0.4,0.0
The Devil Wears Prada,2,5,1,0.4,0.2
Andrew Applepie,2,5,0,0.4,0.0
Ivan Gough & Feenixpawl feat. Georgi Kay,5,13,1,0.38461538461538464,0.07692307692307693
Logan Romero,5,13,0,0.38461538461538464,0.0
Kelvyn Colt,5,13,4,0.38461538461538464,0.3076923076923077
Laura Pausini,5,13,5,0.38461538461538464,0.38461538461538464
Jay Wheeler,5,13,3,0.38461538461538464,0.23076923076923078
Chucho Rivas,8,21,4,0.38095238095238093,0.19047619047619047
LIUFO,3,8,1,0.375,0.125
Boris Way,3,8,0,0.375,0.0
Mesita,3,8,0,0.375,0.0
Lucy Hale,3,8,5,0.375,0.625
Houston Kendrick,3,8,0,0.375,0.0
Lolita,3,8,0,0.375,0.0
Hale,3,8,3,0.375,0.375
Uncle Sam,3,8,0,0.375,0.0
Andrea Bocelli,3,8,1,0.375,0.125
Victorious Cast,3,8,1,0.375,0.125
Los Tetas,3,8,3,0.375,0.375
Brooke Alexx,3,8,0,0.375,0.0
Adriana Evans,3,8,2,0.375,0.25
IZECOLD,3,8,0,0.375,0.0
Aya Nakamura,6,16,4,0.375,0.25
Ta-ku,3,8,2,0.375,0.25
Kindred The Family Soul,3,8,1,0.375,0.125
Adeena,3,8,1,0.375,0.125
Joshua Perez,3,8,1,0.375,0.125
Oscar D'León,3,8,0,0.375,0.0
Naipia,3,8,3,0.375,0.375
Freak Nasty,3,8,1,0.375,0.125
Telehope,3,8,0,0.375,0.0
Chain Reaction,3,8,0,0.375,0.0
Electrohol,3,8,0,0.375,0.0
Natiruts,3,8,1,0.375,0.125
Naïa Valdez,3,8,0,0.375,0.0
Alex Ferreira,3,8,1,0.375,0.125
Aristic,3,8,0,0.375,0.0
SpinRox,3,8,1,0.375,0.125
RY X,3,8,2,0.375,0.25
CVBZ,3,8,1,0.375,0.125
Cade Thompson,3,8,1,0.375,0.125
The Treatment,3,8,0,0.375,0.0
Faya,3,8,2,0.375,0.25
Alvvays,3,8,0,0.375,0.0
AmaLee,3,8,0,0.375,0.0
Alfa Mist,3,8,1,0.375,0.125
Jayh,3,8,0,0.375,0.0
Family Force 5,3,8,0,0.375,0.0
Steve Perry,3,8,4,0.375,0.5
Pulp,3,8,1,0.375,0.125
Tobtok,3,8,3,0.375,0.375
Job González,3,8,0,0.375,0.0
Positive K,3,8,2,0.375,0.25
LeToya,3,8,1,0.375,0.125
Joseph El De La Urba,3,8,1,0.375,0.125
Sondr,3,8,0,0.375,0.0
Malian Musicians,3,8,1,0.375,0.125
Hechmann,3,8,4,0.375,0.5
2xxx!,3,8,0,0.375,0.0
Maxwell Luke,3,8,1,0.375,0.125
Cracker,3,8,1,0.375,0.125
The Electric Sons,3,8,1,0.375,0.125
Curved Air,3,8,1,0.375,0.125
Meelah,3,8,0,0.375,0.0
L'Atelier,3,8,0,0.375,0.0
Valeria,7,19,2,0.3684210526315789,0.10526315789473684
Sly & The Family Stone,7,19,1,0.3684210526315789,0.05263157894736842
Lavie,4,11,1,0.36363636363636365,0.09090909090909091
Rob & Jack,4,11,1,0.36363636363636365,0.09090909090909091
Blue Swede,4,11,0,0.36363636363636365,0.0
Margot White,4,11,0,0.36363636363636365,0.0
Madcon,4,11,0,0.36363636363636365,0.0
Neelix,4,11,2,0.36363636363636365,0.18181818181818182
Miscris,4,11,5,0.36363636363636365,0.45454545454545453
Like,4,11,6,0.36363636363636365,0.5454545454545454
Eric Bellinger,4,11,3,0.36363636363636365,0.2727272727272727
Parade of Lights,4,11,1,0.36363636363636365,0.09090909090909091
BURNS,4,11,3,0.36363636363636365,0.2727272727272727
Hollyn,8,22,4,0.36363636363636365,0.18181818181818182
Almanij,4,11,2,0.36363636363636365,0.18181818181818182
Crossnaders,4,11,0,0.36363636363636365,0.0
Manuel Costa,4,11,1,0.36363636363636365,0.09090909090909091
Austin & Lindsey Adamec,4,11,1,0.36363636363636365,0.09090909090909091
Do Or Die,4,11,1,0.36363636363636365,0.09090909090909091
Casa De Leones,4,11,2,0.36363636363636365,0.18181818181818182
The Bolshoi,8,22,3,0.36363636363636365,0.13636363636363635
Silk,5,14,3,0.35714285714285715,0.21428571428571427
Elderbrook,10,28,7,0.35714285714285715,0.25
Baauer,5,14,1,0.35714285714285715,0.07142857142857142
Chase Atlantic,5,14,3,0.35714285714285715,0.21428571428571427
New Politics,5,14,1,0.35714285714285715,0.07142857142857142
'Til Tuesday,5,14,2,0.35714285714285715,0.14285714285714285
Avenged Sevenfold,5,14,3,0.35714285714285715,0.21428571428571427
GAMPER & DADONI,11,31,4,0.3548387096774194,0.12903225806451613
Veysel,7,20,6,0.35,0.3
Cap Kendricks,7,20,3,0.35,0.15
Jane's Addiction,7,20,2,0.35,0.1
24hrs,3,9,1,0.3333333333333333,0.1111111111111111
Mr. Capone-E,1,3,1,0.3333333333333333,0.3333333333333333
Axwell,9,27,3,0.3333333333333333,0.1111111111111111
Matthew Parker,2,6,1,0.3333333333333333,0.16666666666666666
Phil Collins,3,9,2,0.3333333333333333,0.2222222222222222
ItaloBrothers,3,9,1,0.3333333333333333,0.1111111111111111
Lola Club,2,6,0,0.3333333333333333,0.0
GATTÜSO,1,3,1,0.3333333333333333,0.3333333333333333
BONES UK,2,6,1,0.3333333333333333,0.16666666666666666
Starbuck,2,6,0,0.3333333333333333,0.0
Bigenesis,2,6,0,0.3333333333333333,0.0
NIN9,1,3,1,0.3333333333333333,0.3333333333333333
Los Hermanos Rosario,1,3,1,0.3333333333333333,0.3333333333333333
Loosid,1,3,1,0.3333333333333333,0.3333333333333333
Lord Huron,2,6,0,0.3333333333333333,0.0
True Damage,2,6,1,0.3333333333333333,0.16666666666666666
BrokenRail,2,6,4,0.3333333333333333,0.6666666666666666
India Martinez,1,3,1,0.3333333333333333,0.3333333333333333
Imagination,2,6,1,0.3333333333333333,0.16666666666666666
Reva DeVito,2,6,2,0.3333333333333333,0.3333333333333333
Talla 2XLC,1,3,1,0.3333333333333333,0.3333333333333333
Clawfinger,2,6,1,0.3333333333333333,0.16666666666666666
Jost Esser,3,9,1,0.3333333333333333,0.1111111111111111
Said P.,1,3,0,0.3333333333333333,0.0
Brauner Bär,3,9,1,0.3333333333333333,0.1111111111111111
Rebecca & Fiona,2,6,1,0.3333333333333333,0.16666666666666666
Nahaze,2,6,1,0.3333333333333333,0.16666666666666666
Rex Smith,2,6,3,0.3333333333333333,0.5
"Big Yamo, Vato 18K Feat. Bigal L Jake",2,6,0,0.3333333333333333,0.0
Tae-EM,2,6,1,0.3333333333333333,0.16666666666666666
Mark B.,1,3,2,0.3333333333333333,0.6666666666666666
Mark Cast,1,3,1,0.3333333333333333,0.3333333333333333
Only1Tipy,1,3,2,0.3333333333333333,0.6666666666666666
Killing Joke,1,3,1,0.3333333333333333,0.3333333333333333
Kilo Ali,2,6,0,0.3333333333333333,0.0
Michael Gray,2,6,1,0.3333333333333333,0.16666666666666666
Sage The Gemini,1,3,2,0.3333333333333333,0.6666666666666666
Sean Bradford,1,3,1,0.3333333333333333,0.3333333333333333
Adil C,1,3,0,0.3333333333333333,0.0
Frida Sundemo,2,6,1,0.3333333333333333,0.16666666666666666
Friends In Paris,2,6,3,0.3333333333333333,0.5
Travis Porter,2,6,1,0.3333333333333333,0.16666666666666666
Freakangel,1,3,1,0.3333333333333333,0.3333333333333333
JONES,1,3,2,0.3333333333333333,0.6666666666666666
Randy Crawford,2,6,0,0.3333333333333333,0.0
Randy Leroy ft. Bollebof,2,6,1,0.3333333333333333,0.16666666666666666
Trevor Daniel,3,9,0,0.3333333333333333,0.0
Richie Benson,3,9,0,0.3333333333333333,0.0
Destroyer,2,6,1,0.3333333333333333,0.16666666666666666
Detonautas Roque Clube,3,9,1,0.3333333333333333,0.1111111111111111
Cimorelli,2,6,1,0.3333333333333333,0.16666666666666666
Apache 207,4,12,2,0.3333333333333333,0.16666666666666666
Visage Music,3,9,1,0.3333333333333333,0.1111111111111111
Viva La Panda,2,6,1,0.3333333333333333,0.16666666666666666
CHRYS THOMPSON,4,12,2,0.3333333333333333,0.16666666666666666
Christian Rich,2,6,1,0.3333333333333333,0.16666666666666666
The Shirelles,1,3,0,0.3333333333333333,0.0
PAX,3,9,0,0.3333333333333333,0.0
Keni,2,6,1,0.3333333333333333,0.16666666666666666
Chyno Miranda,5,15,0,0.3333333333333333,0.0
Josue Del Cid,2,6,0,0.3333333333333333,0.0
Josue Diaz,2,6,1,0.3333333333333333,0.16666666666666666
Jova'e Nicole,2,6,1,0.3333333333333333,0.16666666666666666
Leo Reyes,3,9,0,0.3333333333333333,0.0
All Fires,1,3,0,0.3333333333333333,0.0
Zayvin Lakin,2,6,0,0.3333333333333333,0.0
Elle & The Pocket Belles,2,6,1,0.3333333333333333,0.16666666666666666
Irv Gotti,2,6,1,0.3333333333333333,0.16666666666666666
Khrebto,1,3,2,0.3333333333333333,0.6666666666666666
Kiaz,2,6,1,0.3333333333333333,0.16666666666666666
Scroodgee,3,9,4,0.3333333333333333,0.4444444444444444
Circa Waves,2,6,2,0.3333333333333333,0.3333333333333333
Adelitas Way,4,12,2,0.3333333333333333,0.16666666666666666
Lizzy McAlpine,2,6,0,0.3333333333333333,0.0
Lo Lo,1,3,0,0.3333333333333333,0.0
Rei Yasuda,2,6,1,0.3333333333333333,0.16666666666666666
Reignwolf,2,6,0,0.3333333333333333,0.0
Big Boy,1,3,1,0.3333333333333333,0.3333333333333333
Future Trance United,2,6,0,0.3333333333333333,0.0
Futurist,1,3,0,0.3333333333333333,0.0
Futuristic Polar Bears,3,9,3,0.3333333333333333,0.3333333333333333
Furia,1,3,0,0.3333333333333333,0.0
Kid Gallo,2,6,0,0.3333333333333333,0.0
L. Starz,2,6,2,0.3333333333333333,0.3333333333333333
Maximum Love,1,3,1,0.3333333333333333,0.3333333333333333
twlv,1,3,0,0.3333333333333333,0.0
Harrison,2,6,0,0.3333333333333333,0.0
Round Table Knights,3,9,1,0.3333333333333333,0.1111111111111111
Un Corazón,2,6,1,0.3333333333333333,0.16666666666666666
Grant Terry,2,6,3,0.3333333333333333,0.5
Gorilla Pulp,1,3,1,0.3333333333333333,0.3333333333333333
Boro Boro,2,6,0,0.3333333333333333,0.0
SQWAD,2,6,0,0.3333333333333333,0.0
Hydrogenii,2,6,1,0.3333333333333333,0.16666666666666666
Airbourne,4,12,3,0.3333333333333333,0.25
Akapellah,1,3,1,0.3333333333333333,0.3333333333333333
Luis Felipe Gonzalez,1,3,2,0.3333333333333333,0.6666666666666666
Lowkey,3,9,2,0.3333333333333333,0.2222222222222222
blanchehor,2,6,1,0.3333333333333333,0.16666666666666666
Afu-Ra,2,6,2,0.3333333333333333,0.3333333333333333
Agat,2,6,1,0.3333333333333333,0.16666666666666666
Agus Padilla,2,6,0,0.3333333333333333,0.0
Hollis Brown,2,6,0,0.3333333333333333,0.0
Olivver the Kid,1,3,2,0.3333333333333333,0.6666666666666666
SXTEEN,3,9,0,0.3333333333333333,0.0
Blanche J,3,9,0,0.3333333333333333,0.0
Uche,1,3,1,0.3333333333333333,0.3333333333333333
-M-,1,3,1,0.3333333333333333,0.3333333333333333
OPA Gang,2,6,1,0.3333333333333333,0.16666666666666666
Electrick Village,2,6,1,0.3333333333333333,0.16666666666666666
Perotá Chingó,1,3,1,0.3333333333333333,0.3333333333333333
Julia Zenko,3,9,3,0.3333333333333333,0.3333333333333333
Julian Daniel,2,6,1,0.3333333333333333,0.16666666666666666
Juan Ingaramo,2,6,0,0.3333333333333333,0.0
Axero,1,3,1,0.3333333333333333,0.3333333333333333
N O M I N A L,2,6,1,0.3333333333333333,0.16666666666666666
Elben,2,6,0,0.3333333333333333,0.0
Elder Island,3,9,3,0.3333333333333333,0.3333333333333333
Culture Kultur,2,6,1,0.3333333333333333,0.16666666666666666
Masta Ace,1,3,2,0.3333333333333333,0.6666666666666666
The Drums,3,9,0,0.3333333333333333,0.0
Harry Romero,3,9,0,0.3333333333333333,0.0
Hasse de Moor,2,6,2,0.3333333333333333,0.3333333333333333
Haujobb,2,6,0,0.3333333333333333,0.0
Cuba Trinidad,1,3,1,0.3333333333333333,0.3333333333333333
HIRIE,1,3,0,0.3333333333333333,0.0
HOLYCHILD,2,6,1,0.3333333333333333,0.16666666666666666
El Kuelgue,2,6,2,0.3333333333333333,0.3333333333333333
David Lei Brandt,2,6,3,0.3333333333333333,0.5
The Libertines,1,3,1,0.3333333333333333,0.3333333333333333
CoEd,3,9,0,0.3333333333333333,0.0
Dave Matthews Band,2,6,2,0.3333333333333333,0.3333333333333333
Animotion,2,6,1,0.3333333333333333,0.16666666666666666
Anirudh Ravichander,1,3,1,0.3333333333333333,0.3333333333333333
Gil Glaze,2,6,0,0.3333333333333333,0.0
Saint Mars,1,3,2,0.3333333333333333,0.6666666666666666
Ricky Skaggs,2,6,0,0.3333333333333333,0.0
Kenn Colt,2,6,0,0.3333333333333333,0.0
Rob Thomas,3,9,2,0.3333333333333333,0.2222222222222222
Vick Allen,2,6,1,0.3333333333333333,0.16666666666666666
Billy Preston,2,6,0,0.3333333333333333,0.0
Ghetto Kids,1,3,0,0.3333333333333333,0.0
Brett Young,2,6,1,0.3333333333333333,0.16666666666666666
Gerald Levert & Eddie Levert,2,6,0,0.3333333333333333,0.0
RileyXcouz,2,6,0,0.3333333333333333,0.0
Hr. Troels,2,6,1,0.3333333333333333,0.16666666666666666
Taichi Mukai,1,3,1,0.3333333333333333,0.3333333333333333
The Ones,3,9,0,0.3333333333333333,0.0
Clap Cotton,2,6,0,0.3333333333333333,0.0
Clara Lima,2,6,1,0.3333333333333333,0.16666666666666666
HyunA,5,15,5,0.3333333333333333,0.3333333333333333
Mt. Joy,1,3,2,0.3333333333333333,0.6666666666666666
Mylo,2,6,1,0.3333333333333333,0.16666666666666666
Mynox,2,6,0,0.3333333333333333,0.0
Vgm,2,6,2,0.3333333333333333,0.3333333333333333
Vhsceral,3,9,1,0.3333333333333333,0.1111111111111111
Dasco,2,6,0,0.3333333333333333,0.0
OdjBox,1,3,0,0.3333333333333333,0.0
Krunk!,1,3,1,0.3333333333333333,0.3333333333333333
Kukon,1,3,2,0.3333333333333333,0.6666666666666666
SANTI,3,9,1,0.3333333333333333,0.1111111111111111
David Brinston,2,6,3,0.3333333333333333,0.5
URUS Squad,1,3,0,0.3333333333333333,0.0
Bonnaz,2,6,0,0.3333333333333333,0.0
Take The Day,2,6,1,0.3333333333333333,0.16666666666666666
Taking Back Sunday,4,12,2,0.3333333333333333,0.16666666666666666
DeVante,1,3,0,0.3333333333333333,0.0
Taliwhoah,1,3,2,0.3333333333333333,0.6666666666666666
Kool G Rap & DJ Polo,1,3,0,0.3333333333333333,0.0
Notalike,1,3,0,0.3333333333333333,0.0
La Lá,2,6,1,0.3333333333333333,0.16666666666666666
Anddy Caicedo,1,3,2,0.3333333333333333,0.6666666666666666
Hooligan Hefs,8,24,2,0.3333333333333333,0.08333333333333333
U.S.D.A.,2,6,0,0.3333333333333333,0.0
Fedde Le Grand feat. Mitch Crown,3,9,0,0.3333333333333333,0.0
Bacanos,1,3,1,0.3333333333333333,0.3333333333333333
Backstreet Boys,5,15,3,0.3333333333333333,0.2
Jermaine Hardsoul,2,6,0,0.3333333333333333,0.0
Jerry Rivera,2,6,0,0.3333333333333333,0.0
Model Man,3,9,1,0.3333333333333333,0.1111111111111111
Jimi Charles Moody,1,3,2,0.3333333333333333,0.6666666666666666
Like A Storm,3,9,2,0.3333333333333333,0.2222222222222222
Liddy Clark,2,6,2,0.3333333333333333,0.3333333333333333
Lidia Buble,3,9,0,0.3333333333333333,0.0
Shanghai Treason,1,3,2,0.3333333333333333,0.6666666666666666
Falling North,1,3,0,0.3333333333333333,0.0
Fabio Rovazzi,1,3,0,0.3333333333333333,0.0
John Morley,1,3,0,0.3333333333333333,0.0
E-Rotic,2,6,0,0.3333333333333333,0.0
Dutch Revz,4,12,1,0.3333333333333333,0.08333333333333333
Mick Harvey,2,6,1,0.3333333333333333,0.16666666666666666
Patti Smith,10,30,4,0.3333333333333333,0.13333333333333333
Manafest,2,6,0,0.3333333333333333,0.0
Carla Tous,1,3,0,0.3333333333333333,0.0
FABV,1,3,0,0.3333333333333333,0.0
Steve Pais,1,3,1,0.3333333333333333,0.3333333333333333
Balduin,6,18,3,0.3333333333333333,0.16666666666666666
Webbie,2,6,0,0.3333333333333333,0.0
Walden Ash,1,3,1,0.3333333333333333,0.3333333333333333
Wantigga,2,6,1,0.3333333333333333,0.16666666666666666
RBYN,1,3,1,0.3333333333333333,0.3333333333333333
Japanese Breakfast,1,3,2,0.3333333333333333,0.6666666666666666
Dove Cameron,6,18,6,0.3333333333333333,0.3333333333333333
Papa Ya,2,6,0,0.3333333333333333,0.0
Mandolin Orange,2,6,0,0.3333333333333333,0.0
Dusky Grey,2,6,0,0.3333333333333333,0.0
Jarryd James,1,3,1,0.3333333333333333,0.3333333333333333
Stonefree,2,6,1,0.3333333333333333,0.16666666666666666
Dropkick Murphys,2,6,1,0.3333333333333333,0.16666666666666666
Parson James,2,6,2,0.3333333333333333,0.3333333333333333
Kalom,2,6,1,0.3333333333333333,0.16666666666666666
Kaiser Chiefs,6,18,5,0.3333333333333333,0.2777777777777778
Kafka Tamura,1,3,1,0.3333333333333333,0.3333333333333333
Sundell,1,3,0,0.3333333333333333,0.0
Sunni Colon,2,6,1,0.3333333333333333,0.16666666666666666
Captain Hollywood Project,2,6,1,0.3333333333333333,0.16666666666666666
The Tubes,4,12,2,0.3333333333333333,0.16666666666666666
The Veils,2,6,0,0.3333333333333333,0.0
The Witches,2,6,0,0.3333333333333333,0.0
Eddie Vedder,2,6,2,0.3333333333333333,0.3333333333333333
Charlotte Gainsbourg,4,12,3,0.3333333333333333,0.25
Snake City,2,6,1,0.3333333333333333,0.16666666666666666
Estrella Morente,1,3,2,0.3333333333333333,0.6666666666666666
Ryan Stapleton,1,3,0,0.3333333333333333,0.0
Río Roma,8,24,5,0.3333333333333333,0.20833333333333334
Grossstadtgeflüster,2,6,0,0.3333333333333333,0.0
The Head and the Heart,2,6,1,0.3333333333333333,0.16666666666666666
Damien Jurado,2,6,2,0.3333333333333333,0.3333333333333333
Mello Music Group,2,6,2,0.3333333333333333,0.3333333333333333
Everything Is Recorded,2,6,0,0.3333333333333333,0.0
The Books,2,6,0,0.3333333333333333,0.0
Andwell,1,3,0,0.3333333333333333,0.0
Andra,1,3,3,0.3333333333333333,1.0
Andrelli,1,3,0,0.3333333333333333,0.0
Urbano,1,3,3,0.3333333333333333,1.0
Haji Springer,2,6,2,0.3333333333333333,0.3333333333333333
The Cowsills,3,9,0,0.3333333333333333,0.0
Cynthia Luz,2,6,0,0.3333333333333333,0.0
Stanaj,2,6,0,0.3333333333333333,0.0
Rockie Brown,2,6,1,0.3333333333333333,0.16666666666666666
Van Hunt,2,6,0,0.3333333333333333,0.0
Da A Clan,2,6,0,0.3333333333333333,0.0
ALMA,1,3,3,0.3333333333333333,1.0
Jigzaw,1,3,0,0.3333333333333333,0.0
Sohail Sen,2,6,2,0.3333333333333333,0.3333333333333333
Josh Rouse,2,6,1,0.3333333333333333,0.16666666666666666
Leontine,2,6,1,0.3333333333333333,0.16666666666666666
Epidemic,2,6,0,0.3333333333333333,0.0
Erd1,2,6,0,0.3333333333333333,0.0
El Chaval de la Bachata,1,3,2,0.3333333333333333,0.6666666666666666
Charles William,1,3,2,0.3333333333333333,0.6666666666666666
Thom Yorke,2,6,0,0.3333333333333333,0.0
Einstürzende Neubauten,1,3,2,0.3333333333333333,0.6666666666666666
Nilüfer Yanya,1,3,1,0.3333333333333333,0.3333333333333333
Ninja,1,3,0,0.3333333333333333,0.0
Malgioglio,1,3,0,0.3333333333333333,0.0
Sol Calor,1,3,0,0.3333333333333333,0.0
Henry Green,1,3,1,0.3333333333333333,0.3333333333333333
Blvckross,9,27,2,0.3333333333333333,0.07407407407407407
Mike Mago,2,6,0,0.3333333333333333,0.0
AMAZING MAZE,2,6,2,0.3333333333333333,0.3333333333333333
K Koke,1,3,1,0.3333333333333333,0.3333333333333333
Juze,2,6,2,0.3333333333333333,0.3333333333333333
Junge Junge,1,3,2,0.3333333333333333,0.6666666666666666
Junior M.A.F.I.A.,2,6,0,0.3333333333333333,0.0
JD McPherson,2,6,0,0.3333333333333333,0.0
Electric Shore,2,6,0,0.3333333333333333,0.0
End of the World,2,6,0,0.3333333333333333,0.0
Enrico Nigiotti,2,6,0,0.3333333333333333,0.0
Cassidy,2,6,0,0.3333333333333333,0.0
Emilio,2,6,1,0.3333333333333333,0.16666666666666666
Timex Social Club,2,6,0,0.3333333333333333,0.0
BCX,2,6,3,0.3333333333333333,0.5
Pig&Dan,2,6,0,0.3333333333333333,0.0
Jonah Baker,2,6,2,0.3333333333333333,0.3333333333333333
Bailo,1,3,1,0.3333333333333333,0.3333333333333333
Cecy Leos,2,6,0,0.3333333333333333,0.0
SoulChef,2,6,0,0.3333333333333333,0.0
Mike Traxx,1,3,0,0.3333333333333333,0.0
Mikey Polo,2,6,0,0.3333333333333333,0.0
Caballo Dorado,2,6,1,0.3333333333333333,0.16666666666666666
Shafiq Husayn,2,6,2,0.3333333333333333,0.3333333333333333
Simian Mobile Disco,3,9,2,0.3333333333333333,0.2222222222222222
Supersuckers,1,3,2,0.3333333333333333,0.6666666666666666
Ragunde,1,3,0,0.3333333333333333,0.0
Disco Fries,9,27,2,0.3333333333333333,0.07407407407407407
Michael Johnson,2,6,1,0.3333333333333333,0.16666666666666666
Plastician,2,6,2,0.3333333333333333,0.3333333333333333
PURARI,2,6,0,0.3333333333333333,0.0
Dillon Reed,2,6,3,0.3333333333333333,0.5
Diana Fuentes,1,3,1,0.3333333333333333,0.3333333333333333
CA7RIEL,1,3,1,0.3333333333333333,0.3333333333333333
Seyon,1,3,1,0.3333333333333333,0.3333333333333333
Fragma,2,6,1,0.3333333333333333,0.16666666666666666
J Bas Y Santy,2,6,0,0.3333333333333333,0.0
Berner,2,6,0,0.3333333333333333,0.0
Shakra,2,6,2,0.3333333333333333,0.3333333333333333
Fountains Of Wayne,2,6,2,0.3333333333333333,0.3333333333333333
RageMD,1,3,0,0.3333333333333333,0.0
Linearwave,1,3,0,0.3333333333333333,0.0
Nelly Furtado,1,3,1,0.3333333333333333,0.3333333333333333
Lila Downs,1,3,0,0.3333333333333333,0.0
Lilly Wood and The Prick,2,6,0,0.3333333333333333,0.0
Liltrxptendo,1,3,1,0.3333333333333333,0.3333333333333333
CHINAH,2,6,0,0.3333333333333333,0.0
digitalluc,2,6,3,0.3333333333333333,0.5
eSQUIRE,3,9,0,0.3333333333333333,0.0
evän,2,6,2,0.3333333333333333,0.3333333333333333
Shiba San,3,9,0,0.3333333333333333,0.0
Shirley Murdock,1,3,1,0.3333333333333333,0.3333333333333333
The Deep Dixie Boys,1,3,0,0.3333333333333333,0.0
Nite Jewel,2,6,2,0.3333333333333333,0.3333333333333333
Laura Thompson,1,3,1,0.3333333333333333,0.3333333333333333
Lauren Presley,1,3,0,0.3333333333333333,0.0
Yves Larock,2,6,0,0.3333333333333333,0.0
Amber Run,1,3,1,0.3333333333333333,0.3333333333333333
Surface,1,3,2,0.3333333333333333,0.6666666666666666
Donovan,1,3,2,0.3333333333333333,0.6666666666666666
Dom Dolla,1,3,0,0.3333333333333333,0.0
The Summer Set,2,6,1,0.3333333333333333,0.16666666666666666
Xfruge,1,3,0,0.3333333333333333,0.0
Marcos Menchaca,2,6,1,0.3333333333333333,0.16666666666666666
Kate Bush,2,6,0,0.3333333333333333,0.0
As Tequileiras do Funk,2,6,0,0.3333333333333333,0.0
The Surfaris,1,3,1,0.3333333333333333,0.3333333333333333
Chris Antonio,1,3,0,0.3333333333333333,0.0
Dj Dasten,2,6,0,0.3333333333333333,0.0
Singuila,1,3,0,0.3333333333333333,0.0
Fatlip,2,6,2,0.3333333333333333,0.3333333333333333
Tommy James,1,3,1,0.3333333333333333,0.3333333333333333
Skeewiff,3,9,1,0.3333333333333333,0.1111111111111111
New Spell,2,6,1,0.3333333333333333,0.16666666666666666
Ziggy,2,6,2,0.3333333333333333,0.3333333333333333
PackFM,2,6,0,0.3333333333333333,0.0
machineheart,2,6,1,0.3333333333333333,0.16666666666666666
A.M.T,2,6,1,0.3333333333333333,0.16666666666666666
Marc Oso,4,12,1,0.3333333333333333,0.08333333333333333
Lambo Anlo,1,3,0,0.3333333333333333,0.0
Landon Cube,2,6,0,0.3333333333333333,0.0
Fish Go Deep,1,3,1,0.3333333333333333,0.3333333333333333
Siakol,2,6,0,0.3333333333333333,0.0
Sports,1,3,0,0.3333333333333333,0.0
Fe Ribeiro,1,3,4,0.3333333333333333,1.3333333333333333
MISAEL,1,3,4,0.3333333333333333,1.3333333333333333
Jane Ashton,1,3,1,0.3333333333333333,0.3333333333333333
Jassie Gill,2,6,0,0.3333333333333333,0.0
Sidekick,1,3,1,0.3333333333333333,0.3333333333333333
Cam M.,2,6,0,0.3333333333333333,0.0
RYOKER,2,6,2,0.3333333333333333,0.3333333333333333
Fenris,1,3,1,0.3333333333333333,0.3333333333333333
Siles,2,6,1,0.3333333333333333,0.16666666666666666
Feint,1,3,1,0.3333333333333333,0.3333333333333333
Silvio Luz,1,3,1,0.3333333333333333,0.3333333333333333
Califa Thugs,2,6,0,0.3333333333333333,0.0
RIN,1,3,0,0.3333333333333333,0.0
Jamshied Sharifi,2,6,1,0.3333333333333333,0.16666666666666666
MISOGI,2,6,0,0.3333333333333333,0.0
STARSET,9,28,1,0.32142857142857145,0.03571428571428571
Septeto Acarey,7,22,4,0.3181818181818182,0.18181818181818182
JID,7,22,5,0.3181818181818182,0.22727272727272727
China Anne McClain,7,22,5,0.3181818181818182,0.22727272727272727
The Mouse Outfit,7,22,2,0.3181818181818182,0.09090909090909091
Erasure,12,38,8,0.3157894736842105,0.21052631578947367
AJÉ,6,19,0,0.3157894736842105,0.0
Alejandro Fernandez,6,19,3,0.3157894736842105,0.15789473684210525
Ludvigsson,6,19,3,0.3157894736842105,0.15789473684210525
Plies,5,16,0,0.3125,0.0
The Young Escape,5,16,1,0.3125,0.0625
Aso,5,16,1,0.3125,0.0625
WILD,4,13,5,0.3076923076923077,0.38461538461538464
Suzanne Vega,4,13,2,0.3076923076923077,0.15384615384615385
Ferdinand Weber,4,13,1,0.3076923076923077,0.07692307692307693
The Deli,4,13,1,0.3076923076923077,0.07692307692307693
Johnny Kemp,4,13,4,0.3076923076923077,0.3076923076923077
Yoss Bones,4,13,1,0.3076923076923077,0.07692307692307693
Emma Clair,4,13,3,0.3076923076923077,0.23076923076923078
Chavela Vargas,4,13,1,0.3076923076923077,0.07692307692307693
Coops,4,13,3,0.3076923076923077,0.23076923076923078
The Animals,4,13,4,0.3076923076923077,0.3076923076923077
W.A.S.P.,4,13,1,0.3076923076923077,0.07692307692307693
Poke,4,13,2,0.3076923076923077,0.15384615384615385
Diana Ross,4,13,2,0.3076923076923077,0.15384615384615385
Julian Lage,3,10,0,0.3,0.0
Kyngs,3,10,2,0.3,0.2
Corx,3,10,2,0.3,0.2
Old School Freight Train,3,10,0,0.3,0.0
Red Sun Rising,3,10,2,0.3,0.2
ANNA,3,10,1,0.3,0.1
Phum Viphurit,3,10,3,0.3,0.3
Haisten,3,10,0,0.3,0.0
JAXSON GAMBLE,3,10,1,0.3,0.1
Justice,3,10,2,0.3,0.2
Frankie Ruiz,3,10,0,0.3,0.0
Cashae,3,10,1,0.3,0.1
filous,9,30,1,0.3,0.03333333333333333
The The,3,10,0,0.3,0.0
CHVRCHES,9,30,3,0.3,0.1
Andrew Belize,3,10,1,0.3,0.1
Of Mice & Men,3,10,0,0.3,0.0
BlakkStar,3,10,0,0.3,0.0
Saving Abel,3,10,1,0.3,0.1
Krokus,3,10,1,0.3,0.1
Lil Suzy,3,10,0,0.3,0.0
Benjamin Clementine,3,10,3,0.3,0.3
AWA,3,10,1,0.3,0.1
Asfalto Rec,3,10,0,0.3,0.0
NIVIRO,3,10,2,0.3,0.2
Mister D,3,10,0,0.3,0.0
Rachel Mazer,3,10,0,0.3,0.0
Bow Wow,6,20,0,0.3,0.0
Vayu,3,10,2,0.3,0.2
Joey Pecoraro,3,10,2,0.3,0.2
Bebe & Cece Winans,3,10,1,0.3,0.1
Sammy Johns,3,10,1,0.3,0.1
Yiyo Sarante,3,10,0,0.3,0.0
Taeko Onuki,3,10,2,0.3,0.2
Brand Nubian,3,10,1,0.3,0.1
Mugsy Moscato,3,10,0,0.3,0.0
schafter,6,20,2,0.3,0.1
Lil Muk,3,10,0,0.3,0.0
Balti,3,10,2,0.3,0.2
VAVO,3,10,2,0.3,0.2
Callalily,3,10,0,0.3,0.0
D-wayne,3,10,3,0.3,0.3
Curtis Mayfield,3,10,1,0.3,0.1
Fitz and The Tantrums,8,27,4,0.2962962962962963,0.14814814814814814
Coqeéin Montana,5,17,5,0.29411764705882354,0.29411764705882354
Cinderella,5,17,1,0.29411764705882354,0.058823529411764705
N.O.R.E.,5,17,3,0.29411764705882354,0.17647058823529413
Rafaga,5,17,1,0.29411764705882354,0.058823529411764705
Summers Sons,5,17,3,0.29411764705882354,0.17647058823529413
Smif-N-Wessun,5,17,4,0.29411764705882354,0.23529411764705882
Turma do Pagode,5,17,1,0.29411764705882354,0.058823529411764705
Amorf,5,17,6,0.29411764705882354,0.35294117647058826
Jay Portal,5,17,2,0.29411764705882354,0.11764705882352941
SJUR,5,17,2,0.29411764705882354,0.11764705882352941
Orochi,7,24,2,0.2916666666666667,0.08333333333333333
Anna Margaret,7,24,6,0.2916666666666667,0.25
fantompower,7,24,5,0.2916666666666667,0.20833333333333334
Wayward Sons,4,14,2,0.2857142857142857,0.14285714285714285
Cannaboy,2,7,0,0.2857142857142857,0.0
Medina,2,7,0,0.2857142857142857,0.0
teepee,2,7,2,0.2857142857142857,0.2857142857142857
Aaryan Shah,2,7,3,0.2857142857142857,0.42857142857142855
Sisters of Mercy,2,7,1,0.2857142857142857,0.14285714285714285
Watch Out Stampede,2,7,1,0.2857142857142857,0.14285714285714285
Roxy Music,2,7,0,0.2857142857142857,0.0
Henry Santos,2,7,1,0.2857142857142857,0.14285714285714285
Hot e Oreia,2,7,1,0.2857142857142857,0.14285714285714285
Quando Rondo,2,7,1,0.2857142857142857,0.14285714285714285
Coti,2,7,0,0.2857142857142857,0.0
Carly Pearce,2,7,1,0.2857142857142857,0.14285714285714285
Jesse Powell,2,7,2,0.2857142857142857,0.2857142857142857
ROSIE,2,7,0,0.2857142857142857,0.0
Punch Brothers,4,14,2,0.2857142857142857,0.14285714285714285
DJ Bode,2,7,1,0.2857142857142857,0.14285714285714285
The First Station,2,7,0,0.2857142857142857,0.0
Sleepy Bear,2,7,1,0.2857142857142857,0.14285714285714285
Liimo,2,7,0,0.2857142857142857,0.0
Apache,2,7,1,0.2857142857142857,0.14285714285714285
Yall,2,7,0,0.2857142857142857,0.0
Michael Andrews,2,7,2,0.2857142857142857,0.2857142857142857
Luke,2,7,0,0.2857142857142857,0.0
Rique,6,21,2,0.2857142857142857,0.09523809523809523
Twin Theory,2,7,1,0.2857142857142857,0.14285714285714285
Bisken,2,7,2,0.2857142857142857,0.2857142857142857
Rileyy Lanez,2,7,3,0.2857142857142857,0.42857142857142855
PMZ,2,7,2,0.2857142857142857,0.2857142857142857
Ariel T,4,14,3,0.2857142857142857,0.21428571428571427
Arman Cekin,2,7,4,0.2857142857142857,0.5714285714285714
The S.O.S Band,2,7,2,0.2857142857142857,0.2857142857142857
Chuuwee,2,7,1,0.2857142857142857,0.14285714285714285
TRUTHR,2,7,0,0.2857142857142857,0.0
Giorno,2,7,2,0.2857142857142857,0.2857142857142857
Kevin G.,4,14,5,0.2857142857142857,0.35714285714285715
Cienfue,2,7,2,0.2857142857142857,0.2857142857142857
Cidtronyck,2,7,0,0.2857142857142857,0.0
Nungwi,2,7,0,0.2857142857142857,0.0
The O'Jays,2,7,1,0.2857142857142857,0.14285714285714285
Black Joe Lewis & The Honeybears,2,7,3,0.2857142857142857,0.42857142857142855
Veio,2,7,1,0.2857142857142857,0.14285714285714285
Homestead,2,7,3,0.2857142857142857,0.42857142857142855
Boys Noize,2,7,3,0.2857142857142857,0.42857142857142855
Boytronic,2,7,0,0.2857142857142857,0.0
Mura Masa,8,28,9,0.2857142857142857,0.32142857142857145
chinsei,2,7,1,0.2857142857142857,0.14285714285714285
La Garfield,2,7,1,0.2857142857142857,0.14285714285714285
Sam Bush,2,7,1,0.2857142857142857,0.14285714285714285
Kim Wilde,2,7,2,0.2857142857142857,0.2857142857142857
L'Trimm,2,7,2,0.2857142857142857,0.2857142857142857
Bailey Crego,2,7,1,0.2857142857142857,0.14285714285714285
Jack Larsen,2,7,0,0.2857142857142857,0.0
Salo,2,7,0,0.2857142857142857,0.0
Vic Roz,2,7,3,0.2857142857142857,0.42857142857142855
Deerhunter,2,7,1,0.2857142857142857,0.14285714285714285
Anthony Ramos,2,7,2,0.2857142857142857,0.2857142857142857
Kim Carnes,2,7,2,0.2857142857142857,0.2857142857142857
David Gates,2,7,1,0.2857142857142857,0.14285714285714285
Onlap,2,7,3,0.2857142857142857,0.42857142857142855
Two Neighbors,6,21,2,0.2857142857142857,0.09523809523809523
Gloria Tells,2,7,1,0.2857142857142857,0.14285714285714285
Kelly Rowland,2,7,0,0.2857142857142857,0.0
Mano Ezoh,2,7,1,0.2857142857142857,0.14285714285714285
SØNIN,2,7,1,0.2857142857142857,0.14285714285714285
Mannie Fresh,2,7,0,0.2857142857142857,0.0
Lago,2,7,2,0.2857142857142857,0.2857142857142857
Nona Gaye,2,7,0,0.2857142857142857,0.0
Xcelencia,2,7,2,0.2857142857142857,0.2857142857142857
Adolescent's Orquesta,2,7,1,0.2857142857142857,0.14285714285714285
Brian Mackey,2,7,2,0.2857142857142857,0.2857142857142857
Paloma Faith,2,7,0,0.2857142857142857,0.0
Animal Picnic,2,7,0,0.2857142857142857,0.0
andrei,2,7,1,0.2857142857142857,0.14285714285714285
Baby D.,4,14,5,0.2857142857142857,0.35714285714285715
I See Colors,2,7,3,0.2857142857142857,0.42857142857142855
Beanie Sigel,2,7,1,0.2857142857142857,0.14285714285714285
Cal Scruby,2,7,1,0.2857142857142857,0.14285714285714285
Sikdope,4,14,1,0.2857142857142857,0.07142857142857142
Joel Vaughn,2,7,0,0.2857142857142857,0.0
Young Scooter,2,7,1,0.2857142857142857,0.14285714285714285
Young T & Bugsey,2,7,0,0.2857142857142857,0.0
Sylvan Esso,4,14,0,0.2857142857142857,0.0
Bely Basarte,2,7,2,0.2857142857142857,0.2857142857142857
Lord ADL,2,7,0,0.2857142857142857,0.0
Alba Reche,2,7,1,0.2857142857142857,0.14285714285714285
Sandoval,2,7,0,0.2857142857142857,0.0
Mr. Käfer,2,7,0,0.2857142857142857,0.0
Cejaz Negraz,2,7,1,0.2857142857142857,0.14285714285714285
Cassius,2,7,0,0.2857142857142857,0.0
Timothy Bloom,2,7,0,0.2857142857142857,0.0
Samurai Jay,2,7,0,0.2857142857142857,0.0
Emily Burns,2,7,2,0.2857142857142857,0.2857142857142857
Catfish and the Bottlemen,2,7,3,0.2857142857142857,0.42857142857142855
CMC$,2,7,3,0.2857142857142857,0.42857142857142855
Jackson Powell,2,7,0,0.2857142857142857,0.0
Wiktoria,2,7,1,0.2857142857142857,0.14285714285714285
Will Taylor James,2,7,2,0.2857142857142857,0.2857142857142857
Triple One,2,7,0,0.2857142857142857,0.0
Zella Day,4,14,2,0.2857142857142857,0.14285714285714285
XO Cupid,2,7,1,0.2857142857142857,0.14285714285714285
Pat Lok,2,7,0,0.2857142857142857,0.0
Sublime,4,14,1,0.2857142857142857,0.07142857142857142
Laura Misch,2,7,1,0.2857142857142857,0.14285714285714285
Bronx Cheer,2,7,0,0.2857142857142857,0.0
Big Wild,2,7,2,0.2857142857142857,0.2857142857142857
Astrojaxx,2,7,0,0.2857142857142857,0.0
KLYMVX,2,7,0,0.2857142857142857,0.0
KIDS SEE GHOSTS,2,7,1,0.2857142857142857,0.14285714285714285
Woodlock,2,7,0,0.2857142857142857,0.0
Stone Forte,2,7,1,0.2857142857142857,0.14285714285714285
Chico DeBarge,6,21,1,0.2857142857142857,0.047619047619047616
Intro,2,7,0,0.2857142857142857,0.0
Refused,2,7,2,0.2857142857142857,0.2857142857142857
Tuamie,2,7,1,0.2857142857142857,0.14285714285714285
Dj Farrapo,2,7,1,0.2857142857142857,0.14285714285714285
Incognito,4,14,0,0.2857142857142857,0.0
Biagio Antonacci,2,7,2,0.2857142857142857,0.2857142857142857
Manuellsen,4,14,4,0.2857142857142857,0.2857142857142857
Thelin,2,7,0,0.2857142857142857,0.0
Hollywood Vampires,2,7,1,0.2857142857142857,0.14285714285714285
Ruth B.,2,7,1,0.2857142857142857,0.14285714285714285
Kwame,2,7,0,0.2857142857142857,0.0
Duki Y Neo Pistea,2,7,0,0.2857142857142857,0.0
David Khalis,2,7,0,0.2857142857142857,0.0
Tapemasters Inc and Gucci Mane,2,7,1,0.2857142857142857,0.14285714285714285
Tate McRae,2,7,2,0.2857142857142857,0.2857142857142857
Bomfunk MC's,2,7,2,0.2857142857142857,0.2857142857142857
SMOKN,2,7,0,0.2857142857142857,0.0
kenzie,2,7,0,0.2857142857142857,0.0
Patron,2,7,0,0.2857142857142857,0.0
be insane,2,7,0,0.2857142857142857,0.0
Fryars,2,7,1,0.2857142857142857,0.14285714285714285
Local Jane,2,7,0,0.2857142857142857,0.0
Fufu Banana,2,7,0,0.2857142857142857,0.0
Trent Reznor and Atticus Ross,2,7,0,0.2857142857142857,0.0
Tribo da Periferia,4,14,4,0.2857142857142857,0.2857142857142857
Peter Tsotsi Juma,2,7,0,0.2857142857142857,0.0
Axel White,2,7,0,0.2857142857142857,0.0
Zacarias Ferreira,2,7,1,0.2857142857142857,0.14285714285714285
Peeet,2,7,0,0.2857142857142857,0.0
Avazesa,2,7,1,0.2857142857142857,0.14285714285714285
WizKid,2,7,0,0.2857142857142857,0.0
Vinil,2,7,0,0.2857142857142857,0.0
Zoë Kravitz,2,7,0,0.2857142857142857,0.0
TheLavish,2,7,0,0.2857142857142857,0.0
Minx,2,7,0,0.2857142857142857,0.0
Scott Bradlee's Postmodern Jukebox,2,7,1,0.2857142857142857,0.14285714285714285
Madism,2,7,3,0.2857142857142857,0.42857142857142855
Alfred Beck,2,7,1,0.2857142857142857,0.14285714285714285
Zay Hilfigerrr,2,7,0,0.2857142857142857,0.0
Niggas In Paris Instrumental,2,7,1,0.2857142857142857,0.14285714285714285
Tove Styrke,2,7,0,0.2857142857142857,0.0
Colorblind,2,7,1,0.2857142857142857,0.14285714285714285
Conejo,8,28,3,0.2857142857142857,0.10714285714285714
Lion-S,2,7,3,0.2857142857142857,0.42857142857142855
Melanie Fiona,4,14,2,0.2857142857142857,0.14285714285714285
Melendi,2,7,0,0.2857142857142857,0.0
Hanne Mjøen,4,14,4,0.2857142857142857,0.2857142857142857
Mase,2,7,2,0.2857142857142857,0.2857142857142857
Bleeker,2,7,0,0.2857142857142857,0.0
Blessid Union Of Souls,2,7,1,0.2857142857142857,0.14285714285714285
Black Strobe,2,7,1,0.2857142857142857,0.14285714285714285
Luca Lento,2,7,2,0.2857142857142857,0.2857142857142857
NAGASHI,2,7,2,0.2857142857142857,0.2857142857142857
Martina La Peligrosa,2,7,1,0.2857142857142857,0.14285714285714285
Marshall Milano,2,7,1,0.2857142857142857,0.14285714285714285
Lostiu.,2,7,1,0.2857142857142857,0.14285714285714285
For All Seasons,2,7,1,0.2857142857142857,0.14285714285714285
"Secreto ""El Famoso Biberon""",2,7,0,0.2857142857142857,0.0
Ran the Man,2,7,0,0.2857142857142857,0.0
Ben Khan,2,7,0,0.2857142857142857,0.0
Frank Reyes,2,7,0,0.2857142857142857,0.0
Frankie Bones,2,7,0,0.2857142857142857,0.0
Soy Christmas,2,7,1,0.2857142857142857,0.14285714285714285
Hannah Williams,2,7,1,0.2857142857142857,0.14285714285714285
Mazlum Uruc,2,7,0,0.2857142857142857,0.0
Obadiah Parker,2,7,2,0.2857142857142857,0.2857142857142857
Némesis,2,7,0,0.2857142857142857,0.0
LAY,2,7,2,0.2857142857142857,0.2857142857142857
MZ,11,39,10,0.28205128205128205,0.2564102564102564
Mike Gudmann,9,32,2,0.28125,0.0625
Xamã,7,25,4,0.28,0.16
Yann Muller,7,25,4,0.28,0.16
DJ Nelson,7,25,3,0.28,0.12
Nikki Vianna,5,18,0,0.2777777777777778,0.0
Stone Sour,10,36,5,0.2777777777777778,0.1388888888888889
Roddy Ricch,10,36,5,0.2777777777777778,0.1388888888888889
LUM!X,5,18,1,0.2777777777777778,0.05555555555555555
Anonymuz,5,18,0,0.2777777777777778,0.0
Mýa,5,18,1,0.2777777777777778,0.05555555555555555
Vanesa Martín,5,18,1,0.2777777777777778,0.05555555555555555
Phoenix,8,29,8,0.27586206896551724,0.27586206896551724
Tom Swoon,8,29,2,0.27586206896551724,0.06896551724137931
Heart Youth,3,11,0,0.2727272727272727,0.0
L'Impératrice,3,11,1,0.2727272727272727,0.09090909090909091
DJ Shadow,3,11,3,0.2727272727272727,0.2727272727272727
LMFAO,6,22,5,0.2727272727272727,0.22727272727272727
Meg & Dia,3,11,1,0.2727272727272727,0.09090909090909091
Jesse & Joy,12,44,9,0.2727272727272727,0.20454545454545456
Daniela Darcourt,3,11,3,0.2727272727272727,0.2727272727272727
Mike Stud,3,11,1,0.2727272727272727,0.09090909090909091
Eli & Fur,3,11,3,0.2727272727272727,0.2727272727272727
Jonah Cruzz,3,11,1,0.2727272727272727,0.09090909090909091
Sharpay Evans,3,11,0,0.2727272727272727,0.0
Win and Woo,3,11,2,0.2727272727272727,0.18181818181818182
Mati,3,11,1,0.2727272727272727,0.09090909090909091
Paramore,6,22,6,0.2727272727272727,0.2727272727272727
Buena Fe,3,11,1,0.2727272727272727,0.09090909090909091
Static & Ben El,3,11,2,0.2727272727272727,0.18181818181818182
Paul Anka,3,11,1,0.2727272727272727,0.09090909090909091
Laura Marano,3,11,3,0.2727272727272727,0.2727272727272727
Ricardo Bendek,3,11,0,0.2727272727272727,0.0
Petey Pablo,3,11,4,0.2727272727272727,0.36363636363636365
Giants' Nest,3,11,0,0.2727272727272727,0.0
London Jae,3,11,2,0.2727272727272727,0.18181818181818182
Bill Medley,3,11,2,0.2727272727272727,0.18181818181818182
Zeds Dead,9,33,8,0.2727272727272727,0.24242424242424243
Figub Brazlevic,3,11,4,0.2727272727272727,0.36363636363636365
Populous,3,11,1,0.2727272727272727,0.09090909090909091
Prefekt,3,11,2,0.2727272727272727,0.18181818181818182
Jack Garratt,3,11,3,0.2727272727272727,0.2727272727272727
Saltatio Mortis,3,11,1,0.2727272727272727,0.09090909090909091
Trip Lee,3,11,1,0.2727272727272727,0.09090909090909091
Chris Cornell,3,11,0,0.2727272727272727,0.0
Down With Webster,3,11,0,0.2727272727272727,0.0
Xander,3,11,1,0.2727272727272727,0.09090909090909091
THE RAMPAGE from EXILE TRIBE,3,11,0,0.2727272727272727,0.0
Pacho El Antifeka,3,11,1,0.2727272727272727,0.09090909090909091
Trove,3,11,0,0.2727272727272727,0.0
FAULHABER,3,11,2,0.2727272727272727,0.18181818181818182
Boris Brejcha,3,11,0,0.2727272727272727,0.0
Memphis May Fire,3,11,1,0.2727272727272727,0.09090909090909091
Hippo Campus,3,11,2,0.2727272727272727,0.18181818181818182
Martha and the Muffins,3,11,0,0.2727272727272727,0.0
Bjørn Riis,3,11,1,0.2727272727272727,0.09090909090909091
Tolento Jones,3,11,2,0.2727272727272727,0.18181818181818182
Brady Watt,3,11,1,0.2727272727272727,0.09090909090909091
Olivia Newton-John,3,11,3,0.2727272727272727,0.2727272727272727
Fifth Harmony,10,37,5,0.2702702702702703,0.13513513513513514
John Christian,7,26,6,0.2692307692307692,0.23076923076923078
FEVER 333,7,26,2,0.2692307692307692,0.07692307692307693
Scooter,7,26,2,0.2692307692307692,0.07692307692307693
In This Moment,11,41,3,0.2682926829268293,0.07317073170731707
Changing Faces,4,15,3,0.26666666666666666,0.2
Young Multi,4,15,1,0.26666666666666666,0.06666666666666667
Crack Family,4,15,7,0.26666666666666666,0.4666666666666667
Joji,4,15,3,0.26666666666666666,0.2
Sam Padrul,4,15,1,0.26666666666666666,0.06666666666666667
Mambo Kingz,4,15,3,0.26666666666666666,0.2
Riff Raff,4,15,1,0.26666666666666666,0.06666666666666667
Rob Base & DJ EZ Rock,4,15,1,0.26666666666666666,0.06666666666666667
SBTRKT,4,15,4,0.26666666666666666,0.26666666666666666
Tony Junior,4,15,3,0.26666666666666666,0.2
Groove Delight,4,15,2,0.26666666666666666,0.13333333333333333
Greyson Chance,8,30,7,0.26666666666666666,0.23333333333333334
Colt Ford,4,15,3,0.26666666666666666,0.2
Bomba Estéreo,8,30,5,0.26666666666666666,0.16666666666666666
Jethro Tull,4,15,0,0.26666666666666666,0.0
Jeriqo,4,15,1,0.26666666666666666,0.06666666666666667
Zita,4,15,5,0.26666666666666666,0.3333333333333333
Cory Marks,4,15,2,0.26666666666666666,0.13333333333333333
Feid,9,34,2,0.2647058823529412,0.058823529411764705
Fire From The Gods,5,19,4,0.2631578947368421,0.21052631578947367
Blackcode,10,38,5,0.2631578947368421,0.13157894736842105
Indigo Blue,5,19,2,0.2631578947368421,0.10526315789473684
bLAck pARty,5,19,2,0.2631578947368421,0.10526315789473684
Broiler,5,19,0,0.2631578947368421,0.0
Lauren Daigle,5,19,1,0.2631578947368421,0.05263157894736842
MC Cabelinho,5,19,1,0.2631578947368421,0.05263157894736842
Rubén Blades,5,19,1,0.2631578947368421,0.05263157894736842
Young Dro,5,19,3,0.2631578947368421,0.15789473684210525
Dilsinho,6,23,2,0.2608695652173913,0.08695652173913043
Peg Parnevik,6,23,6,0.2608695652173913,0.2608695652173913
DJ Drama,6,23,2,0.2608695652173913,0.08695652173913043
Sak Noel,6,23,4,0.2608695652173913,0.17391304347826086
Warren Zevon,6,23,4,0.2608695652173913,0.17391304347826086
Dalex,18,69,10,0.2608695652173913,0.14492753623188406
RL Grime,13,50,6,0.26,0.12
Vanic,7,27,7,0.25925925925925924,0.25925925925925924
Robert Glasper Experiment,8,31,5,0.25806451612903225,0.16129032258064516
Damian Dame,8,31,7,0.25806451612903225,0.22580645161290322
Maddix,11,43,4,0.2558139534883721,0.09302325581395349
Rainbow,13,51,6,0.2549019607843137,0.11764705882352941
Digable Planets,2,8,1,0.25,0.125
Keys & Copper,1,4,1,0.25,0.25
Ruhde,2,8,1,0.25,0.125
Metro Boomin,11,44,8,0.25,0.18181818181818182
Metronome,2,8,1,0.25,0.125
Yoky Barrios,1,4,1,0.25,0.25
Biig Piig,3,12,1,0.25,0.08333333333333333
Oken,1,4,1,0.25,0.25
Convex,3,12,5,0.25,0.4166666666666667
Com Truise,1,4,2,0.25,0.5
The Kid LAROI,1,4,1,0.25,0.25
DaniLeigh,3,12,3,0.25,0.25
Terror,1,4,0,0.25,0.0
Terror Squad,1,4,0,0.25,0.0
Damn Yankees,1,4,1,0.25,0.25
Connor Bvrns,2,8,0,0.25,0.0
Anexo Leiruk,1,4,1,0.25,0.25
Kiasmos,1,4,1,0.25,0.25
Otis Junior,2,8,1,0.25,0.125
Kevin Wild,1,4,1,0.25,0.25
Kennedy Stephens,1,4,0,0.25,0.0
Ariel Pink,2,8,0,0.25,0.0
Arjuna Oakes,4,16,1,0.25,0.0625
The Rose Monarch,1,4,2,0.25,0.5
The Roswell Universe,2,8,0,0.25,0.0
Christine and the Queens,3,12,1,0.25,0.08333333333333333
TNGHT,2,8,0,0.25,0.0
TOKiMONSTA,2,8,1,0.25,0.125
TOMMY FANTOM,2,8,0,0.25,0.0
Citipointe Live,1,4,0,0.25,0.0
Tunnel Rats,1,4,0,0.25,0.0
The Romantics,4,16,4,0.25,0.25
Derrick Ryan,2,8,2,0.25,0.25
TRXD,1,4,1,0.25,0.25
The Silencers,3,12,0,0.25,0.0
Dinosaur Jr.,2,8,0,0.25,0.0
Turbonegro,2,8,4,0.25,0.5
Tweet,1,4,1,0.25,0.25
Brekk,1,4,0,0.25,0.0
Sam Fischer,2,8,0,0.25,0.0
Ghali,2,8,2,0.25,0.25
Tha Mexakinz,2,8,1,0.25,0.125
George Clinton,2,8,0,0.25,0.0
George Thorogood & The Destroyers,4,16,2,0.25,0.125
The Rippingtons,3,12,0,0.25,0.0
Dontcry,9,36,1,0.25,0.027777777777777776
IliassOpDeBeat,1,4,2,0.25,0.5
Ilvs,2,8,0,0.25,0.0
Vieux Farka Touré,1,4,2,0.25,0.5
Big Kuntry King,1,4,3,0.25,0.75
"Big Moe featuring D-Gotti, Noke D & D-Wreck",1,4,1,0.25,0.25
Ice Mc,1,4,0,0.25,0.0
Gaspar,1,4,0,0.25,0.0
Brooks,4,16,9,0.25,0.5625
Brownstone,1,4,0,0.25,0.0
Bruce Hornsby,1,4,1,0.25,0.25
TroyBoi,2,8,1,0.25,0.125
Gareth Emery,11,44,6,0.25,0.13636363636363635
Marci Coleman,2,8,0,0.25,0.0
Pachará,3,12,1,0.25,0.08333333333333333
Kayo Genesis,1,4,1,0.25,0.25
Kalimete,2,8,0,0.25,0.0
Kacy Hill,1,4,1,0.25,0.25
Patrick M,2,8,0,0.25,0.0
Suave,2,8,2,0.25,0.25
Sugar Blizz,1,4,2,0.25,0.5
The War On Drugs,1,4,1,0.25,0.25
Chip Charlez,1,4,2,0.25,0.5
The White Lamp,1,4,0,0.25,0.0
Dosem,2,8,2,0.25,0.25
Sunstars,1,4,0,0.25,0.0
Parachute,2,8,0,0.25,0.0
Dokken,5,20,2,0.25,0.1
Syndicate Of L.A.W.,2,8,0,0.25,0.0
A.B. Quintanilla III Y Los Kumbia Kings,3,12,2,0.25,0.16666666666666666
ADAMII,1,4,0,0.25,0.0
Many Moor,2,8,0,0.25,0.0
Marcel Woods,1,4,0,0.25,0.0
Kia Shine,1,4,0,0.25,0.0
Landon Forbes,1,4,0,0.25,0.0
Landon Holloway,1,4,0,0.25,0.0
Yuna,2,8,0,0.25,0.0
Nordstorm,2,8,0,0.25,0.0
T-Rock,2,8,0,0.25,0.0
ChrisLee,1,4,0,0.25,0.0
Chrissy Zebby Tembo,2,8,2,0.25,0.25
Chris Night,2,8,1,0.25,0.125
Palisades,1,4,0,0.25,0.0
Kasille,1,4,1,0.25,0.25
Kasket Club,1,4,1,0.25,0.25
Sweetback,3,12,0,0.25,0.0
Swim.,1,4,2,0.25,0.5
Victoria Kühne,2,8,0,0.25,0.0
NO-ONE,1,4,0,0.25,0.0
Geko,1,4,3,0.25,0.75
Gemeliers,1,4,0,0.25,0.0
Sanluis,1,4,0,0.25,0.0
Swing'it Dixieband,2,8,1,0.25,0.125
Switchfoot,1,4,1,0.25,0.25
Chris Lorenzo,1,4,1,0.25,0.25
The Saturdays,1,4,0,0.25,0.0
Max Oazo,2,8,1,0.25,0.125
Kraantje Pappie,1,4,1,0.25,0.25
Kraddy,1,4,2,0.25,0.5
Darell,5,20,3,0.25,0.15
Melodyia Music,4,16,1,0.25,0.0625
ramhead,1,4,0,0.25,0.0
Mary Jane Girls,2,8,1,0.25,0.125
Marrón,1,4,0,0.25,0.0
Gwen Stefani,3,12,2,0.25,0.16666666666666666
Holly Starr,2,8,1,0.25,0.125
Robin Gibb,2,8,0,0.25,0.0
The Made and The Born,3,12,3,0.25,0.25
Rick Wakeman,2,8,1,0.25,0.125
Coburn,1,4,0,0.25,0.0
Tauren Wells,2,8,1,0.25,0.125
Tay-K,3,12,1,0.25,0.08333333333333333
Dave Adamec,2,8,0,0.25,0.0
Colbie Caillat,2,8,1,0.25,0.125
Cold Chisel,2,8,2,0.25,0.25
Cole.45,2,8,0,0.25,0.0
Ryan Shepherd,1,4,0,0.25,0.0
Greenskeepers,2,8,1,0.25,0.125
Booka Shade,2,8,0,0.25,0.0
SAYMYNAME,1,4,0,0.25,0.0
Great White,2,8,0,0.25,0.0
Graham Parker,1,4,3,0.25,0.75
Coast,2,8,2,0.25,0.25
Urbandub,3,12,3,0.25,0.25
Andrés Cepeda,1,4,1,0.25,0.25
DJ Holiday,1,4,0,0.25,0.0
DJ Isaac,2,8,0,0.25,0.0
The Brian Jonestown Massacre,1,4,0,0.25,0.0
The Cataracs,3,12,1,0.25,0.08333333333333333
DISTO,1,4,1,0.25,0.25
Maydro,2,8,1,0.25,0.125
Max Pezzali,1,4,0,0.25,0.0
the.lazyb,6,24,6,0.25,0.25
32Stitches,1,4,0,0.25,0.0
11 LIT3S,1,4,0,0.25,0.0
Heather Cole,1,4,0,0.25,0.0
Hard-FI,4,16,4,0.25,0.25
RH,1,4,0,0.25,0.0
Simsey,1,4,1,0.25,0.25
Fard,1,4,1,0.25,0.25
Farina,1,4,1,0.25,0.25
Jay Made,2,8,2,0.25,0.25
Lil West,2,8,0,0.25,0.0
The Apostles,1,4,0,0.25,0.0
Corina,1,4,0,0.25,0.0
The Austin Lounge Lizards,1,4,0,0.25,0.0
The Beef Seeds,4,16,2,0.25,0.125
DJ Ross,1,4,0,0.25,0.0
DJ White Shadow,1,4,1,0.25,0.25
CortesiaDaCasa,1,4,0,0.25,0.0
Roger Melo,1,4,1,0.25,0.25
La Quinta Estacion,3,12,1,0.25,0.08333333333333333
OverDoz.,1,4,1,0.25,0.25
TYNAN,1,4,2,0.25,0.5
MiMS,1,4,1,0.25,0.25
Marcus Santoro,1,4,1,0.25,0.25
LUNDØN,1,4,2,0.25,0.5
Myd,2,8,1,0.25,0.125
Mystro,2,8,2,0.25,0.25
Hugh Graham,3,12,2,0.25,0.16666666666666666
Huon Kind,1,4,0,0.25,0.0
Billy Vera & The Beaters,2,8,0,0.25,0.0
Rina Sawayama,2,8,0,0.25,0.0
SOLANO,1,4,0,0.25,0.0
Kiyamma,1,4,1,0.25,0.25
Yash Narvekar,2,8,1,0.25,0.125
TUZZA Globale,2,8,2,0.25,0.25
The Record Company,2,8,0,0.25,0.0
Saint Motel,6,24,3,0.25,0.125
Sal & Smit,1,4,1,0.25,0.25
Loredana Bertè,1,4,2,0.25,0.5
Rick Astley,1,4,0,0.25,0.0
Huey Lewis & The News,3,12,4,0.25,0.3333333333333333
Ghostnaut,2,8,2,0.25,0.25
Gian Varela,2,8,1,0.25,0.125
Kid Kenobi,2,8,0,0.25,0.0
Kid Vicious,1,4,2,0.25,0.5
La Etnnia,1,4,2,0.25,0.5
Notorious B.I.G. & 50 Cent,3,12,2,0.25,0.16666666666666666
Amr Diab,2,8,0,0.25,0.0
Youngbloodz,8,32,8,0.25,0.25
Tamara Perez,2,8,1,0.25,0.125
The Man Who,1,4,1,0.25,0.25
David Tort,2,8,4,0.25,0.5
Gloria Groove,1,4,0,0.25,0.0
Gobs,1,4,0,0.25,0.0
STOP,1,4,1,0.25,0.25
Girl Wilde,1,4,0,0.25,0.0
Saavan,2,8,1,0.25,0.125
Horny United,1,4,0,0.25,0.0
Taproot,2,8,1,0.25,0.125
Knowmadic,3,12,2,0.25,0.16666666666666666
King Carter,1,4,1,0.25,0.25
King Harvest,1,4,1,0.25,0.25
Dehd,2,8,0,0.25,0.0
Tainy,4,16,4,0.25,0.25
Take 6,1,4,0,0.25,0.0
Tall Tree Tales,2,8,2,0.25,0.25
Hostile Array,1,4,1,0.25,0.25
Black Tiger Sex Machine,1,4,3,0.25,0.75
Blackalicious,1,4,1,0.25,0.25
Vance Joy,5,20,4,0.25,0.2
Boys Get Hurt,1,4,0,0.25,0.0
Luz Casal,2,8,1,0.25,0.125
My Darkest Days,1,4,0,0.25,0.0
The Lotus Eaters,1,4,1,0.25,0.25
Tinariwen,1,4,0,0.25,0.0
Smiler,1,4,0,0.25,0.0
BRADO,1,4,0,0.25,0.0
White Lies,1,4,2,0.25,0.5
Smilez and Southstar,1,4,1,0.25,0.25
Evans Blue,2,8,1,0.25,0.125
Smolasty,1,4,0,0.25,0.0
Snaer.,1,4,1,0.25,0.25
Social House,1,4,2,0.25,0.5
Jac & Harri,2,8,1,0.25,0.125
Voltio,2,8,1,0.25,0.125
Bemti,2,8,0,0.25,0.0
Mick Mazoo,1,4,2,0.25,0.5
CTZNJ,1,4,1,0.25,0.25
Sid Vicious,1,4,0,0.25,0.0
Baby Lores,2,8,0,0.25,0.0
Zero 9:36,2,8,0,0.25,0.0
Mokoa,2,8,3,0.25,0.375
FEARSTbeats,2,8,0,0.25,0.0
Tokyo Machine,2,8,0,0.25,0.0
Carl Louis,1,4,1,0.25,0.25
James Bakian,1,4,0,0.25,0.0
Jalen Santoy,1,4,0,0.25,0.0
Rabeat,1,4,3,0.25,0.75
Raekwon,8,32,3,0.25,0.09375
Tony Allen,1,4,2,0.25,0.5
Tony Yayo,2,8,0,0.25,0.0
Nikka Costa,5,20,3,0.25,0.15
Sophia Danai,1,4,2,0.25,0.5
Sophie Francis,1,4,1,0.25,0.25
Eminence,1,4,1,0.25,0.25
Tim Engelhardt,1,4,1,0.25,0.25
Adam Beyer,1,4,0,0.25,0.0
Moonspatz,2,8,2,0.25,0.25
MEDUZA,7,28,4,0.25,0.14285714285714285
Shin Sakiura,1,4,1,0.25,0.25
Flitz&Suppe,5,20,2,0.25,0.1
ToteKing,1,4,1,0.25,0.25
Jackie Neal,1,4,1,0.25,0.25
Jacob Forever,2,8,1,0.25,0.125
Timo Odv,2,8,0,0.25,0.0
WC,2,8,1,0.25,0.125
Erik Kearing,1,4,0,0.25,0.0
Nice Cut,2,8,1,0.25,0.125
Leonel García,1,4,3,0.25,0.75
Letters from the Fire,2,8,1,0.25,0.125
Nicola Fasano,2,8,2,0.25,0.25
Alien Family,1,4,0,0.25,0.0
Casey Conroy,2,8,0,0.25,0.0
Solidisco,1,4,0,0.25,0.0
Encure,2,8,1,0.25,0.125
Sonny Okosun,2,8,1,0.25,0.125
CeeLo Green,1,4,2,0.25,0.5
Cassian,3,12,1,0.25,0.08333333333333333
Jonny Joel,9,36,0,0.25,0.0
The Cover Girls,1,4,0,0.25,0.0
Bardeux,1,4,2,0.25,0.5
RAYE,2,8,1,0.25,0.125
REK,2,8,0,0.25,0.0
Hawk House,2,8,0,0.25,0.0
DEAN FUJIOKA,4,16,0,0.25,0.0
Cristian Castro,6,24,2,0.25,0.08333333333333333
D-A-D,1,4,0,0.25,0.0
$ANFI,5,20,3,0.25,0.15
#TocoParaVos,2,8,0,0.25,0.0
HarukiD,1,4,3,0.25,0.75
VIK,1,4,1,0.25,0.25
Hans Grants,1,4,0,0.25,0.0
Eyes Everywhere,2,8,0,0.25,0.0
DJ Boring,1,4,0,0.25,0.0
The Guadaloops,2,8,0,0.25,0.0
НЕ.KURILI,2,8,1,0.25,0.125
yetep,2,8,1,0.25,0.125
L.B.,1,4,0,0.25,0.0
Helena Legend,1,4,1,0.25,0.25
Mass Anthem,2,8,0,0.25,0.0
Under Side 821,1,4,1,0.25,0.25
Unknown Artist,1,4,2,0.25,0.5
OFFAIAH,2,8,2,0.25,0.25
REYNA,1,4,0,0.25,0.0
SONIA,2,8,1,0.25,0.125
Henry Gross,1,4,0,0.25,0.0
Hanzy,1,4,0,0.25,0.0
WILLOW,2,8,0,0.25,0.0
Bass Patrol,5,20,1,0.25,0.05
Bazzi vs.,4,16,4,0.25,0.25
RJD2,1,4,2,0.25,0.5
James Organ,1,4,1,0.25,0.25
ROLE MODEL,3,12,0,0.25,0.0
MVCA,1,4,1,0.25,0.25
MK,5,20,3,0.25,0.15
MOSSS,2,8,0,0.25,0.0
MOTHXR,1,4,2,0.25,0.5
Sleigh Bells,3,12,1,0.25,0.08333333333333333
Slushii,1,4,1,0.25,0.25
Madeaux,1,4,1,0.25,0.25
The Click,2,8,0,0.25,0.0
Alex Zurdo,8,32,8,0.25,0.25
Quiet Disorder,2,8,3,0.25,0.375
Jedi Mind Tricks,2,8,1,0.25,0.125
R. Kelly,28,112,15,0.25,0.13392857142857142
Jaydon Lewis,1,4,1,0.25,0.25
Washed Out,1,4,2,0.25,0.5
Canton Jones,2,8,0,0.25,0.0
Sky Ferreira,2,8,2,0.25,0.25
Caravan,2,8,3,0.25,0.375
Light The Torch,1,4,0,0.25,0.0
QARAN,3,12,0,0.25,0.0
Carbon Kevlar,1,4,0,0.25,0.0
Cali Y El Dandee,7,28,0,0.25,0.0
Whadi Gama,2,8,0,0.25,0.0
Nanpa Básico,2,8,2,0.25,0.25
KM,1,4,0,0.25,0.0
KENO,1,4,1,0.25,0.25
MARINA,1,4,1,0.25,0.25
MARKZ,1,4,4,0.25,1.0
MARTTE,1,4,1,0.25,0.25
MATTN,2,8,0,0.25,0.0
Addal,1,4,0,0.25,0.0
Alex Cuba,1,4,1,0.25,0.25
Alex Herrera,2,8,0,0.25,0.0
Little Dragon,2,8,4,0.25,0.5
Ray Rockman,1,4,2,0.25,0.5
Jorge Milliano,3,12,2,0.25,0.16666666666666666
Sean Tizzle,1,4,2,0.25,0.5
Sebastián Mato,2,8,0,0.25,0.0
Earl Sweatshirt,1,4,0,0.25,0.0
Lele Pons,2,8,1,0.25,0.125
Lautaro Lopez,3,12,5,0.25,0.4166666666666667
Zanuda,2,8,0,0.25,0.0
Leah Jenea,4,16,2,0.25,0.125
Edward Sharpe & The Magnetic Zeros,2,8,0,0.25,0.0
Efecto Pasillo,4,16,4,0.25,0.25
Malaa,2,8,6,0.25,0.75
Maldita,1,4,0,0.25,0.0
ARASHI,3,12,3,0.25,0.25
Woof Logik,1,4,1,0.25,0.25
MAJOR.,2,8,1,0.25,0.125
No Coast,1,4,0,0.25,0.0
The Time,2,8,2,0.25,0.25
Super Yei,1,4,0,0.25,0.0
Donny Caballero,4,16,2,0.25,0.125
Helen Quiroga,3,12,1,0.25,0.08333333333333333
Mann,1,4,0,0.25,0.0
The Word Alive,2,8,1,0.25,0.125
"Saturn, Alexander",1,4,1,0.25,0.25
Savage Garden,1,4,0,0.25,0.0
Sawyer Fredericks,1,4,3,0.25,0.75
Lkhn,2,8,3,0.25,0.375
Indiomar,2,8,0,0.25,0.0
GALXARA,1,4,1,0.25,0.25
Isac Elliot,2,8,0,0.25,0.0
Styn,1,4,0,0.25,0.0
Karma,2,8,0,0.25,0.0
Ashlee Simpson,1,4,0,0.25,0.0
Aslove,1,4,1,0.25,0.25
Pat Clifton,1,4,0,0.25,0.0
EDX,10,40,7,0.25,0.175
Stevie B,9,36,6,0.25,0.16666666666666666
Still Fresh,1,4,0,0.25,0.0
ALESSIA RAISI,2,8,2,0.25,0.25
Wovenwar,1,4,1,0.25,0.25
Scorpion,2,8,0,0.25,0.0
Beware Of Darkness,2,8,3,0.25,0.375
Iron Butterfly,1,4,0,0.25,0.0
Scenic,1,4,0,0.25,0.0
Sebastián Romero,1,4,0,0.25,0.0
Sequenza,1,4,1,0.25,0.25
Iyanya,3,12,1,0.25,0.08333333333333333
Frank Zappa,2,8,0,0.25,0.0
Masterboy,2,8,0,0.25,0.0
María Barracuda,3,12,1,0.25,0.08333333333333333
Masayoshi Takanaka,1,4,0,0.25,0.0
Masego,6,24,3,0.25,0.125
Hadassah,1,4,1,0.25,0.25
HONÜ,1,4,0,0.25,0.0
Bleu Toucan,1,4,1,0.25,0.25
Lucas Arnau,2,8,2,0.25,0.25
702,4,16,1,0.25,0.0625
Paxel,2,8,0,0.25,0.0
stereOMantra,2,8,2,0.25,0.25
Play-N-Skillz,2,8,1,0.25,0.125
BLO,1,4,1,0.25,0.25
Soul&Roll,5,20,3,0.25,0.15
Soulja Boyz,1,4,0,0.25,0.0
Minako Honda,2,8,0,0.25,0.0
Mahmut Orhan,1,4,0,0.25,0.0
Eloy,1,4,1,0.25,0.25
Niko Walters,1,4,0,0.25,0.0
William Vivanco,2,8,1,0.25,0.125
Willie Colón,7,28,1,0.25,0.03571428571428571
Azul Violeta,2,8,2,0.25,0.25
Jordan Jay,2,8,2,0.25,0.25
sooogood!,2,8,0,0.25,0.0
Pebbles,11,44,6,0.25,0.13636363636363635
Jósean Log,4,16,3,0.25,0.1875
Avail Hollywood,1,4,2,0.25,0.5
Third Lung,3,12,0,0.25,0.0
Francesca Michielin,3,12,1,0.25,0.08333333333333333
Ele A El Dominio,4,16,2,0.25,0.125
Electric Mary,2,8,0,0.25,0.0
Juccas,4,16,3,0.25,0.1875
Jules Kyng,1,4,0,0.25,0.0
Peter Murphy,1,4,0,0.25,0.0
Joy Enriquez,2,8,2,0.25,0.25
Channel Live,1,4,1,0.25,0.25
Charizma & Peanut Butter Wolf,3,12,2,0.25,0.16666666666666666
Sheyna,2,8,1,0.25,0.125
Ekat Bork,2,8,0,0.25,0.0
Charlie Charles,2,8,0,0.25,0.0
Leavv,3,12,6,0.25,0.5
Lee Bowie,2,8,1,0.25,0.125
Emerson Leif,1,4,1,0.25,0.25
Liniker,2,8,2,0.25,0.25
Zola Blood,2,8,0,0.25,0.0
Neo Beats,1,4,1,0.25,0.25
Lil' Johanna,2,8,0,0.25,0.0
Nephaim,1,4,0,0.25,0.0
Tracy Chapman,1,4,0,0.25,0.0
Shawn Desman,2,8,0,0.25,0.0
Shawty Lo,2,8,3,0.25,0.375
Standart Skill,1,4,0,0.25,0.0
Luck Wallace,8,33,3,0.24242424242424243,0.09090909090909091
Sampha,8,33,1,0.24242424242424243,0.030303030303030304
Jody Watley,8,33,5,0.24242424242424243,0.15151515151515152
Jessie Reyez,7,29,9,0.2413793103448276,0.3103448275862069
Sting,7,29,6,0.2413793103448276,0.20689655172413793
Marillion,7,29,4,0.2413793103448276,0.13793103448275862
Two Friends,6,25,7,0.24,0.28
RudeLies,6,25,6,0.24,0.24
C-Kan,6,25,5,0.24,0.2
ayokay,6,25,7,0.24,0.28
Monsieur Periné,6,25,3,0.24,0.12
Sigma,6,25,1,0.24,0.04
Matt Maeson,6,25,3,0.24,0.12
RAF Camora,6,25,3,0.24,0.12
Benny Benassi,6,25,2,0.24,0.08
Manuel Turizo,12,50,4,0.24,0.08
The 1975,17,71,5,0.23943661971830985,0.07042253521126761
Twenty One Pilots,11,46,7,0.2391304347826087,0.15217391304347827
Beck,5,21,4,0.23809523809523808,0.19047619047619047
HONNE,10,42,9,0.23809523809523808,0.21428571428571427
Motorama,5,21,2,0.23809523809523808,0.09523809523809523
Mountain,5,21,3,0.23809523809523808,0.14285714285714285
Medon,5,21,1,0.23809523809523808,0.047619047619047616
Nek,5,21,1,0.23809523809523808,0.047619047619047616
Keanu Silva,5,21,2,0.23809523809523808,0.09523809523809523
Kem,5,21,3,0.23809523809523808,0.14285714285714285
Newclaess,5,21,4,0.23809523809523808,0.19047619047619047
Madonna,9,38,7,0.23684210526315788,0.18421052631578946
Volbeat,9,38,4,0.23684210526315788,0.10526315789473684
Tanaë,4,17,3,0.23529411764705882,0.17647058823529413
Christopher Wilde,4,17,2,0.23529411764705882,0.11764705882352941
KLOUD,4,17,0,0.23529411764705882,0.0
Steady Rollin,4,17,0,0.23529411764705882,0.0
"Franco ""El Gorilla""",4,17,2,0.23529411764705882,0.11764705882352941
Jordan Fisher,4,17,0,0.23529411764705882,0.0
"Earth, Wind & Fire",4,17,3,0.23529411764705882,0.17647058823529413
Adam Calhoun,4,17,5,0.23529411764705882,0.29411764705882354
Son Lux,4,17,3,0.23529411764705882,0.17647058823529413
Before Us All,4,17,1,0.23529411764705882,0.058823529411764705
Fatboy Slim,8,34,4,0.23529411764705882,0.11764705882352941
Sixx:A.M.,4,17,2,0.23529411764705882,0.11764705882352941
Hallasen,4,17,2,0.23529411764705882,0.11764705882352941
The Deele,11,47,4,0.23404255319148937,0.0851063829787234
Too $hort,7,30,8,0.23333333333333334,0.26666666666666666
Ricardo Arjona,7,30,4,0.23333333333333334,0.13333333333333333
Greenish,7,30,3,0.23333333333333334,0.1
High School Musical Cast,7,30,4,0.23333333333333334,0.13333333333333333
Steve Miller Band,14,60,8,0.23333333333333334,0.13333333333333333
Lighter Shade Of Brown,7,30,6,0.23333333333333334,0.2
Common,7,30,7,0.23333333333333334,0.23333333333333334
Another Bad Creation,7,30,3,0.23333333333333334,0.1
Remik Gonzalez,10,43,8,0.23255813953488372,0.18604651162790697
AREA21,3,13,1,0.23076923076923078,0.07692307692307693
!deladap,6,26,5,0.23076923076923078,0.19230769230769232
Solarrio,3,13,1,0.23076923076923078,0.07692307692307693
Mahmood,3,13,2,0.23076923076923078,0.15384615384615385
Sonic Syndicate,3,13,0,0.23076923076923078,0.0
Tony Dark Eyes,3,13,1,0.23076923076923078,0.07692307692307693
Soulja Boy,6,26,7,0.23076923076923078,0.2692307692307692
Mabel,6,26,4,0.23076923076923078,0.15384615384615385
H E R B,3,13,1,0.23076923076923078,0.07692307692307693
Bob Marley & The Wailers,3,13,3,0.23076923076923078,0.23076923076923078
Mountain Faith,3,13,1,0.23076923076923078,0.07692307692307693
Stealers Wheel,3,13,0,0.23076923076923078,0.0
Ventino,3,13,1,0.23076923076923078,0.07692307692307693
José Lucas,3,13,0,0.23076923076923078,0.0
Lucie Silvas,3,13,1,0.23076923076923078,0.07692307692307693
Durand Jones & The Indications,3,13,6,0.23076923076923078,0.46153846153846156
Stone Dog Zen,3,13,1,0.23076923076923078,0.07692307692307693
Jaloo,3,13,1,0.23076923076923078,0.07692307692307693
Cher,3,13,1,0.23076923076923078,0.07692307692307693
DA Image,3,13,2,0.23076923076923078,0.15384615384615385
Stefanie Bennett,3,13,1,0.23076923076923078,0.07692307692307693
East & Young,3,13,0,0.23076923076923078,0.0
Joel Corry,3,13,2,0.23076923076923078,0.15384615384615385
Will To Power,3,13,4,0.23076923076923078,0.3076923076923077
Dom Kennedy,3,13,1,0.23076923076923078,0.07692307692307693
Ken Loi,3,13,3,0.23076923076923078,0.23076923076923078
Leo Sayer,3,13,0,0.23076923076923078,0.0
Tensal,3,13,2,0.23076923076923078,0.15384615384615385
Little Big Town,3,13,1,0.23076923076923078,0.07692307692307693
Denine,6,26,6,0.23076923076923078,0.23076923076923078
Limp Bizkit,6,26,8,0.23076923076923078,0.3076923076923077
David Lee Roth,3,13,2,0.23076923076923078,0.15384615384615385
Martin Mix,3,13,2,0.23076923076923078,0.15384615384615385
una schram,3,13,1,0.23076923076923078,0.07692307692307693
Daniel Powter,6,26,4,0.23076923076923078,0.15384615384615385
Nora Van Elken,3,13,1,0.23076923076923078,0.07692307692307693
Daz Dillinger,3,13,3,0.23076923076923078,0.23076923076923078
Yellowcard,3,13,2,0.23076923076923078,0.15384615384615385
Ansvh,3,13,3,0.23076923076923078,0.23076923076923078
Anthony Dircson,3,13,3,0.23076923076923078,0.23076923076923078
Dirty Honkers,3,13,3,0.23076923076923078,0.23076923076923078
Felix Cartal,8,35,7,0.22857142857142856,0.2
NOTD,10,44,9,0.22727272727272727,0.20454545454545456
The Hygrades,5,22,2,0.22727272727272727,0.09090909090909091
Young Money,5,22,7,0.22727272727272727,0.3181818181818182
ChiChi Peralta,5,22,2,0.22727272727272727,0.09090909090909091
Ja Rule,24,106,18,0.22641509433962265,0.16981132075471697
Blues Saraceno,7,31,2,0.22580645161290322,0.06451612903225806
Nio Garcia,9,40,3,0.225,0.075
Cabela and Schmitt,9,40,9,0.225,0.225
John De Sohn,18,80,6,0.225,0.075
Chelsea Cutler,11,49,9,0.22448979591836735,0.1836734693877551
Rhye,11,49,4,0.22448979591836735,0.08163265306122448
TOTO,11,49,4,0.22448979591836735,0.08163265306122448
Jax Jones,13,58,7,0.22413793103448276,0.1206896551724138
Trilane,2,9,3,0.2222222222222222,0.3333333333333333
Funkadelic,2,9,2,0.2222222222222222,0.2222222222222222
Marc Joef,2,9,0,0.2222222222222222,0.0
AJ Salvatore,2,9,3,0.2222222222222222,0.3333333333333333
Midland,2,9,0,0.2222222222222222,0.0
Franky Wah,2,9,2,0.2222222222222222,0.2222222222222222
Freak Daddy,2,9,0,0.2222222222222222,0.0
Evan Craft,2,9,0,0.2222222222222222,0.0
Bénabar,2,9,0,0.2222222222222222,0.0
Curtis Harding,2,9,0,0.2222222222222222,0.0
Seven Lights,2,9,0,0.2222222222222222,0.0
Soccer Mommy,2,9,1,0.2222222222222222,0.1111111111111111
Smith & Thell,2,9,0,0.2222222222222222,0.0
Shim,2,9,0,0.2222222222222222,0.0
Flovry,2,9,1,0.2222222222222222,0.1111111111111111
Ñejo,12,54,2,0.2222222222222222,0.037037037037037035
竹内アンナ,2,9,0,0.2222222222222222,0.0
yaeow,2,9,1,0.2222222222222222,0.1111111111111111
Two Another,2,9,2,0.2222222222222222,0.2222222222222222
Boosie Badazz,2,9,0,0.2222222222222222,0.0
Soul For Real,8,36,3,0.2222222222222222,0.08333333333333333
Sam Collins,2,9,4,0.2222222222222222,0.4444444444444444
Sammy & Falsetto,2,9,0,0.2222222222222222,0.0
Cevlade,2,9,0,0.2222222222222222,0.0
AMAANDA,2,9,0,0.2222222222222222,0.0
Frans,4,18,3,0.2222222222222222,0.16666666666666666
The Foundations,2,9,1,0.2222222222222222,0.1111111111111111
Smoky,2,9,0,0.2222222222222222,0.0
Marcos Caixa,2,9,2,0.2222222222222222,0.2222222222222222
Tom Odell,2,9,6,0.2222222222222222,0.6666666666666666
Fergie,4,18,3,0.2222222222222222,0.16666666666666666
The Youngbloods,2,9,1,0.2222222222222222,0.1111111111111111
Billy Marchiafava,2,9,1,0.2222222222222222,0.1111111111111111
Hunidrack6,2,9,1,0.2222222222222222,0.1111111111111111
Robert Falcon,4,18,5,0.2222222222222222,0.2777777777777778
Hot Chocolate,2,9,0,0.2222222222222222,0.0
Chaxti,2,9,0,0.2222222222222222,0.0
Lush & Simon,2,9,1,0.2222222222222222,0.1111111111111111
Mr. WildFire,2,9,1,0.2222222222222222,0.1111111111111111
Homegrown Mafia,2,9,2,0.2222222222222222,0.2222222222222222
MALIYA,2,9,3,0.2222222222222222,0.3333333333333333
doVicente,2,9,4,0.2222222222222222,0.4444444444444444
Charlie Zaa,2,9,1,0.2222222222222222,0.1111111111111111
Henry Park,2,9,2,0.2222222222222222,0.2222222222222222
Vacación,4,18,4,0.2222222222222222,0.2222222222222222
Henkie T,6,27,1,0.2222222222222222,0.037037037037037035
Stephen Marley,2,9,1,0.2222222222222222,0.1111111111111111
Hazey Eyes,2,9,3,0.2222222222222222,0.3333333333333333
Rogers & Dean,2,9,1,0.2222222222222222,0.1111111111111111
Rocksteddy,2,9,1,0.2222222222222222,0.1111111111111111
Roger Hanson,2,9,0,0.2222222222222222,0.0
MAKJ,2,9,2,0.2222222222222222,0.2222222222222222
Splash,2,9,1,0.2222222222222222,0.1111111111111111
Twisted Sister,6,27,4,0.2222222222222222,0.14814814814814814
Tyler Shaw,2,9,5,0.2222222222222222,0.5555555555555556
Guru's Jazzmatazz,2,9,3,0.2222222222222222,0.3333333333333333
Groovestylerz,2,9,3,0.2222222222222222,0.3333333333333333
Gurjas Sidhu,2,9,1,0.2222222222222222,0.1111111111111111
UZ,4,18,2,0.2222222222222222,0.1111111111111111
Gyedu-Blay Ambolley,2,9,1,0.2222222222222222,0.1111111111111111
Bolier,10,45,7,0.2222222222222222,0.15555555555555556
H.I.N.P (Hot Issue of Ntl. Producers),2,9,1,0.2222222222222222,0.1111111111111111
Bob Welch,2,9,3,0.2222222222222222,0.3333333333333333
Tiro De Gracia,6,27,8,0.2222222222222222,0.2962962962962963
Emilie Autumn,2,9,1,0.2222222222222222,0.1111111111111111
Sonic Mayhem,2,9,1,0.2222222222222222,0.1111111111111111
Sancii,2,9,0,0.2222222222222222,0.0
Miguel Reyes,2,9,1,0.2222222222222222,0.1111111111111111
The Devil and the Almighty Blues,2,9,3,0.2222222222222222,0.3333333333333333
BRAN,2,9,0,0.2222222222222222,0.0
BVDGE,2,9,2,0.2222222222222222,0.2222222222222222
Alaina Castillo,2,9,0,0.2222222222222222,0.0
Lone Tusker,2,9,4,0.2222222222222222,0.4444444444444444
Sébastien Tellier,2,9,1,0.2222222222222222,0.1111111111111111
Josef Salvat,2,9,0,0.2222222222222222,0.0
Bad English,2,9,0,0.2222222222222222,0.0
Agents Of Time,2,9,1,0.2222222222222222,0.1111111111111111
N + I,2,9,1,0.2222222222222222,0.1111111111111111
N-Chased,2,9,0,0.2222222222222222,0.0
John Butler Trio,2,9,0,0.2222222222222222,0.0
Baby Rasta,2,9,1,0.2222222222222222,0.1111111111111111
The Undertones,2,9,0,0.2222222222222222,0.0
Jane Child,2,9,2,0.2222222222222222,0.2222222222222222
Jazmine Sullivan,2,9,2,0.2222222222222222,0.2222222222222222
Jerome Thomas,2,9,1,0.2222222222222222,0.1111111111111111
NCT,2,9,1,0.2222222222222222,0.1111111111111111
Jeanway,2,9,0,0.2222222222222222,0.0
James,2,9,1,0.2222222222222222,0.1111111111111111
Strath,2,9,1,0.2222222222222222,0.1111111111111111
The Blue Jean Committee,2,9,1,0.2222222222222222,0.1111111111111111
Villamizar,2,9,4,0.2222222222222222,0.4444444444444444
Afro B,2,9,0,0.2222222222222222,0.0
chief.,6,27,5,0.2222222222222222,0.18518518518518517
It's Philip Marlon,2,9,0,0.2222222222222222,0.0
Irama,4,18,0,0.2222222222222222,0.0
TRU,2,9,5,0.2222222222222222,0.5555555555555556
Aruhtra,2,9,4,0.2222222222222222,0.4444444444444444
Asking Alexandria,4,18,2,0.2222222222222222,0.1111111111111111
Pat Michaels,2,9,0,0.2222222222222222,0.0
DORJ,2,9,1,0.2222222222222222,0.1111111111111111
Nafe Smallz,2,9,2,0.2222222222222222,0.2222222222222222
Alejandro Gonzalez,2,9,4,0.2222222222222222,0.4444444444444444
Loge21,2,9,0,0.2222222222222222,0.0
Devin Morrison,2,9,2,0.2222222222222222,0.2222222222222222
Dez Money,2,9,1,0.2222222222222222,0.1111111111111111
Nate VanDeusen,4,18,0,0.2222222222222222,0.0
Paul Haig,2,9,2,0.2222222222222222,0.2222222222222222
Paulo & Verde,2,9,0,0.2222222222222222,0.0
Diamond la Mafia,4,18,0,0.2222222222222222,0.0
Julian Jeweil,4,18,4,0.2222222222222222,0.2222222222222222
K/DA,2,9,1,0.2222222222222222,0.1111111111111111
Jon Magnusson,2,9,0,0.2222222222222222,0.0
Pitchback,6,27,3,0.2222222222222222,0.1111111111111111
Jozels,2,9,1,0.2222222222222222,0.1111111111111111
Juan Luis Guerra 4.40,18,81,6,0.2222222222222222,0.07407407407407407
Alex Da Kid,2,9,0,0.2222222222222222,0.0
Kozypop,2,9,1,0.2222222222222222,0.1111111111111111
Animist,2,9,0,0.2222222222222222,0.0
Oomp Camp,2,9,1,0.2222222222222222,0.1111111111111111
Omy Alka,2,9,1,0.2222222222222222,0.1111111111111111
Delayde,2,9,2,0.2222222222222222,0.2222222222222222
Opi the Hit Machine,2,9,0,0.2222222222222222,0.0
Apparel Wax,2,9,0,0.2222222222222222,0.0
Lionel Ferro,2,9,1,0.2222222222222222,0.1111111111111111
Anything Box,4,18,2,0.2222222222222222,0.1111111111111111
Otis Redding,2,9,0,0.2222222222222222,0.0
Cilver,2,9,0,0.2222222222222222,0.0
LOLO,2,9,1,0.2222222222222222,0.1111111111111111
OTR,2,9,0,0.2222222222222222,0.0
LAIKIPIA,2,9,1,0.2222222222222222,0.1111111111111111
Young Nudy,2,9,0,0.2222222222222222,0.0
Deborah's Child,2,9,0,0.2222222222222222,0.0
Kubi Producent,4,18,4,0.2222222222222222,0.2222222222222222
Angelic Upstarts,2,9,1,0.2222222222222222,0.1111111111111111
Nestor En Bloque,2,9,1,0.2222222222222222,0.1111111111111111
De Frank Professionals,2,9,2,0.2222222222222222,0.2222222222222222
Yuri Buenaventura,2,9,1,0.2222222222222222,0.1111111111111111
Ali Masare,2,9,2,0.2222222222222222,0.2222222222222222
Lianne La Havas,6,27,3,0.2222222222222222,0.1111111111111111
The Love Doctor,2,9,2,0.2222222222222222,0.2222222222222222
The Lumineers,2,9,4,0.2222222222222222,0.4444444444444444
Tayl G,2,9,2,0.2222222222222222,0.2222222222222222
Dave Darell,2,9,0,0.2222222222222222,0.0
Teddy Chisi,2,9,3,0.2222222222222222,0.3333333333333333
Alx Veliz,2,9,2,0.2222222222222222,0.2222222222222222
Tessa Kaye,2,9,1,0.2222222222222222,0.1111111111111111
Like Machines,2,9,0,0.2222222222222222,0.0
Zeus,2,9,3,0.2222222222222222,0.3333333333333333
Zee Krayski,2,9,2,0.2222222222222222,0.2222222222222222
Niels Van Gogh,2,9,1,0.2222222222222222,0.1111111111111111
Nixon Joseph,2,9,0,0.2222222222222222,0.0
Mavado,2,9,1,0.2222222222222222,0.1111111111111111
The Kinks,12,54,5,0.2222222222222222,0.09259259259259259
FMLYBND,2,9,1,0.2222222222222222,0.1111111111111111
Skarleth,2,9,1,0.2222222222222222,0.1111111111111111
Merzo,2,9,0,0.2222222222222222,0.0
Sjowgren,2,9,0,0.2222222222222222,0.0
María León,2,9,1,0.2222222222222222,0.1111111111111111
Mat Zo,2,9,2,0.2222222222222222,0.2222222222222222
Rapsody,11,50,13,0.22,0.26
David Bisbal,11,50,9,0.22,0.18
James Arthur,20,91,14,0.21978021978021978,0.15384615384615385
Swingrowers,9,41,12,0.21951219512195122,0.2926829268292683
Chicago,9,41,4,0.21951219512195122,0.0975609756097561
Alejandro Sanz,9,41,3,0.21951219512195122,0.07317073170731707
Radiohead,23,105,15,0.21904761904761905,0.14285714285714285
Missy Elliott,7,32,2,0.21875,0.0625
Gui Brazil,12,55,9,0.21818181818181817,0.16363636363636364
Dave Knud,5,23,3,0.21739130434782608,0.13043478260869565
Joan Jett & The Blackhearts,5,23,5,0.21739130434782608,0.21739130434782608
Nik $ix,5,23,3,0.21739130434782608,0.13043478260869565
Jamie xx,5,23,1,0.21739130434782608,0.043478260869565216
Reyer,10,46,4,0.21739130434782608,0.08695652173913043
Audioslave,5,23,5,0.21739130434782608,0.21739130434782608
C. Tangana,10,46,2,0.21739130434782608,0.043478260869565216
NF,5,23,4,0.21739130434782608,0.17391304347826086
Gunship,5,23,7,0.21739130434782608,0.30434782608695654
Belanova,13,60,3,0.21666666666666667,0.05
Haze,8,37,6,0.21621621621621623,0.16216216216216217
Derek & The Dominos,11,51,4,0.21568627450980393,0.0784313725490196
Lostboycrow,6,28,4,0.21428571428571427,0.14285714285714285
Benjamin Hav,3,14,3,0.21428571428571427,0.21428571428571427
Drakeo the Ruler,3,14,3,0.21428571428571427,0.21428571428571427
Eclipse,3,14,2,0.21428571428571427,0.14285714285714285
Giaime,6,28,4,0.21428571428571427,0.14285714285714285
Mr Mantega,3,14,2,0.21428571428571427,0.14285714285714285
jrd.,3,14,1,0.21428571428571427,0.07142857142857142
BTNG,3,14,3,0.21428571428571427,0.21428571428571427
Dave,9,42,5,0.21428571428571427,0.11904761904761904
Jenaux,3,14,3,0.21428571428571427,0.21428571428571427
Born Dirty,3,14,2,0.21428571428571427,0.14285714285714285
Charlee Remitz,3,14,2,0.21428571428571427,0.14285714285714285
THE WLDLFE,3,14,1,0.21428571428571427,0.07142857142857142
Murda,3,14,3,0.21428571428571427,0.21428571428571427
War,3,14,3,0.21428571428571427,0.21428571428571427
Beny Moré,3,14,1,0.21428571428571427,0.07142857142857142
CHUNG HA,3,14,1,0.21428571428571427,0.07142857142857142
EMMA WAHLIN,3,14,3,0.21428571428571427,0.21428571428571427
Gallant,3,14,4,0.21428571428571427,0.2857142857142857
Gazzelle,3,14,1,0.21428571428571427,0.07142857142857142
Group Home,3,14,2,0.21428571428571427,0.14285714285714285
Avenza,3,14,2,0.21428571428571427,0.14285714285714285
Panski,3,14,1,0.21428571428571427,0.07142857142857142
Dubdogz,6,28,6,0.21428571428571427,0.21428571428571427
Grand Puba,3,14,2,0.21428571428571427,0.14285714285714285
Monkey Majik,3,14,2,0.21428571428571427,0.14285714285714285
Zeamsone,3,14,2,0.21428571428571427,0.14285714285714285
Luciano,3,14,2,0.21428571428571427,0.14285714285714285
Marlena Shaw,3,14,3,0.21428571428571427,0.21428571428571427
Nicolette Larson,3,14,2,0.21428571428571427,0.14285714285714285
Michael Cooper,3,14,0,0.21428571428571427,0.0
Armand Van Helden,3,14,0,0.21428571428571427,0.0
Carlos Rivera,3,14,2,0.21428571428571427,0.14285714285714285
Coeo,3,14,4,0.21428571428571427,0.2857142857142857
Max Lean,6,28,3,0.21428571428571427,0.10714285714285714
Jehro,3,14,5,0.21428571428571427,0.35714285714285715
The Stone Roses,3,14,0,0.21428571428571427,0.0
Lukas Graham,3,14,1,0.21428571428571427,0.07142857142857142
Lil Jon,10,47,9,0.2127659574468085,0.19148936170212766
Сережа Местный,7,33,3,0.21212121212121213,0.09090909090909091
Jack Ü,7,33,4,0.21212121212121213,0.12121212121212122
Grand Funk Railroad,7,33,6,0.21212121212121213,0.18181818181818182
Alex Soto,4,19,2,0.21052631578947367,0.10526315789473684
SwuM,4,19,1,0.21052631578947367,0.05263157894736842
Liquid Soul,4,19,1,0.21052631578947367,0.05263157894736842
JACKBOYS,4,19,2,0.21052631578947367,0.10526315789473684
Regard,4,19,3,0.21052631578947367,0.15789473684210525
Bon Iver,4,19,1,0.21052631578947367,0.05263157894736842
Quin Nfn,4,19,1,0.21052631578947367,0.05263157894736842
Adrianne Archie,8,38,9,0.21052631578947367,0.23684210526315788
Bipo Montana,4,19,2,0.21052631578947367,0.10526315789473684
Llewellyn,4,19,1,0.21052631578947367,0.05263157894736842
Just A Gent,4,19,4,0.21052631578947367,0.21052631578947367
The B-52's,4,19,3,0.21052631578947367,0.15789473684210525
Michelle Branch,4,19,2,0.21052631578947367,0.10526315789473684
Otto Knows,4,19,3,0.21052631578947367,0.15789473684210525
Berlin,4,19,3,0.21052631578947367,0.15789473684210525
Big L,12,57,9,0.21052631578947367,0.15789473684210525
Duchess,4,19,0,0.21052631578947367,0.0
Jinco,4,19,5,0.21052631578947367,0.2631578947368421
Santa Fe Klan,4,19,3,0.21052631578947367,0.15789473684210525
Anne-Marie,4,19,2,0.21052631578947367,0.10526315789473684
Drowning Pool,4,19,5,0.21052631578947367,0.2631578947368421
Bachman-Turner Overdrive,4,19,3,0.21052631578947367,0.15789473684210525
WVLNGTH,4,19,3,0.21052631578947367,0.15789473684210525
Party Favor,17,81,8,0.20987654320987653,0.09876543209876543
Aventura,9,43,9,0.20930232558139536,0.20930232558139536
Oatmello,5,24,2,0.20833333333333334,0.08333333333333333
Jidenna,5,24,7,0.20833333333333334,0.2916666666666667
Jon Bellion,5,24,7,0.20833333333333334,0.2916666666666667
Dean Lewis,5,24,4,0.20833333333333334,0.16666666666666666
Noname,6,29,2,0.20689655172413793,0.06896551724137931
Soda Stereo,30,145,18,0.20689655172413793,0.12413793103448276
Whitney Houston,21,102,15,0.20588235294117646,0.14705882352941177
Dannic,14,68,11,0.20588235294117646,0.16176470588235295
Dan + Shay,7,34,3,0.20588235294117646,0.08823529411764706
Mauve,7,34,5,0.20588235294117646,0.14705882352941177
Lalo Ebratt,8,39,4,0.20512820512820512,0.10256410256410256
Mike Candys,9,44,9,0.20454545454545456,0.20454545454545456
Little Mix,11,54,6,0.2037037037037037,0.1111111111111111
Simple Minds,11,54,13,0.2037037037037037,0.24074074074074073
Joey Montana,11,54,5,0.2037037037037037,0.09259259259259259
Ellie Goulding,30,148,20,0.20270270270270271,0.13513513513513514
Johnny Gill,16,79,11,0.20253164556962025,0.13924050632911392
Ice Cube,32,158,19,0.20253164556962025,0.12025316455696203
Soundspretty,1,5,0,0.2,0.0
Sounds Of Blackness,4,20,3,0.2,0.15
Sovieti,2,10,0,0.2,0.0
Glass Petals,2,10,2,0.2,0.2
Rammstein,3,15,3,0.2,0.2
Bebe,1,5,0,0.2,0.0
Ben Folds Five,1,5,0,0.2,0.0
Viviana Edera,1,5,0,0.2,0.0
Jac Ross,1,5,0,0.2,0.0
Jah Khalib,1,5,3,0.2,0.6
Elissa,1,5,0,0.2,0.0
Spencer & Hill,7,35,3,0.2,0.08571428571428572
Dream Easy Collective,2,10,0,0.2,0.0
Gorilla Zoe,1,5,0,0.2,0.0
James Fortune,1,5,2,0.2,0.4
James Vincent McMorrow,2,10,1,0.2,0.1
RUANN,1,5,1,0.2,0.2
WAPLAN,1,5,0,0.2,0.0
Sahar Z,2,10,1,0.2,0.1
Sad Eye,1,5,2,0.2,0.4
Tigerlily,1,5,1,0.2,0.2
Spanish F.L.Y.,2,10,0,0.2,0.0
Celo & Abdi,3,15,1,0.2,0.06666666666666667
Lu & Sowlmate,1,5,1,0.2,0.2
Donatello,1,5,1,0.2,0.2
SamuW,2,10,2,0.2,0.2
Tungevaag,3,15,5,0.2,0.3333333333333333
Salvatore Ganacci,1,5,2,0.2,0.4
Ghetto Phénomène,2,10,2,0.2,0.2
Chris Isaak,2,10,3,0.2,0.3
Jeremy Passion,2,10,2,0.2,0.2
Profetas,1,5,0,0.2,0.0
Jitwam,1,5,0,0.2,0.0
Prince Ital Joe,1,5,1,0.2,0.2
Where The Man,1,5,0,0.2,0.0
Chris Beer,1,5,0,0.2,0.0
Domastic,1,5,2,0.2,0.4
BreakdeX,1,5,1,0.2,0.2
Jenny Owen Youngs,1,5,2,0.2,0.4
Jennifer Touch,1,5,0,0.2,0.0
gugudan,1,5,0,0.2,0.0
jamesjamesjames,1,5,1,0.2,0.2
ilasan,1,5,1,0.2,0.2
Mal V Moo,2,10,2,0.2,0.2
Tina Turner,1,5,0,0.2,0.0
Samuelle,1,5,1,0.2,0.2
Joachim Pastor,4,20,4,0.2,0.2
Pouya,6,30,4,0.2,0.13333333333333333
Joe Corfield,1,5,1,0.2,0.2
The Smen,1,5,0,0.2,0.0
Doble Porcion,2,10,3,0.2,0.3
Chris Keys,2,10,3,0.2,0.3
Doje,1,5,0,0.2,0.0
James Lewis,1,5,1,0.2,0.2
Jan Hammer,1,5,0,0.2,0.0
RMA,1,5,0,0.2,0.0
Suicide Commando,1,5,0,0.2,0.0
Chill Cole,2,10,2,0.2,0.2
WIU,2,10,0,0.2,0.0
Barcode Brothers,2,10,0,0.2,0.0
Wade B,1,5,0,0.2,0.0
The Used,2,10,0,0.2,0.0
Jadiel el Incomparable,1,5,1,0.2,0.2
Jade Key,2,10,1,0.2,0.1
Emblem3,1,5,0,0.2,0.0
Caza,1,5,0,0.2,0.0
Caverinha,1,5,2,0.2,0.4
Aitana,4,20,4,0.2,0.2
Giggles,2,10,1,0.2,0.1
Breadwinna Gdawg,1,5,1,0.2,0.2
Doris Lavin,1,5,1,0.2,0.2
Sunministers,2,10,1,0.2,0.1
Jay Rose,1,5,1,0.2,0.2
Jay Kalyl,2,10,1,0.2,0.1
Watsky,1,5,1,0.2,0.2
Quizzow,1,5,1,0.2,0.2
Jazz Liberatorz,1,5,0,0.2,0.0
Qubicon,1,5,0,0.2,0.0
NIHILS,1,5,0,0.2,0.0
NDR8,2,10,1,0.2,0.1
bad nelson,2,10,1,0.2,0.1
Ajebutter22,1,5,1,0.2,0.2
Aivarask,3,15,0,0.2,0.0
Gilberto Santa Rosa,1,5,1,0.2,0.2
Henri Purnell,2,10,2,0.2,0.2
Rocko y Blasty,1,5,0,0.2,0.0
Hidinin,1,5,1,0.2,0.2
Eddie Khae,2,10,1,0.2,0.1
Hilera,1,5,0,0.2,0.0
Highly Suspect,2,10,4,0.2,0.4
Roberto Bates,1,5,0,0.2,0.0
Egypt Central,2,10,1,0.2,0.1
Steel Panther,1,5,1,0.2,0.2
M-3ox,2,10,3,0.2,0.3
Hollywood Undead,5,25,4,0.2,0.16
Hollywood Rose,1,5,0,0.2,0.0
Holden Redd,1,5,2,0.2,0.4
RobGz,1,5,0,0.2,0.0
Rob Tirea,1,5,0,0.2,0.0
Dust Collectors,2,10,1,0.2,0.1
Vaski,1,5,1,0.2,0.2
Howiewonder,1,5,0,0.2,0.0
Rupert Holmes,1,5,1,0.2,0.2
Ruby Velle & The Soulphonics,1,5,1,0.2,0.2
Bohemia,1,5,2,0.2,0.4
Boh Doran,1,5,0,0.2,0.0
Bogenhausen,3,15,4,0.2,0.26666666666666666
Gucci Crew II,1,5,1,0.2,0.2
BonRen,1,5,1,0.2,0.2
Starjack,2,10,1,0.2,0.1
Elements of Music,1,5,0,0.2,0.0
Three Dog Night,2,10,2,0.2,0.2
Thomas Wescott,2,10,0,0.2,0.0
Steve Hartz,2,10,0,0.2,0.0
Charlotte Rose Benjamin,1,5,1,0.2,0.2
Honeymoon Suite,2,10,1,0.2,0.1
Fedde Le Grand,4,20,3,0.2,0.15
Calle Ciega,1,5,0,0.2,0.0
Tonasia,1,5,0,0.2,0.0
Silentó,1,5,1,0.2,0.2
Leonell Cassio,1,5,0,0.2,0.0
The Kicks,1,5,1,0.2,0.2
Max Vangeli,1,5,0,0.2,0.0
FUNKYBEAT,2,10,0,0.2,0.0
Fakear,1,5,1,0.2,0.2
Skip Mahoney,1,5,0,0.2,0.0
Tommy James & The Shondells,2,10,1,0.2,0.1
FG Famous,1,5,1,0.2,0.2
Tom Redwood,1,5,2,0.2,0.4
M4gna,2,10,1,0.2,0.1
Adexe & Nau,1,5,0,0.2,0.0
Blood Orange,1,5,1,0.2,0.2
MC L da Vinte,2,10,3,0.2,0.3
dodie,8,40,5,0.2,0.125
MoodBlast,2,10,1,0.2,0.1
Monterosso,1,5,0,0.2,0.0
MOONZz,2,10,2,0.2,0.2
Marta Martorell,1,5,2,0.2,0.4
20syl,1,5,0,0.2,0.0
Matt Reynolds,1,5,2,0.2,0.4
Maverick Sabre,1,5,1,0.2,0.2
Camouflage,2,10,0,0.2,0.0
"Bobby ""Blue"" Bland",3,15,2,0.2,0.13333333333333333
This Mortal Coil,1,5,1,0.2,0.2
Havelock,1,5,1,0.2,0.2
Charles Wright & The Watts 103rd Street Rhythm Band,1,5,2,0.2,0.4
Vale Lambo,1,5,1,0.2,0.2
Morello Twins,2,10,0,0.2,0.0
Cheka,2,10,3,0.2,0.3
Irvine,1,5,1,0.2,0.2
Berbal La 4 Verde,2,10,2,0.2,0.2
Grendel,1,5,0,0.2,0.0
Guayacán Orquesta,3,15,3,0.2,0.2
DED STARK,2,10,0,0.2,0.0
DED,1,5,1,0.2,0.2
Moksi,3,15,0,0.2,0.0
DJ Jean,2,10,0,0.2,0.0
DJ PIGER,3,15,5,0.2,0.3333333333333333
Cory Chisel and the Wandering Sons,1,5,1,0.2,0.2
Stinzo Bucks,1,5,1,0.2,0.2
Chris Kelly,1,5,1,0.2,0.2
Dusky,3,15,0,0.2,0.0
Duskus,1,5,0,0.2,0.0
Mr. Criminal,2,10,2,0.2,0.2
Vinsand,2,10,0,0.2,0.0
J. Loree,3,15,2,0.2,0.13333333333333333
JEANS,3,15,2,0.2,0.13333333333333333
SGE Kash,2,10,1,0.2,0.1
SEU Worship,1,5,4,0.2,0.8
Gramatik,1,5,0,0.2,0.0
Grandmaster Flash & The Furious Five,1,5,2,0.2,0.4
Bora,1,5,1,0.2,0.2
Té de Brujas,2,10,4,0.2,0.4
Stormerz,1,5,2,0.2,0.4
Lucius P. Thundercat,1,5,0,0.2,0.0
Luke Robert White,2,10,0,0.2,0.0
Muttonheads,2,10,1,0.2,0.1
The Brothers Johnson,3,15,3,0.2,0.2
Violadores Del Verso,1,5,1,0.2,0.2
Rayko,1,5,2,0.2,0.4
Adrian Lux,1,5,0,0.2,0.0
M.C. Azad,1,5,1,0.2,0.2
Righteous Vendetta,1,5,0,0.2,0.0
Billy Soul Bonds,1,5,1,0.2,0.2
Vicetone vs Nico Vega,1,5,0,0.2,0.0
Rick Wade,1,5,1,0.2,0.2
Rick James,1,5,2,0.2,0.4
Vidojean X Oliver Loenn,1,5,0,0.2,0.0
ERIMAJ,2,10,1,0.2,0.1
ENCR,1,5,1,0.2,0.2
ELHAE,1,5,0,0.2,0.0
EKO,1,5,3,0.2,0.6
Miranda!,1,5,1,0.2,0.2
Minutemen,2,10,0,0.2,0.0
Guri,1,5,1,0.2,0.2
Chencho Corleone,1,5,2,0.2,0.4
general base,1,5,1,0.2,0.2
Mista Grimm,1,5,1,0.2,0.2
The Great Divide,1,5,0,0.2,0.0
Iceleak,1,5,0,0.2,0.0
Big Moe featuring Z-Ro,1,5,2,0.2,0.4
Residente,1,5,1,0.2,0.2
Ilkay Sencan,1,5,2,0.2,0.4
Ignasi Vidal,1,5,1,0.2,0.2
Bibio,1,5,1,0.2,0.2
DJ Bam Bam,1,5,0,0.2,0.0
Reggio,3,15,0,0.2,0.0
Regal,1,5,0,0.2,0.0
Refugee Camp All-Stars,1,5,1,0.2,0.2
Dyland & Lenny,2,10,0,0.2,0.0
Dylan Brady,1,5,0,0.2,0.0
Mack 10,4,20,3,0.2,0.15
Lilac,1,5,1,0.2,0.2
Nevada,1,5,1,0.2,0.2
New Kids On The Block,3,15,4,0.2,0.26666666666666666
David Sanborn,1,5,1,0.2,0.2
Davina Leone,1,5,0,0.2,0.0
Toño Rosario,1,5,0,0.2,0.0
CASP:R,3,15,2,0.2,0.13333333333333333
Los Tucanes De Tijuana,1,5,1,0.2,0.2
Tiësto & Showtek,1,5,1,0.2,0.2
Sofi Tukker,4,20,0,0.2,0.0
Sexton,2,10,1,0.2,0.1
Fra Lippo Lippi,4,20,1,0.2,0.05
Sfera Ebbasta,2,10,0,0.2,0.0
Dawn Landes,1,5,0,0.2,0.0
Yola,1,5,1,0.2,0.2
York Worship,1,5,1,0.2,0.2
Tito Nieves,2,10,3,0.2,0.3
Shinehead,1,5,1,0.2,0.2
Floetry,4,20,3,0.2,0.15
Floor Bangas,1,5,0,0.2,0.0
YudaSibu,1,5,1,0.2,0.2
LYRA,2,10,1,0.2,0.1
LZ7,1,5,1,0.2,0.2
The Lizards,1,5,0,0.2,0.0
Neon Indian,3,15,1,0.2,0.06666666666666667
LESKY,1,5,1,0.2,0.2
LEVR,1,5,0,0.2,0.0
Young Guns,2,10,0,0.2,0.0
Young Martino,1,5,3,0.2,0.6
The 5th Dimension,2,10,1,0.2,0.1
Zof Ziro,1,5,1,0.2,0.2
Zotiyac,2,10,2,0.2,0.2
Neo Pistea,5,25,6,0.2,0.24
O.S.T.R.,1,5,1,0.2,0.2
Frank Walker,3,15,2,0.2,0.13333333333333333
FrankJavCee,1,5,0,0.2,0.0
Dennis DJ,11,55,4,0.2,0.07272727272727272
Taco,1,5,2,0.2,0.4
Ozo,1,5,2,0.2,0.4
Nath Jennings,2,10,1,0.2,0.1
Nazar,1,5,1,0.2,0.2
Angelov,1,5,1,0.2,0.2
Alborn,2,10,1,0.2,0.1
Ne-Yo,11,55,2,0.2,0.03636363636363636
Little Giants,1,5,2,0.2,0.4
Connie,1,5,1,0.2,0.2
Appyday,1,5,0,0.2,0.0
One Self,1,5,1,0.2,0.2
Marc E. Bassy,3,15,1,0.2,0.06666666666666667
Manuel Carrasco,1,5,1,0.2,0.2
Alessandra Amoroso,2,10,0,0.2,0.0
Yotuel,1,5,0,0.2,0.0
Krawk,3,15,1,0.2,0.06666666666666667
Old Man Markley,1,5,1,0.2,0.2
Animate Objects,1,5,0,0.2,0.0
Olly Murs,5,25,3,0.2,0.12
Dear Silas,1,5,0,0.2,0.0
Klone Ambition,1,5,1,0.2,0.2
French Braids,2,10,0,0.2,0.0
Antoine Malye,1,5,2,0.2,0.4
Oobie,1,5,2,0.2,0.4
King Princess,1,5,0,0.2,0.0
Oscar Barila,1,5,2,0.2,0.4
Oscar House,2,10,0,0.2,0.0
Sofia Tornambene,1,5,1,0.2,0.2
Soft Cell,7,35,6,0.2,0.17142857142857143
Burton Cummings,2,10,0,0.2,0.0
Kix,2,10,0,0.2,0.0
Tela,2,10,1,0.2,0.1
Zambonini,1,5,1,0.2,0.2
The Exits,2,10,0,0.2,0.0
Marcus Miller,1,5,0,0.2,0.0
Michael Moawad,1,5,0,0.2,0.0
Charlotte Dos Santos,1,5,1,0.2,0.2
CRUISR,3,15,2,0.2,0.13333333333333333
Fly Ty,2,10,2,0.2,0.2
Calcutta,1,5,0,0.2,0.0
Todd Terje,3,15,2,0.2,0.13333333333333333
Alpharock,2,10,0,0.2,0.0
Layto,2,10,0,0.2,0.0
Nine Inch Nails,1,5,0,0.2,0.0
Nino Khayyam,2,10,0,0.2,0.0
Nino Man,1,5,1,0.2,0.2
Laura Pieri,1,5,1,0.2,0.2
Ffion,1,5,0,0.2,0.0
Martin Fritzon,1,5,1,0.2,0.2
the engy,1,5,0,0.2,0.0
ufo ufo,2,10,1,0.2,0.1
Mc Tha,2,10,0,0.2,0.0
Mellow Man Ace,1,5,1,0.2,0.2
Maskarade,1,5,0,0.2,0.0
slenderbodies,2,10,2,0.2,0.2
Danna Paola,3,15,1,0.2,0.06666666666666667
Ezra Collective,1,5,1,0.2,0.2
Extreme,2,10,3,0.2,0.3
D-Block Europe,4,20,2,0.2,0.1
Camishe,1,5,1,0.2,0.2
Zaytoven,1,5,0,0.2,0.0
Zaia,1,5,1,0.2,0.2
Tedeschi Trucks Band,1,5,1,0.2,0.2
Teen Beach Movie Cast,1,5,0,0.2,0.0
7apes,3,15,3,0.2,0.2
Tony Romera,3,15,1,0.2,0.06666666666666667
You in Mind,2,10,0,0.2,0.0
The Northmen,2,10,2,0.2,0.2
Teal Sky,1,5,0,0.2,0.0
Teamworx,1,5,3,0.2,0.6
Noréll,1,5,1,0.2,0.2
La Fuente,1,5,3,0.2,0.6
Darkoo,2,10,0,0.2,0.0
Young Sicc,1,5,0,0.2,0.0
Amtrac,3,15,1,0.2,0.06666666666666667
Taura,1,5,2,0.2,0.4
Dave Garnier,1,5,0,0.2,0.0
David Archuleta,1,5,0,0.2,0.0
The Kooks,10,50,4,0.2,0.08
She & Him,2,10,1,0.2,0.1
Flug,1,5,2,0.2,0.4
La Santa Grifa,4,20,1,0.2,0.05
Danny Romero,1,5,0,0.2,0.0
Technotronic,2,10,0,0.2,0.0
Niykee Heaton,1,5,0,0.2,0.0
Letra J,1,5,0,0.2,0.0
Yung Joc,2,10,2,0.2,0.2
Yung Scuff,1,5,0,0.2,0.0
Terrence Parker,1,5,0,0.2,0.0
ShockOne,2,10,1,0.2,0.1
Lil Chainz,2,10,0,0.2,0.0
Lianna,2,10,0,0.2,0.0
Levi Belle,2,10,0,0.2,0.0
Colin Cooper,3,15,1,0.2,0.06666666666666667
Flor de Toloache,2,10,1,0.2,0.1
Florian Picasso,3,15,1,0.2,0.06666666666666667
Carola Jasmins,1,5,0,0.2,0.0
Tory Lanez,12,60,10,0.2,0.16666666666666666
Damien N-Drix,1,5,1,0.2,0.2
Awich,1,5,0,0.2,0.0
Austin P. McKenzie,2,10,1,0.2,0.1
Joyner Lucas,6,30,5,0.2,0.16666666666666666
Jr. Wellness,2,10,0,0.2,0.0
B0nds,3,15,0,0.2,0.0
Gear 2nd,1,5,0,0.2,0.0
Geek Boy,3,15,1,0.2,0.06666666666666667
AGNEZ MO,1,5,1,0.2,0.2
Santana,7,35,6,0.2,0.17142857142857143
Axel Johansson,1,5,1,0.2,0.2
Winning Team,1,5,2,0.2,0.4
Christian Nava,2,10,1,0.2,0.1
The Second I,1,5,1,0.2,0.2
Joseph Crawford,1,5,0,0.2,0.0
Josh Thompson,1,5,0,0.2,0.0
Philip,1,5,0,0.2,0.0
Bronski Beat,2,10,0,0.2,0.0
Brotherhood Creed,4,20,2,0.2,0.1
Soly,1,5,0,0.2,0.0
Sonder,1,5,2,0.2,0.4
Sonic Snares,2,10,1,0.2,0.1
Sonny Wharton,3,15,1,0.2,0.06666666666666667
Catching Flies,4,20,1,0.2,0.05
Bruno Mars,27,135,15,0.2,0.1111111111111111
Wishbone Ash,3,15,2,0.2,0.13333333333333333
Audrey,1,5,1,0.2,0.2
Auralist,1,5,3,0.2,0.6
Payman,1,5,0,0.2,0.0
Peaches & Herb,1,5,0,0.2,0.0
Diego & Arnaldo,1,5,0,0.2,0.0
TAEMIN,3,15,2,0.2,0.13333333333333333
Perfume Genius,3,15,1,0.2,0.06666666666666667
Julien Doré,1,5,1,0.2,0.2
KDL,1,5,2,0.2,0.4
Loonie,1,5,1,0.2,0.2
T-Bone,1,5,1,0.2,0.2
T-Pain,8,40,10,0.2,0.25
Wild Party,4,20,3,0.2,0.15
ATRIP,1,5,1,0.2,0.2
Millenium,2,10,0,0.2,0.0
Mint Condition,10,50,3,0.2,0.06
BIMONTE,1,5,1,0.2,0.2
Emily Vaughn,4,20,1,0.2,0.05
Tim van Werd,1,5,2,0.2,0.4
Joniel El Lethal,1,5,1,0.2,0.2
Joolz,1,5,1,0.2,0.2
Johnny Pacheco,1,5,0,0.2,0.0
BIR,1,5,0,0.2,0.0
BLACHA,4,20,1,0.2,0.05
BLR,1,5,1,0.2,0.2
Sophie Ellis-Bextor,2,10,2,0.2,0.2
Winati,1,5,0,0.2,0.0
Azerkd,1,5,0,0.2,0.0
B-Movie,2,10,2,0.2,0.2
Jordan Solomon,1,5,2,0.2,0.4
Pelago,1,5,1,0.2,0.2
Junk Fujiyama,1,5,0,0.2,0.0
People Under The Stairs,4,20,3,0.2,0.15
NR:TN,1,5,2,0.2,0.4
Pochin Mirkin,1,5,0,0.2,0.0
DROP,1,5,2,0.2,0.4
The Bellamy Brothers,2,10,2,0.2,0.2
NOLAN,2,10,5,0.2,0.5
Los Auténticos Decadentes,1,5,0,0.2,0.0
luvwn,1,5,1,0.2,0.2
NONSENSE,1,5,0,0.2,0.0
Alabama Shakes,1,5,1,0.2,0.2
Jome,1,5,0,0.2,0.0
Artifacts,3,15,1,0.2,0.06666666666666667
Demarkus Lewis,1,5,1,0.2,0.2
Demuja,2,10,0,0.2,0.0
Arlo Parks,1,5,0,0.2,0.0
Scooped Up!,1,5,0,0.2,0.0
Tres Coronas,3,15,2,0.2,0.13333333333333333
Cyberbully Mom Club,1,5,0,0.2,0.0
Gary Wright,3,15,2,0.2,0.13333333333333333
Equalisation,1,5,0,0.2,0.0
GARZI,1,5,0,0.2,0.0
GFRIEND,1,5,1,0.2,0.2
GOT7,3,15,3,0.2,0.2
Sauti Sol,1,5,0,0.2,0.0
Kav Verhouzer,3,15,1,0.2,0.06666666666666667
Kat Krazy,3,15,2,0.2,0.13333333333333333
Katalyst,1,5,0,0.2,0.0
The Erised,1,5,1,0.2,0.2
Mickey Cho,1,5,2,0.2,0.4
Middle Class Richkids,1,5,1,0.2,0.2
Oskah,2,10,1,0.2,0.1
Kiiara,3,15,1,0.2,0.06666666666666667
Kid Bloom,2,10,1,0.2,0.1
Kid Kasino,1,5,1,0.2,0.2
YBN Almighty Jay,1,5,0,0.2,0.0
PNL,1,5,0,0.2,0.0
YULTRON,1,5,2,0.2,0.4
The Red Jumpsuit Apparatus,1,5,2,0.2,0.4
The Replacements,1,5,2,0.2,0.4
Ashley O,1,5,2,0.2,0.4
Kevin Gates,4,20,0,0.2,0.0
Kevin Johansen,1,5,0,0.2,0.0
Kevin Lyttle,2,10,1,0.2,0.1
PJ Harvey,6,30,5,0.2,0.16666666666666666
Aquagirl,1,5,1,0.2,0.2
Enzo Ingrosso,1,5,2,0.2,0.4
KAS,1,5,0,0.2,0.0
K Theory,1,5,3,0.2,0.6
K-Ci & JoJo,2,10,0,0.2,0.0
Kailee Morgue,2,10,0,0.2,0.0
Kaiser,1,5,0,0.2,0.0
KV$HKEY,1,5,0,0.2,0.0
Denzel Curry,2,10,2,0.2,0.2
Patti LaBelle,3,15,2,0.2,0.13333333333333333
Wreckshop Family,1,5,1,0.2,0.2
Assemblage 23,1,5,2,0.2,0.4
Atlas,2,10,1,0.2,0.1
TOBi,1,5,0,0.2,0.0
Devin Farney,2,10,2,0.2,0.2
Devonté Hynes,1,5,3,0.2,0.6
Chuck Berry,1,5,3,0.2,0.6
KXNG Crooked,1,5,0,0.2,0.0
Arvo to me,1,5,1,0.2,0.2
Ascii.Disko,1,5,0,0.2,0.0
Kardinal Offishall,1,5,0,0.2,0.0
Karen Wolfe,2,10,0,0.2,0.0
Parokya Ni Edgar,5,25,6,0.2,0.24
XLII,1,5,0,0.2,0.0
Pat Farrell,2,10,0,0.2,0.0
GUILC,2,10,1,0.2,0.1
Nancy Wilson,2,10,2,0.2,0.2
Natalia Lafourcade,1,5,1,0.2,0.2
[bsd.u],1,5,0,0.2,0.0
Natalie La Rose,1,5,0,0.2,0.0
Dennis Ferrer,1,5,1,0.2,0.2
Kai the Kid,1,5,0,0.2,0.0
Tru Comers,1,5,1,0.2,0.2
Sarah McLachlan,2,10,1,0.2,0.1
Nahuel Pennisi,1,5,2,0.2,0.4
BROCKHAMPTON,21,106,12,0.19811320754716982,0.11320754716981132
Jay Hardway,17,86,14,0.19767441860465115,0.16279069767441862
ROSALÍA,14,71,6,0.19718309859154928,0.08450704225352113
All Time Low,23,117,10,0.19658119658119658,0.08547008547008547
Macklemore & Ryan Lewis,11,56,5,0.19642857142857142,0.08928571428571429
Yves V,11,56,5,0.19642857142857142,0.08928571428571429
Gaullin,10,51,13,0.19607843137254902,0.2549019607843137
N.V.,10,51,7,0.19607843137254902,0.13725490196078433
After 7,9,46,9,0.1956521739130435,0.1956521739130435
Romeo Santos,15,77,13,0.19480519480519481,0.16883116883116883
Birdman,7,36,6,0.19444444444444445,0.16666666666666666
Zara Larsson,21,108,14,0.19444444444444445,0.12962962962962962
Case,13,67,6,0.19402985074626866,0.08955223880597014
Bhavi,13,67,10,0.19402985074626866,0.14925373134328357
Pharrell Williams,6,31,4,0.1935483870967742,0.12903225806451613
Aqua,6,31,2,0.1935483870967742,0.06451612903225806
In Flames,6,31,3,0.1935483870967742,0.0967741935483871
Klaas,15,78,8,0.19230769230769232,0.10256410256410256
Force M.D.'s,5,26,5,0.19230769230769232,0.19230769230769232
NxWorries,5,26,5,0.19230769230769232,0.19230769230769232
Zhavia Ward,5,26,4,0.19230769230769232,0.15384615384615385
Olivia King,5,26,3,0.19230769230769232,0.11538461538461539
Au/Ra,5,26,2,0.19230769230769232,0.07692307692307693
Tinlicker,5,26,6,0.19230769230769232,0.23076923076923078
Pabllo Vittar,5,26,4,0.19230769230769232,0.15384615384615385
Benny Jamz,5,26,4,0.19230769230769232,0.15384615384615385
Mark Knight,5,26,3,0.19230769230769232,0.11538461538461539
Bob Seger,5,26,2,0.19230769230769232,0.07692307692307693
Bryan Adams,9,47,7,0.19148936170212766,0.14893617021276595
Deitrick Haddon,18,94,11,0.19148936170212766,0.11702127659574468
Jaheim,9,47,9,0.19148936170212766,0.19148936170212766
Troye Sivan,18,94,12,0.19148936170212766,0.1276595744680851
Robin Schulz,28,147,18,0.19047619047619047,0.12244897959183673
Beret,4,21,6,0.19047619047619047,0.2857142857142857
Goldroom,4,21,3,0.19047619047619047,0.14285714285714285
Brodinski,4,21,0,0.19047619047619047,0.0
Cricced,4,21,2,0.19047619047619047,0.09523809523809523
The Sleep Specialist,4,21,0,0.19047619047619047,0.0
Davai,4,21,5,0.19047619047619047,0.23809523809523808
Yarmak,4,21,2,0.19047619047619047,0.09523809523809523
You Salsa,4,21,5,0.19047619047619047,0.23809523809523808
Coez,4,21,4,0.19047619047619047,0.19047619047619047
OMI,8,42,8,0.19047619047619047,0.19047619047619047
Bilal,4,21,1,0.19047619047619047,0.047619047619047616
Eric Roberson,4,21,2,0.19047619047619047,0.09523809523809523
Vacation Manor,4,21,2,0.19047619047619047,0.09523809523809523
GoldLink,15,79,13,0.189873417721519,0.16455696202531644
LemKuuja,11,58,6,0.1896551724137931,0.10344827586206896
Aaron Hall,11,58,6,0.1896551724137931,0.10344827586206896
Eric Clapton,18,95,14,0.18947368421052632,0.14736842105263157
System Of A Down,7,37,3,0.1891891891891892,0.08108108108108109
"Sarah, the Illstrumentalist",7,37,2,0.1891891891891892,0.05405405405405406
Niall Horan,7,37,1,0.1891891891891892,0.02702702702702703
Trapt,7,37,6,0.1891891891891892,0.16216216216216217
Simple Plan,7,37,5,0.1891891891891892,0.13513513513513514
Rival Sons,7,37,2,0.1891891891891892,0.05405405405405406
Sleeping With Sirens,10,53,4,0.18867924528301888,0.07547169811320754
Travel With The Sun,10,53,6,0.18867924528301888,0.11320754716981132
Tony! Toni! Toné!,22,117,12,0.18803418803418803,0.10256410256410256
Xscape,6,32,3,0.1875,0.09375
Prismo,3,16,2,0.1875,0.125
Porter Robinson,6,32,4,0.1875,0.125
Nouvelle Vague,3,16,2,0.1875,0.125
Next Town Down,3,16,1,0.1875,0.0625
Sheck Wes,3,16,2,0.1875,0.125
Kodaline,3,16,1,0.1875,0.0625
Mariah Carey,15,80,15,0.1875,0.1875
Nice & Wild,3,16,3,0.1875,0.1875
La Sonora Dinamita,3,16,0,0.1875,0.0
No Rome,3,16,1,0.1875,0.0625
Oleander,3,16,0,0.1875,0.0
Kris Kross Amsterdam,3,16,2,0.1875,0.125
Despotem,3,16,3,0.1875,0.1875
Nathan Kawanishi,3,16,2,0.1875,0.125
The Psycho Realm,9,48,5,0.1875,0.10416666666666667
Nash Hawkins,3,16,1,0.1875,0.0625
Divine Council,3,16,1,0.1875,0.0625
Nachtmahr,3,16,2,0.1875,0.125
Dweeb,3,16,2,0.1875,0.125
Hitman Sammy Sam,3,16,1,0.1875,0.0625
Hector & Tito,6,32,2,0.1875,0.0625
Lund,3,16,1,0.1875,0.0625
Rixton,3,16,0,0.1875,0.0
Skrizzly Adams,3,16,2,0.1875,0.125
Stunna 4 Vegas,3,16,2,0.1875,0.125
Big Boi,6,32,5,0.1875,0.15625
Badflower,3,16,0,0.1875,0.0
James Brown,6,32,4,0.1875,0.125
Agus Zack,3,16,1,0.1875,0.0625
Stephen Puth,3,16,1,0.1875,0.0625
JP Saxe,3,16,2,0.1875,0.125
The Wrecks,3,16,1,0.1875,0.0625
Jacob Tillberg,6,32,3,0.1875,0.09375
Ben Howard,3,16,0,0.1875,0.0
Smartface,3,16,1,0.1875,0.0625
Adrian Hour,3,16,2,0.1875,0.125
Jay Eskar,3,16,2,0.1875,0.125
Portrait,14,75,7,0.18666666666666668,0.09333333333333334
Ludacris,32,172,21,0.18604651162790697,0.12209302325581395
Bart & Baker,8,43,11,0.18604651162790697,0.2558139534883721
DJ DMD,8,43,2,0.18604651162790697,0.046511627906976744
Black Sabbath,21,113,15,0.18584070796460178,0.13274336283185842
Muse,31,167,27,0.18562874251497005,0.16167664670658682
No Doubt,5,27,2,0.18518518518518517,0.07407407407407407
mommy,5,27,2,0.18518518518518517,0.07407407407407407
The Goo Goo Dolls,5,27,1,0.18518518518518517,0.037037037037037035
Celia Cruz,5,27,3,0.18518518518518517,0.1111111111111111
Subway To Sally,5,27,8,0.18518518518518517,0.2962962962962963
Raven & Kreyn,5,27,4,0.18518518518518517,0.14814814814814814
MC Davo,5,27,6,0.18518518518518517,0.2222222222222222
[:SITD:],5,27,4,0.18518518518518517,0.14814814814814814
Otherwise,5,27,3,0.18518518518518517,0.1111111111111111
COIN,5,27,0,0.18518518518518517,0.0
Knust,5,27,2,0.18518518518518517,0.07407407407407407
Paul Simon,5,27,2,0.18518518518518517,0.07407407407407407
Yung Bae,12,65,6,0.18461538461538463,0.09230769230769231
A R I Z O N A,12,65,4,0.18461538461538463,0.06153846153846154
Möwe,7,38,5,0.18421052631578946,0.13157894736842105
Daniel Johnson,7,38,3,0.18421052631578946,0.07894736842105263
INXS,7,38,3,0.18421052631578946,0.07894736842105263
Sultan + Shepard,7,38,10,0.18421052631578946,0.2631578947368421
24kGoldn,7,38,6,0.18421052631578946,0.15789473684210525
Jackson Browne,7,38,6,0.18421052631578946,0.15789473684210525
Kenny Lattimore,7,38,4,0.18421052631578946,0.10526315789473684
TREN LOKOTE,11,60,6,0.18333333333333332,0.1
The Strokes,13,71,5,0.18309859154929578,0.07042253521126761
Benny Berigan,2,11,2,0.18181818181818182,0.18181818181818182
SASH,2,11,0,0.18181818181818182,0.0
D3FAI,2,11,1,0.18181818181818182,0.09090909090909091
Sam Hunt,2,11,2,0.18181818181818182,0.18181818181818182
Bankroll Mafia,2,11,3,0.18181818181818182,0.2727272727272727
RKCB,2,11,2,0.18181818181818182,0.18181818181818182
BananaLemon,2,11,1,0.18181818181818182,0.09090909090909091
Jacquie,2,11,0,0.18181818181818182,0.0
SRTW,2,11,0,0.18181818181818182,0.0
Godfather of Harlem,4,22,1,0.18181818181818182,0.045454545454545456
Go West,2,11,1,0.18181818181818182,0.09090909090909091
Glenn Lewis,2,11,1,0.18181818181818182,0.09090909090909091
Drama Relax,2,11,1,0.18181818181818182,0.09090909090909091
Gino J,2,11,2,0.18181818181818182,0.18181818181818182
Víctor Manuelle,4,22,1,0.18181818181818182,0.045454545454545456
Splurgeboys,2,11,3,0.18181818181818182,0.2727272727272727
Morat,4,22,2,0.18181818181818182,0.09090909090909091
eill,4,22,1,0.18181818181818182,0.045454545454545456
Harris Cole,2,11,1,0.18181818181818182,0.09090909090909091
Blueprint,2,11,1,0.18181818181818182,0.09090909090909091
Roberto Rosso,2,11,1,0.18181818181818182,0.09090909090909091
Hinder,4,22,4,0.18181818181818182,0.18181818181818182
Rothchild,2,11,1,0.18181818181818182,0.09090909090909091
Starship,4,22,4,0.18181818181818182,0.18181818181818182
Harry Chapin,2,11,2,0.18181818181818182,0.18181818181818182
Ebo Taylor,2,11,0,0.18181818181818182,0.0
Sterkøl,2,11,3,0.18181818181818182,0.2727272727272727
falcxne,2,11,1,0.18181818181818182,0.09090909090909091
Ton! Dyson,2,11,2,0.18181818181818182,0.18181818181818182
Maty Noyes,2,11,0,0.18181818181818182,0.0
SlYder,2,11,1,0.18181818181818182,0.09090909090909091
Camilo,4,22,5,0.18181818181818182,0.22727272727272727
Adro,2,11,2,0.18181818181818182,0.18181818181818182
Steve Brian,2,11,1,0.18181818181818182,0.09090909090909091
Blacklite District,4,22,2,0.18181818181818182,0.09090909090909091
Elefante,2,11,3,0.18181818181818182,0.2727272727272727
Inkyz,2,11,3,0.18181818181818182,0.2727272727272727
Big Soto,2,11,3,0.18181818181818182,0.2727272727272727
Dú Maroc,2,11,1,0.18181818181818182,0.09090909090909091
Big Pun,6,33,1,0.18181818181818182,0.030303030303030304
J-King y Maximan,2,11,1,0.18181818181818182,0.09090909090909091
DJ Goozo,2,11,0,0.18181818181818182,0.0
Italian Somali,2,11,3,0.18181818181818182,0.2727272727272727
Rasmus Faber,2,11,3,0.18181818181818182,0.2727272727272727
SHAED,4,22,2,0.18181818181818182,0.09090909090909091
Stone Temple Pilots,2,11,0,0.18181818181818182,0.0
Chardy,2,11,0,0.18181818181818182,0.0
Vicetone,16,88,17,0.18181818181818182,0.19318181818181818
"George Tandy, Jr.",2,11,1,0.18181818181818182,0.09090909090909091
Dopebwoy,2,11,1,0.18181818181818182,0.09090909090909091
Brando,2,11,4,0.18181818181818182,0.36363636363636365
Middle Class Rut,2,11,1,0.18181818181818182,0.09090909090909091
Destructo,2,11,0,0.18181818181818182,0.0
Sarius,2,11,0,0.18181818181818182,0.0
Dem Franchize Boyz,2,11,3,0.18181818181818182,0.2727272727272727
Armando Infante,2,11,2,0.18181818181818182,0.18181818181818182
KRS-One,2,11,2,0.18181818181818182,0.18181818181818182
KOYO,2,11,0,0.18181818181818182,0.0
The Autumn Defense,2,11,2,0.18181818181818182,0.18181818181818182
TINI,6,33,8,0.18181818181818182,0.24242424242424243
KAYTRANADA,18,99,10,0.18181818181818182,0.10101010101010101
Porcupine Tree,4,22,2,0.18181818181818182,0.09090909090909091
Kawe,2,11,0,0.18181818181818182,0.0
Xassa,2,11,0,0.18181818181818182,0.0
The Beatnuts,2,11,0,0.18181818181818182,0.0
Joel Adams,2,11,0,0.18181818181818182,0.0
BAARD,2,11,2,0.18181818181818182,0.18181818181818182
Maggie Rogers,4,22,0,0.18181818181818182,0.0
Maisie Peters,2,11,0,0.18181818181818182,0.0
ARTY,10,55,5,0.18181818181818182,0.09090909090909091
John C,2,11,0,0.18181818181818182,0.0
Longfield & Super Skeleton,4,22,3,0.18181818181818182,0.13636363636363635
Josh Butler,2,11,1,0.18181818181818182,0.09090909090909091
Christian Kuria,2,11,1,0.18181818181818182,0.09090909090909091
Eraserheads,6,33,7,0.18181818181818182,0.21212121212121213
KLIMENT,4,22,2,0.18181818181818182,0.09090909090909091
KVR,2,11,0,0.18181818181818182,0.0
Peer Kusiv,2,11,0,0.18181818181818182,0.0
Jerome,2,11,0,0.18181818181818182,0.0
Jim Croce,2,11,3,0.18181818181818182,0.2727272727272727
Current Joys,2,11,0,0.18181818181818182,0.0
LAGOS,2,11,1,0.18181818181818182,0.09090909090909091
Fonseca,10,55,8,0.18181818181818182,0.14545454545454545
Konteks,2,11,2,0.18181818181818182,0.18181818181818182
Lil Pump,4,22,2,0.18181818181818182,0.09090909090909091
Lil Happy Lil Sad,2,11,0,0.18181818181818182,0.0
Fotty Seven,2,11,1,0.18181818181818182,0.09090909090909091
CDB,2,11,2,0.18181818181818182,0.18181818181818182
Yariel,2,11,1,0.18181818181818182,0.09090909090909091
Little Venice,2,11,0,0.18181818181818182,0.0
The Phantoms,2,11,1,0.18181818181818182,0.09090909090909091
Any Given Sin,2,11,1,0.18181818181818182,0.09090909090909091
Esco,2,11,1,0.18181818181818182,0.09090909090909091
Seeb,8,44,10,0.18181818181818182,0.22727272727272727
The Outfield,2,11,1,0.18181818181818182,0.09090909090909091
Shallow Side,2,11,0,0.18181818181818182,0.0
Naughty By Nature,2,11,0,0.18181818181818182,0.0
Foals,2,11,0,0.18181818181818182,0.0
Danzig,2,11,1,0.18181818181818182,0.09090909090909091
Yámana,2,11,1,0.18181818181818182,0.09090909090909091
Fishbach,4,22,3,0.18181818181818182,0.13636363636363635
Lali,2,11,0,0.18181818181818182,0.0
CREAM,2,11,3,0.18181818181818182,0.2727272727272727
Tony Thompson,4,22,4,0.18181818181818182,0.18181818181818182
The Flirts,2,11,0,0.18181818181818182,0.0
Nidža Bleja,10,55,6,0.18181818181818182,0.10909090909090909
Larry 44,2,11,0,0.18181818181818182,0.0
CryJaxx,2,11,1,0.18181818181818182,0.09090909090909091
The Drifters,2,11,0,0.18181818181818182,0.0
Masked Man,2,11,3,0.18181818181818182,0.2727272727272727
Massari,2,11,1,0.18181818181818182,0.09090909090909091
Ø Suave,2,11,0,0.18181818181818182,0.0
T.I.,38,210,30,0.18095238095238095,0.14285714285714285
KAAZE,15,83,5,0.18072289156626506,0.060240963855421686
Kendra Morris,13,72,6,0.18055555555555555,0.08333333333333333
Pekeño 77,9,50,2,0.18,0.04
Bring Me The Horizon,7,39,4,0.1794871794871795,0.10256410256410256
Camel,7,39,3,0.1794871794871795,0.07692307692307693
X Ambassadors,7,39,4,0.1794871794871795,0.10256410256410256
Russ,7,39,5,0.1794871794871795,0.1282051282051282
Frank Ocean,31,173,20,0.1791907514450867,0.11560693641618497
Jhay Cortez,5,28,3,0.17857142857142858,0.10714285714285714
Morbo,10,56,7,0.17857142857142858,0.125
E-40,5,28,4,0.17857142857142858,0.14285714285714285
Big Tymers,5,28,6,0.17857142857142858,0.21428571428571427
D-Rashid,5,28,6,0.17857142857142858,0.21428571428571427
Chuckie,5,28,4,0.17857142857142858,0.14285714285714285
Wave Wave,5,28,5,0.17857142857142858,0.17857142857142858
Maniaxo,5,28,5,0.17857142857142858,0.17857142857142858
Noize Generation,5,28,1,0.17857142857142858,0.03571428571428571
Usher,24,135,12,0.17777777777777778,0.08888888888888889
Rita Ora,8,45,6,0.17777777777777778,0.13333333333333333
The Him,11,62,11,0.1774193548387097,0.1774193548387097
Childish Gambino,22,124,19,0.1774193548387097,0.1532258064516129
Led Zeppelin,29,164,15,0.17682926829268292,0.09146341463414634
Basixx,3,17,3,0.17647058823529413,0.17647058823529413
dvsn,9,51,10,0.17647058823529413,0.19607843137254902
PENTAGON,3,17,1,0.17647058823529413,0.058823529411764705
Reykon,12,68,9,0.17647058823529413,0.1323529411764706
Vicente Garcia,6,34,5,0.17647058823529413,0.14705882352941177
Triple C,3,17,3,0.17647058823529413,0.17647058823529413
Big Big Train,3,17,1,0.17647058823529413,0.058823529411764705
The Human League,3,17,0,0.17647058823529413,0.0
The Blue Stones,3,17,1,0.17647058823529413,0.058823529411764705
Tabitha,3,17,1,0.17647058823529413,0.058823529411764705
The Spinners,3,17,0,0.17647058823529413,0.0
Picture This,3,17,1,0.17647058823529413,0.058823529411764705
Stisema,3,17,5,0.17647058823529413,0.29411764705882354
Wolfine,3,17,2,0.17647058823529413,0.11764705882352941
twuan,3,17,2,0.17647058823529413,0.11764705882352941
Lenny Tavárez,6,34,3,0.17647058823529413,0.08823529411764706
LIZOT,6,34,5,0.17647058823529413,0.14705882352941177
Sabrina Carpenter,6,34,5,0.17647058823529413,0.14705882352941177
NWYR,3,17,2,0.17647058823529413,0.11764705882352941
Simon & Garfunkel,6,34,3,0.17647058823529413,0.08823529411764706
Sunloverz,3,17,4,0.17647058823529413,0.23529411764705882
R-Cue,3,17,1,0.17647058823529413,0.058823529411764705
Gary Clark Jr.,3,17,4,0.17647058823529413,0.23529411764705882
YK Osiris,3,17,1,0.17647058823529413,0.058823529411764705
Zonderling,3,17,2,0.17647058823529413,0.11764705882352941
Dabin,3,17,9,0.17647058823529413,0.5294117647058824
Marshall Marshall,3,17,3,0.17647058823529413,0.17647058823529413
Calum Scott,6,34,2,0.17647058823529413,0.058823529411764705
Jerry Di,3,17,4,0.17647058823529413,0.23529411764705882
Lionel Richie,3,17,3,0.17647058823529413,0.17647058823529413
Franco126,3,17,1,0.17647058823529413,0.058823529411764705
Manu Crooks,3,17,3,0.17647058823529413,0.17647058823529413
K-391,9,51,10,0.17647058823529413,0.19607843137254902
JGS,3,17,0,0.17647058823529413,0.0
Lucas & Steve,13,74,8,0.17567567567567569,0.10810810810810811
De La Ghetto,7,40,5,0.175,0.125
Machine Gun Kelly,7,40,3,0.175,0.075
Kura,7,40,6,0.175,0.15
Marissa Mur,7,40,1,0.175,0.025
DJ Screw & The Screwed Up Click,7,40,2,0.175,0.05
Don Diablo,19,109,11,0.1743119266055046,0.10091743119266056
Café Tacvba,4,23,1,0.17391304347826086,0.043478260869565216
P.O.D.,4,23,9,0.17391304347826086,0.391304347826087
Bill $Aber,4,23,3,0.17391304347826086,0.13043478260869565
Rich Brian,4,23,2,0.17391304347826086,0.08695652173913043
Mac Ayres,4,23,5,0.17391304347826086,0.21739130434782608
Ready For The World,4,23,5,0.17391304347826086,0.21739130434782608
ROËDS,4,23,1,0.17391304347826086,0.043478260869565216
Tyrese,4,23,1,0.17391304347826086,0.043478260869565216
Martin Silence,8,46,6,0.17391304347826086,0.13043478260869565
Dave Mak,4,23,1,0.17391304347826086,0.043478260869565216
The Supremes,4,23,4,0.17391304347826086,0.17391304347826086
María José,4,23,4,0.17391304347826086,0.17391304347826086
Todd Rundgren,4,23,3,0.17391304347826086,0.13043478260869565
Habstrakt,8,46,3,0.17391304347826086,0.06521739130434782
Alfons,4,23,3,0.17391304347826086,0.13043478260869565
Hot Shade,4,23,3,0.17391304347826086,0.13043478260869565
Alex Sensation,4,23,2,0.17391304347826086,0.08695652173913043
Ohio Players,4,23,0,0.17391304347826086,0.0
On June,4,23,4,0.17391304347826086,0.17391304347826086
Def Jef,4,23,3,0.17391304347826086,0.13043478260869565
DJ Kool,4,23,6,0.17391304347826086,0.2608695652173913
James Blake,8,46,6,0.17391304347826086,0.13043478260869565
Deonna Martin,4,23,7,0.17391304347826086,0.30434782608695654
Joss Stone,8,46,4,0.17391304347826086,0.08695652173913043
Junior J,4,23,2,0.17391304347826086,0.08695652173913043
Randy,4,23,2,0.17391304347826086,0.08695652173913043
Demi Lovato,26,150,16,0.17333333333333334,0.10666666666666667
Anthony Hamilton,13,75,12,0.17333333333333334,0.16
ILLENIUM,18,104,10,0.17307692307692307,0.09615384615384616
Tetengo,19,110,11,0.17272727272727273,0.1
Hardwell,79,458,68,0.17248908296943233,0.14847161572052403
Chester Nebro,5,29,3,0.1724137931034483,0.10344827586206896
Van Morrison,10,58,9,0.1724137931034483,0.15517241379310345
Green Assassin Dollar,5,29,4,0.1724137931034483,0.13793103448275862
Crossfade,5,29,3,0.1724137931034483,0.10344827586206896
Ymori,5,29,3,0.1724137931034483,0.10344827586206896
Big Moe,5,29,3,0.1724137931034483,0.10344827586206896
Fredro Starr,5,29,2,0.1724137931034483,0.06896551724137931
Atlas Genius,5,29,3,0.1724137931034483,0.10344827586206896
Jorja Smith,22,128,22,0.171875,0.171875
Green Day,12,70,7,0.17142857142857143,0.1
Robin Thicke,12,70,9,0.17142857142857143,0.12857142857142856
Journey,20,117,17,0.17094017094017094,0.1452991452991453
NGHTMRE,7,41,8,0.17073170731707318,0.1951219512195122
Noah Cyrus,7,41,9,0.17073170731707318,0.21951219512195122
DrefQuila,7,41,1,0.17073170731707318,0.024390243902439025
The Doors,16,94,11,0.1702127659574468,0.11702127659574468
Ricky Martin,8,47,7,0.1702127659574468,0.14893617021276595
Pink Floyd,17,100,14,0.17,0.14
Hillsong Young & Free,9,53,3,0.16981132075471697,0.05660377358490566
Mike Perry,10,59,0,0.1694915254237288,0.0
Chris Goldarg,13,77,4,0.16883116883116883,0.05194805194805195
H.E.R.,13,77,3,0.16883116883116883,0.03896103896103896
Mary J. Blige,15,89,13,0.16853932584269662,0.14606741573033707
Blasterjaxx,32,190,20,0.16842105263157894,0.10526315789473684
Master P,21,125,22,0.168,0.176
Erykah Badu,32,191,29,0.16753926701570682,0.1518324607329843
Olivia O'Brien,2,12,2,0.16666666666666666,0.16666666666666666
Lord Finesse,1,6,1,0.16666666666666666,0.16666666666666666
Elsa y Elmar,4,24,1,0.16666666666666666,0.041666666666666664
NVDES,2,12,1,0.16666666666666666,0.08333333333333333
NOËP,1,6,1,0.16666666666666666,0.16666666666666666
Alban Chela,1,6,1,0.16666666666666666,0.16666666666666666
Mesto,1,6,1,0.16666666666666666,0.16666666666666666
Anna of the North,3,18,2,0.16666666666666666,0.1111111111111111
Steve Andreas,3,18,4,0.16666666666666666,0.2222222222222222
Joe Cocker,2,12,0,0.16666666666666666,0.0
Whiskey Myers,2,12,2,0.16666666666666666,0.16666666666666666
Jeremih,2,12,1,0.16666666666666666,0.08333333333333333
Jens O.,1,6,0,0.16666666666666666,0.0
Cryptic Vision,1,6,0,0.16666666666666666,0.0
Al Stewart,1,6,1,0.16666666666666666,0.16666666666666666
Lourena,3,18,2,0.16666666666666666,0.1111111111111111
Vela,1,6,2,0.16666666666666666,0.3333333333333333
Black Rebel Motorcycle Club,1,6,1,0.16666666666666666,0.16666666666666666
Huey Daze,1,6,0,0.16666666666666666,0.0
Omi Hernandez,1,6,0,0.16666666666666666,0.0
Anthem Academy,1,6,0,0.16666666666666666,0.0
Sam Tinnesz,1,6,1,0.16666666666666666,0.16666666666666666
Olivier Giacomotto,1,6,0,0.16666666666666666,0.0
NJayC,1,6,0,0.16666666666666666,0.0
DJDS,2,12,0,0.16666666666666666,0.0
Annella,4,24,5,0.16666666666666666,0.20833333333333334
Black Swan,1,6,0,0.16666666666666666,0.0
Rob Level,1,6,2,0.16666666666666666,0.3333333333333333
Hook N Sling,4,24,3,0.16666666666666666,0.125
Honors,1,6,0,0.16666666666666666,0.0
Omar,1,6,0,0.16666666666666666,0.0
Los Rumberos,2,12,3,0.16666666666666666,0.25
VINO,1,6,0,0.16666666666666666,0.0
Lola Blanc,1,6,1,0.16666666666666666,0.16666666666666666
Natania,3,18,4,0.16666666666666666,0.2222222222222222
Dadju,3,18,1,0.16666666666666666,0.05555555555555555
Dalsin,1,6,2,0.16666666666666666,0.3333333333333333
Da Silva,1,6,0,0.16666666666666666,0.0
The All-American Rejects,4,24,5,0.16666666666666666,0.20833333333333334
Kut Klose,1,6,0,0.16666666666666666,0.0
Kvmo,1,6,3,0.16666666666666666,0.5
Andy Mineo,2,12,4,0.16666666666666666,0.3333333333333333
Angel Y Khriz,9,54,4,0.16666666666666666,0.07407407407407407
Kuami Eugene,1,6,0,0.16666666666666666,0.0
Blaze U,1,6,1,0.16666666666666666,0.16666666666666666
The Identicals,1,6,1,0.16666666666666666,0.16666666666666666
Catey Shaw,2,12,3,0.16666666666666666,0.25
Martha Reeves & The Vandellas,1,6,2,0.16666666666666666,0.3333333333333333
Aleks Syntek,2,12,5,0.16666666666666666,0.4166666666666667
KreisEckBeats,1,6,0,0.16666666666666666,0.0
Death Remains,1,6,1,0.16666666666666666,0.16666666666666666
Robert Edwards,1,6,0,0.16666666666666666,0.0
Hitimpulse,3,18,2,0.16666666666666666,0.1111111111111111
Valeria Castro,1,6,0,0.16666666666666666,0.0
Valley Hush,1,6,0,0.16666666666666666,0.0
Ehennuhsen,2,12,2,0.16666666666666666,0.16666666666666666
Ecologyk,1,6,1,0.16666666666666666,0.16666666666666666
Diviners,2,12,1,0.16666666666666666,0.08333333333333333
Divolly & Markward,1,6,2,0.16666666666666666,0.3333333333333333
BLAEKER,1,6,0,0.16666666666666666,0.0
John Martin,1,6,0,0.16666666666666666,0.0
Pomegranate Tiger,2,12,1,0.16666666666666666,0.08333333333333333
Henry Mendez,1,6,2,0.16666666666666666,0.3333333333333333
Lodel,1,6,0,0.16666666666666666,0.0
R. Nait,2,12,0,0.16666666666666666,0.0
Jay Swi$h,1,6,2,0.16666666666666666,0.3333333333333333
The Stooges,3,18,5,0.16666666666666666,0.2777777777777778
Gavin DeGraw,1,6,0,0.16666666666666666,0.0
Songhoy Blues,2,12,0,0.16666666666666666,0.0
YUTO,1,6,2,0.16666666666666666,0.3333333333333333
Otis Ubaka,1,6,0,0.16666666666666666,0.0
Circuit Breakers,1,6,0,0.16666666666666666,0.0
ICEKIID,2,12,3,0.16666666666666666,0.25
Vibarco,2,12,1,0.16666666666666666,0.08333333333333333
Bill Callahan,2,12,4,0.16666666666666666,0.3333333333333333
Oxxxymiron,1,6,0,0.16666666666666666,0.0
Kevlah,1,6,1,0.16666666666666666,0.16666666666666666
I$WAAL,1,6,1,0.16666666666666666,0.16666666666666666
Oz,2,12,3,0.16666666666666666,0.25
Brijs,2,12,1,0.16666666666666666,0.08333333333333333
Myron,1,6,1,0.16666666666666666,0.16666666666666666
Mysto & Pizzi,2,12,1,0.16666666666666666,0.08333333333333333
Sonny Fodera,1,6,2,0.16666666666666666,0.3333333333333333
Garbage,5,30,2,0.16666666666666666,0.06666666666666667
Demun Jones,9,54,4,0.16666666666666666,0.07407407407407407
The Proclaimers,1,6,1,0.16666666666666666,0.16666666666666666
Arlissa,1,6,1,0.16666666666666666,0.16666666666666666
Dirty Chime,1,6,0,0.16666666666666666,0.0
Will Smith,1,6,2,0.16666666666666666,0.3333333333333333
BB Nobre,3,18,0,0.16666666666666666,0.0
Felipe Peláez,1,6,0,0.16666666666666666,0.0
Cailin Russo,2,12,1,0.16666666666666666,0.08333333333333333
Fin & Stanley,1,6,2,0.16666666666666666,0.3333333333333333
metr,2,12,1,0.16666666666666666,0.08333333333333333
Michael Bublé,2,12,1,0.16666666666666666,0.08333333333333333
Luke Adamson,1,6,0,0.16666666666666666,0.0
George Michael,5,30,1,0.16666666666666666,0.03333333333333333
Emily Osment,1,6,0,0.16666666666666666,0.0
Onell Diaz,1,6,1,0.16666666666666666,0.16666666666666666
Yeah Boy,1,6,0,0.16666666666666666,0.0
Anti-Flag,3,18,1,0.16666666666666666,0.05555555555555555
Anti-Lilly & Phoniks,2,12,1,0.16666666666666666,0.08333333333333333
King & Joker,1,6,1,0.16666666666666666,0.16666666666666666
Hues Corporation,1,6,1,0.16666666666666666,0.16666666666666666
King Edi K,1,6,1,0.16666666666666666,0.16666666666666666
King Geedorah,1,6,1,0.16666666666666666,0.16666666666666666
Oscar and the Wolf,1,6,2,0.16666666666666666,0.3333333333333333
Declan McKenna,2,12,2,0.16666666666666666,0.16666666666666666
Right Said Fred,1,6,0,0.16666666666666666,0.0
Rigo V,1,6,0,0.16666666666666666,0.0
Biometrix,1,6,1,0.16666666666666666,0.16666666666666666
Qulinez,3,18,3,0.16666666666666666,0.16666666666666666
Jazz Cartier,1,6,2,0.16666666666666666,0.3333333333333333
PlanBe,1,6,1,0.16666666666666666,0.16666666666666666
Silk City,2,12,0,0.16666666666666666,0.0
Silience,1,6,0,0.16666666666666666,0.0
Silent Child,3,18,2,0.16666666666666666,0.1111111111111111
Dr. Fresch,1,6,1,0.16666666666666666,0.16666666666666666
Dr. Alban,1,6,0,0.16666666666666666,0.0
Other Nature,1,6,1,0.16666666666666666,0.16666666666666666
Bronze Radio Return,1,6,2,0.16666666666666666,0.3333333333333333
Broken Witt Rebels,1,6,2,0.16666666666666666,0.3333333333333333
Lucky Luke,13,78,5,0.16666666666666666,0.0641025641025641
Broken Legacy,1,6,1,0.16666666666666666,0.16666666666666666
Broken English,1,6,0,0.16666666666666666,0.0
Gene Loves Jezebel,2,12,1,0.16666666666666666,0.08333333333333333
Luca Schreiner,1,6,1,0.16666666666666666,0.16666666666666666
DJ Mykal,1,6,1,0.16666666666666666,0.16666666666666666
Santa Cruz,1,6,0,0.16666666666666666,0.0
5th Ward Boyz,2,12,1,0.16666666666666666,0.08333333333333333
6 Fingers & Tass,1,6,0,0.16666666666666666,0.0
Wheats,1,6,0,0.16666666666666666,0.0
Whethan,8,48,6,0.16666666666666666,0.125
Baby K,1,6,0,0.16666666666666666,0.0
Jessie Paege,1,6,2,0.16666666666666666,0.3333333333333333
Jeremy Irvine,1,6,1,0.16666666666666666,0.16666666666666666
Nobodys Face,1,6,1,0.16666666666666666,0.16666666666666666
Life Like Charlie,2,12,3,0.16666666666666666,0.25
Life Sounds Nature,1,6,3,0.16666666666666666,0.5
SAAKB,1,6,0,0.16666666666666666,0.0
U.S. Girls,1,6,1,0.16666666666666666,0.16666666666666666
SCNDL,3,18,3,0.16666666666666666,0.16666666666666666
Level 42,2,12,2,0.16666666666666666,0.16666666666666666
Cold War Kids,3,18,4,0.16666666666666666,0.2222222222222222
Rocko,3,18,1,0.16666666666666666,0.05555555555555555
Hana Oceans,1,6,1,0.16666666666666666,0.16666666666666666
American Authors,3,18,1,0.16666666666666666,0.05555555555555555
Alexio,1,6,2,0.16666666666666666,0.3333333333333333
Graeme James,1,6,1,0.16666666666666666,0.16666666666666666
Lil Bike,2,12,1,0.16666666666666666,0.08333333333333333
Leyze,1,6,2,0.16666666666666666,0.3333333333333333
Ali Aka Mind,1,6,1,0.16666666666666666,0.16666666666666666
Labi Siffre,1,6,2,0.16666666666666666,0.3333333333333333
Lacee,1,6,0,0.16666666666666666,0.0
Norman Greenbaum,1,6,0,0.16666666666666666,0.0
Not3s,1,6,2,0.16666666666666666,0.3333333333333333
La Plebada,1,6,0,0.16666666666666666,0.0
Notion,2,12,2,0.16666666666666666,0.16666666666666666
Static-X,1,6,2,0.16666666666666666,0.3333333333333333
Statistix,1,6,2,0.16666666666666666,0.3333333333333333
The Last Skeptik,2,12,3,0.16666666666666666,0.25
Elemeno P,3,18,6,0.16666666666666666,0.3333333333333333
Lenier,1,6,2,0.16666666666666666,0.3333333333333333
Leo Dynamic1,2,12,0,0.16666666666666666,0.0
AmPm,1,6,2,0.16666666666666666,0.3333333333333333
No Friends,1,6,1,0.16666666666666666,0.16666666666666666
No Mana,1,6,3,0.16666666666666666,0.5
Noah,1,6,1,0.16666666666666666,0.16666666666666666
HIIO,3,18,1,0.16666666666666666,0.05555555555555555
HIM,3,18,7,0.16666666666666666,0.3888888888888889
Gusi,1,6,0,0.16666666666666666,0.0
Ultra Shock,1,6,1,0.16666666666666666,0.16666666666666666
Bokki,1,6,2,0.16666666666666666,0.3333333333333333
Sly Fox,1,6,0,0.16666666666666666,0.0
Canabision,1,6,3,0.16666666666666666,0.5
Weltmusik,1,6,0,0.16666666666666666,0.0
Melii,1,6,0,0.16666666666666666,0.0
Zac Samuel,1,6,0,0.16666666666666666,0.0
Yusuf / Cat Stevens,1,6,2,0.16666666666666666,0.3333333333333333
Z-Ro,1,6,0,0.16666666666666666,0.0
Darrell Cole,1,6,1,0.16666666666666666,0.16666666666666666
Danny Darko,1,6,0,0.16666666666666666,0.0
Gustavo Cerati,1,6,1,0.16666666666666666,0.16666666666666666
Dark Culture,1,6,0,0.16666666666666666,0.0
Lewka,1,6,1,0.16666666666666666,0.16666666666666666
Jermaine Jackson,2,12,0,0.16666666666666666,0.0
Chloe Bodur,1,6,2,0.16666666666666666,0.3333333333333333
Fanvel,1,6,1,0.16666666666666666,0.16666666666666666
Tom Walker,4,24,1,0.16666666666666666,0.041666666666666664
Tommy Genesis,1,6,1,0.16666666666666666,0.16666666666666666
Matrix & Futurebound,1,6,1,0.16666666666666666,0.16666666666666666
Руслан Черный,3,18,4,0.16666666666666666,0.2222222222222222
Jhaye,1,6,0,0.16666666666666666,0.0
Syden,1,6,0,0.16666666666666666,0.0
The Snake Corps,1,6,1,0.16666666666666666,0.16666666666666666
Joe Walsh,4,24,3,0.16666666666666666,0.125
The Voidz,2,12,3,0.16666666666666666,0.25
Jess Glynne,6,36,1,0.16666666666666666,0.027777777777777776
Slight Diversion,1,6,0,0.16666666666666666,0.0
The Lounge Lizards,2,12,1,0.16666666666666666,0.08333333333333333
Lit Lords,1,6,0,0.16666666666666666,0.0
Good Charlotte,1,6,0,0.16666666666666666,0.0
SOSANDLOW,1,6,0,0.16666666666666666,0.0
Young Bombs,1,6,0,0.16666666666666666,0.0
Charlie Who?,3,18,3,0.16666666666666666,0.16666666666666666
Efrén Atienza,2,12,3,0.16666666666666666,0.25
Rodrigo Gouveia,1,6,0,0.16666666666666666,0.0
Rodrigo y Gabriela,1,6,1,0.16666666666666666,0.16666666666666666
Royal Deluxe,4,24,0,0.16666666666666666,0.0
Andy Gibb,2,12,1,0.16666666666666666,0.08333333333333333
Blind Ego,1,6,1,0.16666666666666666,0.16666666666666666
Blind Melon,1,6,2,0.16666666666666666,0.3333333333333333
Bloc Party,1,6,1,0.16666666666666666,0.16666666666666666
BlocBoy JB,1,6,1,0.16666666666666666,0.16666666666666666
Heltah Skeltah,1,6,0,0.16666666666666666,0.0
Alex Guesta,1,6,2,0.16666666666666666,0.3333333333333333
Aldo Nova,1,6,1,0.16666666666666666,0.16666666666666666
Giulia Becker,1,6,1,0.16666666666666666,0.16666666666666666
BoyPanda,2,12,0,0.16666666666666666,0.0
Lit,1,6,1,0.16666666666666666,0.16666666666666666
Oddisee,5,30,5,0.16666666666666666,0.16666666666666666
Hey Guy,1,6,1,0.16666666666666666,0.16666666666666666
Robinson,2,12,0,0.16666666666666666,0.0
Pinegrove,1,6,0,0.16666666666666666,0.0
Andrew Sound,1,6,0,0.16666666666666666,0.0
SHKHR,1,6,2,0.16666666666666666,0.3333333333333333
SIZE-S,1,6,1,0.16666666666666666,0.16666666666666666
Gordo Sarkasmus,1,6,0,0.16666666666666666,0.0
Damien,1,6,1,0.16666666666666666,0.16666666666666666
AlexEps,1,6,2,0.16666666666666666,0.3333333333333333
Alexey Shelygin,1,6,0,0.16666666666666666,0.0
Notre Dame,2,12,2,0.16666666666666666,0.16666666666666666
Nova y Jory,4,24,0,0.16666666666666666,0.0
BluntOne,1,6,2,0.16666666666666666,0.3333333333333333
VHS Collection,2,12,2,0.16666666666666666,0.16666666666666666
Haus of Panda,3,18,2,0.16666666666666666,0.1111111111111111
Route 94,2,12,3,0.16666666666666666,0.25
Harry Doe,1,6,0,0.16666666666666666,0.0
Harvio,3,18,0,0.16666666666666666,0.0
Hasan.K,1,6,1,0.16666666666666666,0.16666666666666666
7ru7h,1,6,0,0.16666666666666666,0.0
reezy,1,6,2,0.16666666666666666,0.3333333333333333
Sir Felix,1,6,0,0.16666666666666666,0.0
Marwan Soulflow,1,6,2,0.16666666666666666,0.3333333333333333
Marvin Sapp,1,6,0,0.16666666666666666,0.0
Tarun,1,6,1,0.16666666666666666,0.16666666666666666
Hayley Kiyoko,3,18,3,0.16666666666666666,0.16666666666666666
Hayley Gene Penner,1,6,0,0.16666666666666666,0.0
VENVS,1,6,1,0.16666666666666666,0.16666666666666666
LOthief,2,12,3,0.16666666666666666,0.25
Tygers Of Pan Tang,1,6,2,0.16666666666666666,0.3333333333333333
Elin Bergman,1,6,1,0.16666666666666666,0.16666666666666666
Elias Ahmad,1,6,0,0.16666666666666666,0.0
Spice Girls,1,6,2,0.16666666666666666,0.3333333333333333
Lil Xan,1,6,1,0.16666666666666666,0.16666666666666666
New Jackson,1,6,1,0.16666666666666666,0.16666666666666666
Zoop One,1,6,1,0.16666666666666666,0.16666666666666666
Rompasso,1,6,1,0.16666666666666666,0.16666666666666666
Fouk,4,24,9,0.16666666666666666,0.375
Shaman's Harvest,2,12,0,0.16666666666666666,0.0
Milo Manheim,1,6,0,0.16666666666666666,0.0
JMSN,1,6,0,0.16666666666666666,0.0
Style of Eye,2,12,0,0.16666666666666666,0.0
Su Presencia,1,6,2,0.16666666666666666,0.3333333333333333
Drizabone,1,6,1,0.16666666666666666,0.16666666666666666
Dru Down,1,6,1,0.16666666666666666,0.16666666666666666
Jacob Banks,4,24,1,0.16666666666666666,0.041666666666666664
Jabin Chavez,1,6,0,0.16666666666666666,0.0
K.E.E.N.E.,2,12,1,0.16666666666666666,0.08333333333333333
PeeWee,1,6,1,0.16666666666666666,0.16666666666666666
Transit,1,6,1,0.16666666666666666,0.16666666666666666
Sharon Jones,1,6,0,0.16666666666666666,0.0
guardin,1,6,1,0.16666666666666666,0.16666666666666666
Pisk,3,18,2,0.16666666666666666,0.1111111111111111
ASP,2,12,3,0.16666666666666666,0.25
Wolfmother,2,12,1,0.16666666666666666,0.08333333333333333
Justina Valentine,1,6,0,0.16666666666666666,0.0
Raes,1,6,2,0.16666666666666666,0.3333333333333333
Rafa Barrios,1,6,1,0.16666666666666666,0.16666666666666666
Jaecy,1,6,0,0.16666666666666666,0.0
Jack Newsome,1,6,2,0.16666666666666666,0.3333333333333333
Jack Wins,2,12,3,0.16666666666666666,0.25
Jwonn,1,6,0,0.16666666666666666,0.0
Percy Sledge,2,12,1,0.16666666666666666,0.08333333333333333
Dionne Farris,1,6,1,0.16666666666666666,0.16666666666666666
Bedoes,4,24,4,0.16666666666666666,0.16666666666666666
Vybz Kartel,1,6,2,0.16666666666666666,0.3333333333333333
THE NEW DEATH CULT,1,6,3,0.16666666666666666,0.5
Dilated Peoples,1,6,1,0.16666666666666666,0.16666666666666666
guccihighwaters,1,6,1,0.16666666666666666,0.16666666666666666
Michael Calfan,3,18,3,0.16666666666666666,0.16666666666666666
Michael DeAngelo,1,6,1,0.16666666666666666,0.16666666666666666
Marco Maggiore,1,6,0,0.16666666666666666,0.0
Marcos & Belutti,2,12,2,0.16666666666666666,0.16666666666666666
Michael Mind Project,1,6,1,0.16666666666666666,0.16666666666666666
Sick Puppies,3,18,1,0.16666666666666666,0.05555555555555555
Evalyn,1,6,3,0.16666666666666666,0.5
Moe Aly,3,18,1,0.16666666666666666,0.05555555555555555
J.J. Fad,1,6,0,0.16666666666666666,0.0
Paulo Ho,1,6,0,0.16666666666666666,0.0
Wolfsheim,1,6,4,0.16666666666666666,0.6666666666666666
Au5,1,6,2,0.16666666666666666,0.3333333333333333
Austin Mahone,5,30,3,0.16666666666666666,0.1
JY MNTL,1,6,0,0.16666666666666666,0.0
Violent Femmes,4,24,1,0.16666666666666666,0.041666666666666664
Francis Davila,1,6,0,0.16666666666666666,0.0
Milky Chance,1,6,0,0.16666666666666666,0.0
ATTLAS,1,6,1,0.16666666666666666,0.16666666666666666
Ralphy Dreamz,2,12,3,0.16666666666666666,0.25
Raja Kumari,1,6,0,0.16666666666666666,0.0
Volkoder,1,6,2,0.16666666666666666,0.3333333333333333
Jack & Lewis,1,6,0,0.16666666666666666,0.0
K-OS,1,6,3,0.16666666666666666,0.5
Benjah,1,6,1,0.16666666666666666,0.16666666666666666
Diaz & Bruno,1,6,2,0.16666666666666666,0.3333333333333333
Chris Viviano,1,6,2,0.16666666666666666,0.3333333333333333
C0PIK,1,6,4,0.16666666666666666,0.6666666666666666
Erre XI,3,18,2,0.16666666666666666,0.1111111111111111
Erkki.R,4,24,3,0.16666666666666666,0.125
Minke,1,6,1,0.16666666666666666,0.16666666666666666
Magnofield,1,6,1,0.16666666666666666,0.16666666666666666
Maggie Rose,1,6,1,0.16666666666666666,0.16666666666666666
Jóhann Jóhannsson,1,6,1,0.16666666666666666,0.16666666666666666
The Sam Willows,1,6,1,0.16666666666666666,0.16666666666666666
The Wildhearts,1,6,2,0.16666666666666666,0.3333333333333333
Bombs Away,3,18,2,0.16666666666666666,0.1111111111111111
Bombus,1,6,1,0.16666666666666666,0.16666666666666666
Ruzzi,1,6,0,0.16666666666666666,0.0
Lauren Mia,1,6,0,0.16666666666666666,0.0
Róisín Murphy,2,12,3,0.16666666666666666,0.25
Westside Cartel,1,6,1,0.16666666666666666,0.16666666666666666
Crush Club,1,6,0,0.16666666666666666,0.0
The Gallerys,1,6,0,0.16666666666666666,0.0
*NSYNC,2,12,4,0.16666666666666666,0.3333333333333333
.SØN,1,6,0,0.16666666666666666,0.0
Skylar Stecker,1,6,0,0.16666666666666666,0.0
2Scratch,2,12,2,0.16666666666666666,0.16666666666666666
10cc,1,6,0,0.16666666666666666,0.0
Malcolm Voltaire,1,6,0,0.16666666666666666,0.0
Matt Simons,7,42,2,0.16666666666666666,0.047619047619047616
Crowd,1,6,0,0.16666666666666666,0.0
Maya Jane Coles,1,6,0,0.16666666666666666,0.0
27CLUB,1,6,1,0.16666666666666666,0.16666666666666666
2DE1,1,6,0,0.16666666666666666,0.0
Collective Soul,1,6,2,0.16666666666666666,0.3333333333333333
Pretty Ricky,2,12,1,0.16666666666666666,0.08333333333333333
カメレオン・ライム・ウーピーパイ,1,6,3,0.16666666666666666,0.5
187 Strassenbande,2,12,7,0.16666666666666666,0.5833333333333334
2NE1,1,6,0,0.16666666666666666,0.0
McClenney,3,18,3,0.16666666666666666,0.16666666666666666
Stackztootrill,1,6,0,0.16666666666666666,0.0
Nicki Nicole,6,36,5,0.16666666666666666,0.1388888888888889
Guaraná,1,6,1,0.16666666666666666,0.16666666666666666
Tommy Newport,1,6,0,0.16666666666666666,0.0
Mc Th,1,6,1,0.16666666666666666,0.16666666666666666
Eurythmics,3,18,3,0.16666666666666666,0.16666666666666666
Formal One,1,6,1,0.16666666666666666,0.16666666666666666
Mike Williams,11,66,11,0.16666666666666666,0.16666666666666666
Miki Núñez,1,6,0,0.16666666666666666,0.0
Julian Era,1,6,0,0.16666666666666666,0.0
Dream Shizuka,1,6,2,0.16666666666666666,0.3333333333333333
Dreezy,1,6,1,0.16666666666666666,0.16666666666666666
The Watch,1,6,0,0.16666666666666666,0.0
James Blunt,5,30,4,0.16666666666666666,0.13333333333333333
Pete Oak,1,6,1,0.16666666666666666,0.16666666666666666
Avi Ness,1,6,1,0.16666666666666666,0.16666666666666666
The Cult,3,18,2,0.16666666666666666,0.1111111111111111
César Avila,1,6,1,0.16666666666666666,0.16666666666666666
Shaun Cassidy,1,6,1,0.16666666666666666,0.16666666666666666
Smile,1,6,4,0.16666666666666666,0.6666666666666666
Christian French,1,6,1,0.16666666666666666,0.16666666666666666
Joyce Wrice,1,6,2,0.16666666666666666,0.3333333333333333
Pham,1,6,2,0.16666666666666666,0.3333333333333333
Julia Sicone,1,6,0,0.16666666666666666,0.0
Tori Amos,1,6,2,0.16666666666666666,0.3333333333333333
Everclear,1,6,1,0.16666666666666666,0.16666666666666666
Middle School,1,6,1,0.16666666666666666,0.16666666666666666
AKA AKA,1,6,1,0.16666666666666666,0.16666666666666666
Mama Cleo,1,6,0,0.16666666666666666,0.0
DuRu Tha King,1,6,1,0.16666666666666666,0.16666666666666666
RYPPHYPE,1,6,0,0.16666666666666666,0.0
WDL,1,6,2,0.16666666666666666,0.3333333333333333
Beartooth,2,12,3,0.16666666666666666,0.25
Austin Moon,2,12,2,0.16666666666666666,0.16666666666666666
Avoure,1,6,0,0.16666666666666666,0.0
Avinash Kalra,1,6,2,0.16666666666666666,0.3333333333333333
Maml,1,6,1,0.16666666666666666,0.16666666666666666
Manu Durán,1,6,1,0.16666666666666666,0.16666666666666666
Saving Vice,1,6,0,0.16666666666666666,0.0
Fuzo,1,6,1,0.16666666666666666,0.16666666666666666
Adrienne Pauly,1,6,1,0.16666666666666666,0.16666666666666666
Advaita,2,12,4,0.16666666666666666,0.3333333333333333
Deraj,1,6,1,0.16666666666666666,0.16666666666666666
Xavier Omär,2,12,4,0.16666666666666666,0.3333333333333333
Invisible Limits,1,6,0,0.16666666666666666,0.0
Regi,1,6,0,0.16666666666666666,0.0
Influence Music,1,6,0,0.16666666666666666,0.0
Biboulakis,1,6,0,0.16666666666666666,0.0
Karma Fields,1,6,1,0.16666666666666666,0.16666666666666666
Karasso,1,6,0,0.16666666666666666,0.0
Passion,1,6,0,0.16666666666666666,0.0
Reaper,1,6,0,0.16666666666666666,0.0
Rebecca Black,1,6,3,0.16666666666666666,0.5
Mar Vei,1,6,1,0.16666666666666666,0.16666666666666666
Funkerman,1,6,2,0.16666666666666666,0.3333333333333333
Acidic Base,1,6,0,0.16666666666666666,0.0
MAGIC GIANT,1,6,0,0.16666666666666666,0.0
DIIV,1,6,1,0.16666666666666666,0.16666666666666666
Red Flag,2,12,2,0.16666666666666666,0.16666666666666666
The Years Gone By,4,24,2,0.16666666666666666,0.08333333333333333
The Young Punx,1,6,1,0.16666666666666666,0.16666666666666666
Benny Mardones,1,6,1,0.16666666666666666,0.16666666666666666
Bergs,1,6,2,0.16666666666666666,0.3333333333333333
Fiesty 2 Gunns,1,6,2,0.16666666666666666,0.3333333333333333
Cadence Floria,1,6,0,0.16666666666666666,0.0
A.CHAL,1,6,1,0.16666666666666666,0.16666666666666666
A.Y.A,1,6,3,0.16666666666666666,0.5
ABBA,1,6,1,0.16666666666666666,0.16666666666666666
Willy Paul,1,6,0,0.16666666666666666,0.0
Red Band,1,6,1,0.16666666666666666,0.16666666666666666
Meck,2,12,1,0.16666666666666666,0.08333333333333333
Piso 21,10,60,9,0.16666666666666666,0.15
Pitizion,1,6,0,0.16666666666666666,0.0
Bamba Lamer,1,6,1,0.16666666666666666,0.16666666666666666
Jay Menez,4,24,1,0.16666666666666666,0.041666666666666664
Rezz,3,18,5,0.16666666666666666,0.2777777777777778
Big Star,1,6,3,0.16666666666666666,0.5
Big Yamo,2,12,0,0.16666666666666666,0.0
EZA,2,12,4,0.16666666666666666,0.3333333333333333
Sasha Chest,1,6,1,0.16666666666666666,0.16666666666666666
carwash,1,6,1,0.16666666666666666,0.16666666666666666
YAnna Crawley,1,6,2,0.16666666666666666,0.3333333333333333
PXNDX,1,6,4,0.16666666666666666,0.6666666666666666
Kelvin Jones,1,6,0,0.16666666666666666,0.0
Kelvis Ochoa,1,6,3,0.16666666666666666,0.5
GENERATIONS from EXILE TRIBE,1,6,3,0.16666666666666666,0.5
DJ Cash,2,12,0,0.16666666666666666,0.0
Incognet,1,6,0,0.16666666666666666,0.0
Denzil Porter,1,6,0,0.16666666666666666,0.0
Kash Doll,1,6,0,0.16666666666666666,0.0
Kavv,3,18,1,0.16666666666666666,0.05555555555555555
Rev Theory,6,36,4,0.16666666666666666,0.1111111111111111
Theis EZ,3,18,1,0.16666666666666666,0.05555555555555555
Kehele Keff,1,6,0,0.16666666666666666,0.0
Still Woozy,2,12,1,0.16666666666666666,0.08333333333333333
Y&T,3,18,5,0.16666666666666666,0.2777777777777778
Aerophon,1,6,1,0.16666666666666666,0.16666666666666666
GARZA,1,6,0,0.16666666666666666,0.0
Gaby Zambrano,1,6,0,0.16666666666666666,0.0
Lynn Hayek,1,6,3,0.16666666666666666,0.5
View,2,12,2,0.16666666666666666,0.16666666666666666
Revelries,2,12,0,0.16666666666666666,0.0
E-girls,1,6,1,0.16666666666666666,0.16666666666666666
D. Muñoz,1,6,0,0.16666666666666666,0.0
Sofía Campos,1,6,0,0.16666666666666666,0.0
Travis Barker,1,6,2,0.16666666666666666,0.3333333333333333
Bushwick Bill,1,6,1,0.16666666666666666,0.16666666666666666
Aby,1,6,3,0.16666666666666666,0.5
Kalimba,1,6,1,0.16666666666666666,0.16666666666666666
Ravek,1,6,2,0.16666666666666666,0.3333333333333333
Bertholet,3,18,0,0.16666666666666666,0.0
Devan,1,6,0,0.16666666666666666,0.0
Devault,1,6,2,0.16666666666666666,0.3333333333333333
DevilDriver,1,6,1,0.16666666666666666,0.16666666666666666
KSI,2,12,0,0.16666666666666666,0.0
Paul Otten,1,6,1,0.16666666666666666,0.16666666666666666
Chief Keef,4,24,2,0.16666666666666666,0.08333333333333333
Storm Queen,1,6,0,0.16666666666666666,0.0
B.City Crew,1,6,0,0.16666666666666666,0.0
Semitoo,1,6,0,0.16666666666666666,0.0
Sep,1,6,2,0.16666666666666666,0.3333333333333333
Seth Hills,6,36,5,0.16666666666666666,0.1388888888888889
Mach & Daddy,1,6,1,0.16666666666666666,0.16666666666666666
Mademoiselle K.,1,6,3,0.16666666666666666,0.5
Fred Hammond,7,42,5,0.16666666666666666,0.11904761904761904
Freddie Joachim,1,6,1,0.16666666666666666,0.16666666666666666
Frank Mccomb,6,36,2,0.16666666666666666,0.05555555555555555
Downlowd,1,6,0,0.16666666666666666,0.0
Dimmi,1,6,2,0.16666666666666666,0.3333333333333333
Michael Nau,1,6,1,0.16666666666666666,0.16666666666666666
The Egg,1,6,0,0.16666666666666666,0.0
Fleurie,1,6,1,0.16666666666666666,0.16666666666666666
The Eiffels,1,6,1,0.16666666666666666,0.16666666666666666
Cupid,1,6,0,0.16666666666666666,0.0
Duas Doses,1,6,0,0.16666666666666666,0.0
Szymi Szyms,1,6,0,0.16666666666666666,0.0
Barns Courtney,2,12,2,0.16666666666666666,0.16666666666666666
RAT BOY,1,6,0,0.16666666666666666,0.0
Jason Thurell,2,12,0,0.16666666666666666,0.0
Jaw,1,6,1,0.16666666666666666,0.16666666666666666
Isaac Delusion,1,6,1,0.16666666666666666,0.16666666666666666
Ashlie Amber,1,6,0,0.16666666666666666,0.0
Asilo 38,2,12,6,0.16666666666666666,0.5
Passion Pit,4,24,2,0.16666666666666666,0.08333333333333333
MC Ingryd,1,6,1,0.16666666666666666,0.16666666666666666
Scritti Politti,1,6,2,0.16666666666666666,0.3333333333333333
Fruko Y Sus Tesos,1,6,1,0.16666666666666666,0.16666666666666666
Full Crate,1,6,1,0.16666666666666666,0.16666666666666666
TrifeDrew,1,6,2,0.16666666666666666,0.3333333333333333
Bufalo,1,6,0,0.16666666666666666,0.0
The Hate Club,1,6,0,0.16666666666666666,0.0
Crazy Lixx,1,6,1,0.16666666666666666,0.16666666666666666
Cozy Collective,3,18,2,0.16666666666666666,0.1111111111111111
Kali Uchis,23,138,12,0.16666666666666666,0.08695652173913043
Kaleida,1,6,0,0.16666666666666666,0.0
The Revivalists,1,6,1,0.16666666666666666,0.16666666666666666
Duncan Sheik,1,6,1,0.16666666666666666,0.16666666666666666
Dulce López,1,6,1,0.16666666666666666,0.16666666666666666
MC Ren,1,6,2,0.16666666666666666,0.3333333333333333
Real Estate,1,6,2,0.16666666666666666,0.3333333333333333
Kai Exos,1,6,0,0.16666666666666666,0.0
dolorifics,1,6,1,0.16666666666666666,0.16666666666666666
METAFO4R,1,6,0,0.16666666666666666,0.0
Esperanza Spalding,5,30,4,0.16666666666666666,0.13333333333333333
Front 242,1,6,0,0.16666666666666666,0.0
Friday Night Plans,1,6,2,0.16666666666666666,0.3333333333333333
MELANIE?,1,6,1,0.16666666666666666,0.16666666666666666
Isobel Campbell,1,6,1,0.16666666666666666,0.16666666666666666
DJ Snake,40,241,30,0.16597510373443983,0.12448132780082988
Sebastian Yatra,12,73,13,0.1643835616438356,0.1780821917808219
Garmiani,10,61,7,0.16393442622950818,0.11475409836065574
DJ Quik,10,61,12,0.16393442622950818,0.19672131147540983
Ñejo & Dalmata,10,61,4,0.16393442622950818,0.06557377049180328
Cosculluela,10,61,4,0.16393442622950818,0.06557377049180328
Brian McKnight,9,55,8,0.16363636363636364,0.14545454545454545
Sade,9,55,5,0.16363636363636364,0.09090909090909091
Hansie,8,49,9,0.16326530612244897,0.1836734693877551
Shakira,22,135,21,0.16296296296296298,0.15555555555555556
Ysy A,14,86,12,0.16279069767441862,0.13953488372093023
Capital Bra,14,86,13,0.16279069767441862,0.1511627906976744
Ummet Ozcan,14,86,12,0.16279069767441862,0.13953488372093023
Auxxk,7,43,8,0.16279069767441862,0.18604651162790697
Ringo Starr,7,43,7,0.16279069767441862,0.16279069767441862
Bryce Vine,7,43,4,0.16279069767441862,0.09302325581395349
オメガトライブ,45,277,40,0.1624548736462094,0.1444043321299639
1Kilo,6,37,5,0.16216216216216217,0.13513513513513514
Tego Calderon,12,74,5,0.16216216216216217,0.06756756756756757
Kehlani,5,31,1,0.16129032258064516,0.03225806451612903
Ufo361,5,31,3,0.16129032258064516,0.0967741935483871
Wings,5,31,7,0.16129032258064516,0.22580645161290322
Ministry,5,31,2,0.16129032258064516,0.06451612903225806
Estelle,5,31,0,0.16129032258064516,0.0
LVNDSCAPE,5,31,3,0.16129032258064516,0.0967741935483871
Contiez,5,31,2,0.16129032258064516,0.06451612903225806
Hallman,5,31,3,0.16129032258064516,0.0967741935483871
Blue Wednesday,5,31,4,0.16129032258064516,0.12903225806451613
Javiera Mena,47,292,48,0.16095890410958905,0.1643835616438356
Joy Division,9,56,5,0.16071428571428573,0.08928571428571429
Sidoka,9,56,14,0.16071428571428573,0.25
Ozuna,40,249,35,0.1606425702811245,0.14056224899598393
Unlike Pluto,4,25,1,0.16,0.04
Prince Royce,8,50,5,0.16,0.1
Matt Strike,4,25,3,0.16,0.12
Olivia Holt,4,25,2,0.16,0.08
Blinders,4,25,3,0.16,0.12
Valentino Khan,4,25,5,0.16,0.2
Y'Akoto,4,25,3,0.16,0.12
Aitch,4,25,1,0.16,0.04
M-22,4,25,3,0.16,0.12
KURT,4,25,4,0.16,0.16
Jauz,4,25,5,0.16,0.2
Axel Boy,4,25,3,0.16,0.12
Run–D.M.C.,4,25,5,0.16,0.2
Foster The People,4,25,5,0.16,0.2
The Temptations,4,25,4,0.16,0.16
White Lion,4,25,1,0.16,0.04
Carlie Hanson,4,25,4,0.16,0.16
Royse,4,25,1,0.16,0.04
Rudy Torres,4,25,3,0.16,0.12
KYLE,4,25,1,0.16,0.04
KAY JAM,4,25,1,0.16,0.04
TWIIG,4,25,3,0.16,0.12
Ginuwine,15,94,14,0.1595744680851064,0.14893617021276595
DubVision,18,113,17,0.1592920353982301,0.1504424778761062
October Ends,7,44,0,0.1590909090909091,0.0
One Direction,14,88,9,0.1590909090909091,0.10227272727272728
Kings of Leon,14,88,7,0.1590909090909091,0.07954545454545454
Cream,7,44,9,0.1590909090909091,0.20454545454545456
Red Hot Chili Peppers,16,101,10,0.15841584158415842,0.09900990099009901
Żwirek,3,19,2,0.15789473684210525,0.10526315789473684
biosphere,3,19,1,0.15789473684210525,0.05263157894736842
Pentatonix,3,19,4,0.15789473684210525,0.21052631578947367
Juicy J,3,19,2,0.15789473684210525,0.10526315789473684
Chaka Khan,3,19,6,0.15789473684210525,0.3157894736842105
Josh Stanley,3,19,3,0.15789473684210525,0.15789473684210525
Cynthia Jones,6,38,2,0.15789473684210525,0.05263157894736842
Jeff Floyd,3,19,3,0.15789473684210525,0.15789473684210525
Silva,3,19,2,0.15789473684210525,0.10526315789473684
423kidk,3,19,2,0.15789473684210525,0.10526315789473684
Quavo,3,19,1,0.15789473684210525,0.05263157894736842
Jessica Reedy,3,19,1,0.15789473684210525,0.05263157894736842
MR.BLACK,3,19,4,0.15789473684210525,0.21052631578947367
Chestnyi,3,19,0,0.15789473684210525,0.0
HM Surf,3,19,4,0.15789473684210525,0.21052631578947367
Fukkk Offf,3,19,1,0.15789473684210525,0.05263157894736842
Frijo,3,19,2,0.15789473684210525,0.10526315789473684
Tamia,6,38,8,0.15789473684210525,0.21052631578947367
ReauBeau,3,19,1,0.15789473684210525,0.05263157894736842
AronChupa,3,19,4,0.15789473684210525,0.21052631578947367
Sash!,3,19,2,0.15789473684210525,0.10526315789473684
TOOL,3,19,2,0.15789473684210525,0.10526315789473684
Haddaway,3,19,1,0.15789473684210525,0.05263157894736842
Dbstf,3,19,1,0.15789473684210525,0.05263157894736842
SWACQ,3,19,4,0.15789473684210525,0.21052631578947367
Harry Styles,9,57,5,0.15789473684210525,0.08771929824561403
Aleman,6,38,5,0.15789473684210525,0.13157894736842105
Levert,6,38,5,0.15789473684210525,0.13157894736842105
Good Times Ahead,9,57,6,0.15789473684210525,0.10526315789473684
OSHUN,3,19,1,0.15789473684210525,0.05263157894736842
Blu,3,19,3,0.15789473684210525,0.15789473684210525
Nextro,3,19,0,0.15789473684210525,0.0
The Cure,20,127,18,0.15748031496062992,0.14173228346456693
Avicii,51,324,43,0.1574074074074074,0.13271604938271606
StaFFord63,14,89,5,0.15730337078651685,0.056179775280898875
Next,8,51,7,0.1568627450980392,0.13725490196078433
A$AP Ferg,8,51,4,0.1568627450980392,0.0784313725490196
Kollegah,8,51,4,0.1568627450980392,0.0784313725490196
Major Lazer,57,364,42,0.1565934065934066,0.11538461538461539
Jill Scott,23,147,18,0.1564625850340136,0.12244897959183673
La Coka Nostra,10,64,11,0.15625,0.171875
Türküm,5,32,3,0.15625,0.09375
Pat Benatar,5,32,7,0.15625,0.21875
Tinie Tempah,5,32,2,0.15625,0.0625
Tomoko Aran,5,32,1,0.15625,0.03125
BORCREW,5,32,3,0.15625,0.09375
3 Doors Down,10,64,12,0.15625,0.1875
Information Society,5,32,5,0.15625,0.15625
MC Caverinha,5,32,4,0.15625,0.125
Karyn White,12,77,9,0.15584415584415584,0.11688311688311688
Ol' Dirty Bastard,7,45,6,0.15555555555555556,0.13333333333333333
Kelly Clarkson,9,58,10,0.15517241379310345,0.1724137931034483
REO Speedwagon,9,58,2,0.15517241379310345,0.034482758620689655
Danny Boone,9,58,9,0.15517241379310345,0.15517241379310345
Martin Numan,9,58,4,0.15517241379310345,0.06896551724137931
New Order,18,116,14,0.15517241379310345,0.1206896551724138
T-SQUARE,9,58,5,0.15517241379310345,0.08620689655172414
Duran Duran,11,71,10,0.15492957746478872,0.14084507042253522
Jennifer Lopez,22,142,21,0.15492957746478872,0.14788732394366197
Jon Z,6,39,5,0.15384615384615385,0.1282051282051282
Royal Bliss,2,13,1,0.15384615384615385,0.07692307692307693
Syd,2,13,3,0.15384615384615385,0.23076923076923078
El Pinche Mara,2,13,1,0.15384615384615385,0.07692307692307693
Nipsey Hussle,4,26,2,0.15384615384615385,0.07692307692307693
Pierce Fulton,4,26,1,0.15384615384615385,0.038461538461538464
Caifanes,22,143,23,0.15384615384615385,0.16083916083916083
Rotimi,2,13,2,0.15384615384615385,0.15384615384615385
Mark Isham,2,13,1,0.15384615384615385,0.07692307692307693
A l l i e,2,13,0,0.15384615384615385,0.0
Tom Ferry,2,13,0,0.15384615384615385,0.0
Mariana BO,2,13,2,0.15384615384615385,0.15384615384615385
Bacilos,8,52,4,0.15384615384615385,0.07692307692307693
Mario Bautista,2,13,1,0.15384615384615385,0.07692307692307693
Youngn Lipz,2,13,3,0.15384615384615385,0.23076923076923078
The Federal Empire,2,13,2,0.15384615384615385,0.15384615384615385
Caribou,2,13,0,0.15384615384615385,0.0
St. Vincent,2,13,4,0.15384615384615385,0.3076923076923077
West Gold,2,13,3,0.15384615384615385,0.23076923076923078
Donny Hathaway,2,13,0,0.15384615384615385,0.0
Nightly,4,26,2,0.15384615384615385,0.07692307692307693
FRENSHIP,6,39,5,0.15384615384615385,0.1282051282051282
Mc Don Juan,2,13,1,0.15384615384615385,0.07692307692307693
Canserbero,2,13,1,0.15384615384615385,0.07692307692307693
Pure Pleazure,2,13,2,0.15384615384615385,0.15384615384615385
Tommy,2,13,2,0.15384615384615385,0.15384615384615385
Six Minutes 'Til Sunrise,2,13,2,0.15384615384615385,0.15384615384615385
"DeCarlos ""COS"" Waller",2,13,1,0.15384615384615385,0.07692307692307693
Delinquent Habits,12,78,9,0.15384615384615385,0.11538461538461539
Chris Brown,16,104,9,0.15384615384615385,0.08653846153846154
Don Toliver,2,13,1,0.15384615384615385,0.07692307692307693
Kraak & Smaak,2,13,1,0.15384615384615385,0.07692307692307693
Marianas Trench,2,13,2,0.15384615384615385,0.15384615384615385
Zookeepers,2,13,1,0.15384615384615385,0.07692307692307693
Jordan Matthew,2,13,1,0.15384615384615385,0.07692307692307693
Dionne Warwick,2,13,3,0.15384615384615385,0.23076923076923078
Ross Lynch,2,13,3,0.15384615384615385,0.23076923076923078
Trae Tha Truth,2,13,2,0.15384615384615385,0.15384615384615385
Ramirez,2,13,6,0.15384615384615385,0.46153846153846156
Bebe Rexha,8,52,6,0.15384615384615385,0.11538461538461539
The Runaway Club,2,13,1,0.15384615384615385,0.07692307692307693
Young Dolph,2,13,1,0.15384615384615385,0.07692307692307693
Dualities,2,13,1,0.15384615384615385,0.07692307692307693
MVGMVR,2,13,2,0.15384615384615385,0.15384615384615385
Neil Sedaka,2,13,0,0.15384615384615385,0.0
Tyron Hapi,2,13,2,0.15384615384615385,0.15384615384615385
Sufjan Stevens,2,13,0,0.15384615384615385,0.0
Tha Dogg Pound,2,13,2,0.15384615384615385,0.15384615384615385
Marce,2,13,0,0.15384615384615385,0.0
The Cribs,2,13,0,0.15384615384615385,0.0
Wac Toja,2,13,1,0.15384615384615385,0.07692307692307693
WYLD,2,13,1,0.15384615384615385,0.07692307692307693
Firebeatz,14,91,7,0.15384615384615385,0.07692307692307693
Monsune,2,13,1,0.15384615384615385,0.07692307692307693
Travel Light,2,13,0,0.15384615384615385,0.0
Z.Z. Hill,2,13,2,0.15384615384615385,0.15384615384615385
Leon Bridges,6,39,7,0.15384615384615385,0.1794871794871795
Chumbawamba,2,13,3,0.15384615384615385,0.23076923076923078
Iyaz,2,13,2,0.15384615384615385,0.15384615384615385
diMaro,2,13,1,0.15384615384615385,0.07692307692307693
Wyko,2,13,3,0.15384615384615385,0.23076923076923078
Friendly Fires,2,13,0,0.15384615384615385,0.0
OYE!!!,2,13,0,0.15384615384615385,0.0
STVCKS,2,13,2,0.15384615384615385,0.15384615384615385
Moguai,6,39,6,0.15384615384615385,0.15384615384615385
Misc.Inc,2,13,2,0.15384615384615385,0.15384615384615385
Madness,2,13,4,0.15384615384615385,0.3076923076923077
Vic Badillo,2,13,2,0.15384615384615385,0.15384615384615385
Architrackz,6,39,4,0.15384615384615385,0.10256410256410256
Morten Hampenberg & Alexander Brown,2,13,0,0.15384615384615385,0.0
Pards,2,13,0,0.15384615384615385,0.0
Karl X Johan,2,13,1,0.15384615384615385,0.07692307692307693
Gabrielle Aplin,2,13,3,0.15384615384615385,0.23076923076923078
Holy Ghost!,2,13,0,0.15384615384615385,0.0
PUBLIC,2,13,0,0.15384615384615385,0.0
Alfie Connor,2,13,2,0.15384615384615385,0.15384615384615385
Dennis Lloyd,4,26,2,0.15384615384615385,0.07692307692307693
Bella Thorne,2,13,4,0.15384615384615385,0.3076923076923077
Jack & James,2,13,1,0.15384615384615385,0.07692307692307693
Milli Vanilli,2,13,0,0.15384615384615385,0.0
SNBRN,2,13,2,0.15384615384615385,0.15384615384615385
Midnight Oil,4,26,4,0.15384615384615385,0.15384615384615385
Peter Gabriel,2,13,0,0.15384615384615385,0.0
Heaven's Basement,2,13,0,0.15384615384615385,0.0
Jamie Woon,4,26,7,0.15384615384615385,0.2692307692307692
Declain,2,13,1,0.15384615384615385,0.07692307692307693
Killswitch Engage,2,13,2,0.15384615384615385,0.15384615384615385
Lucha,2,13,3,0.15384615384615385,0.23076923076923078
Bill Evans,2,13,1,0.15384615384615385,0.07692307692307693
Sarcastic Sounds,2,13,1,0.15384615384615385,0.07692307692307693
Adam Jensen,2,13,2,0.15384615384615385,0.15384615384615385
The Beautiful Now,2,13,3,0.15384615384615385,0.23076923076923078
Antonio Neal,4,26,4,0.15384615384615385,0.15384615384615385
asbeluxt,2,13,0,0.15384615384615385,0.0
Cash Cash,22,143,17,0.15384615384615385,0.11888111888111888
Brunori Sas,2,13,3,0.15384615384615385,0.23076923076923078
Talib Kweli,2,13,5,0.15384615384615385,0.38461538461538464
Yandel,8,52,11,0.15384615384615385,0.21153846153846154
Isabella Hixson,2,13,1,0.15384615384615385,0.07692307692307693
U2,27,176,23,0.1534090909090909,0.13068181818181818
Fickle Friends,7,46,2,0.15217391304347827,0.043478260869565216
Hi-Five,7,46,11,0.15217391304347827,0.2391304347826087
ZZ Top,17,112,11,0.15178571428571427,0.09821428571428571
James Bay,5,33,3,0.15151515151515152,0.09090909090909091
Supertramp,5,33,1,0.15151515151515152,0.030303030303030304
Dyro,10,66,13,0.15151515151515152,0.19696969696969696
Flosstradamus,5,33,5,0.15151515151515152,0.15151515151515152
UGK,23,152,22,0.1513157894736842,0.14473684210526316
Papa Roach,13,86,12,0.1511627906976744,0.13953488372093023
Sander van Doorn,13,86,12,0.1511627906976744,0.13953488372093023
Jenil,8,53,7,0.1509433962264151,0.1320754716981132
DNCE,8,53,5,0.1509433962264151,0.09433962264150944
The Band,14,93,14,0.15053763440860216,0.15053763440860216
Deep Purple,14,93,12,0.15053763440860216,0.12903225806451613
John Lennon,20,133,12,0.15037593984962405,0.09022556390977443
Blackstreet,20,133,18,0.15037593984962405,0.13533834586466165
RÜFÜS DU SOL,6,40,4,0.15,0.1
Bone Thugs-N-Harmony,9,60,6,0.15,0.1
Carlos Baute,6,40,4,0.15,0.1
The Funkees,3,20,4,0.15,0.2
Famous Dex,3,20,2,0.15,0.1
Alkilados,3,20,1,0.15,0.05
Joe Stone,3,20,5,0.15,0.25
And One,3,20,1,0.15,0.05
Liricistas,3,20,3,0.15,0.15
Gusttavo Lima,6,40,4,0.15,0.1
Nurminsky,9,60,9,0.15,0.15
Nicki Minaj,12,80,15,0.15,0.1875
SMO,6,40,1,0.15,0.025
Toser One,3,20,5,0.15,0.25
WC no Beat,6,40,6,0.15,0.15
Julian Calor,9,60,5,0.15,0.08333333333333333
Ayo & Teo,3,20,2,0.15,0.1
Rawayana,3,20,3,0.15,0.15
DAO,3,20,3,0.15,0.15
fun.,6,40,7,0.15,0.175
damaa.beats,3,20,1,0.15,0.05
Coolio,3,20,5,0.15,0.25
Asia,3,20,2,0.15,0.1
Derek,3,20,2,0.15,0.1
X1,3,20,1,0.15,0.05
Brownman Revival,3,20,0,0.15,0.0
Yera,3,20,3,0.15,0.15
Elvis Crespo,6,40,1,0.15,0.025
Brennan Savage,3,20,0,0.15,0.0
Fabolous,6,40,6,0.15,0.15
Tomas Skyldeberg,3,20,4,0.15,0.2
Maurice West,3,20,2,0.15,0.1
2STRANGE,3,20,1,0.15,0.05
OutKast,37,247,36,0.14979757085020243,0.145748987854251
Jimi Hendrix,16,107,15,0.14953271028037382,0.14018691588785046
GAWVI,13,87,9,0.14942528735632185,0.10344827586206896
Pete Rock & C.L. Smooth,13,87,11,0.14942528735632185,0.12643678160919541
18 Karat,10,67,10,0.14925373134328357,0.14925373134328357
Cartel De Santa,27,181,21,0.14917127071823205,0.11602209944751381
Capital Cities,7,47,3,0.14893617021276595,0.06382978723404255
Luny Tunes,7,47,7,0.14893617021276595,0.14893617021276595
Hannah Montana,7,47,3,0.14893617021276595,0.06382978723404255
Wolfgang Lohr,7,47,7,0.14893617021276595,0.14893617021276595
Young Igi,7,47,6,0.14893617021276595,0.1276595744680851
Eddie Money,7,47,4,0.14893617021276595,0.0851063829787234
Ekali,7,47,5,0.14893617021276595,0.10638297872340426
Panic! At The Disco,11,74,15,0.14864864864864866,0.20270270270270271
Wahlstedt,11,74,9,0.14864864864864866,0.12162162162162163
Snoop Dogg,27,182,24,0.14835164835164835,0.13186813186813187
Stephanie Mills,4,27,4,0.14814814814814814,0.14814814814814814
Lil Rob,4,27,4,0.14814814814814814,0.14814814814814814
Plain White T's,4,27,4,0.14814814814814814,0.14814814814814814
Ol Kainry,4,27,2,0.14814814814814814,0.07407407407407407
The Boys,4,27,3,0.14814814814814814,0.1111111111111111
Josha Daniel,4,27,1,0.14814814814814814,0.037037037037037035
Sasha Sloan,4,27,4,0.14814814814814814,0.14814814814814814
Christopher Needle,4,27,2,0.14814814814814814,0.07407407407407407
HI-LO,4,27,2,0.14814814814814814,0.07407407407407407
Future,32,216,24,0.14814814814814814,0.1111111111111111
Brothers Page,4,27,0,0.14814814814814814,0.0
Thomas Jack,4,27,0,0.14814814814814814,0.0
Dyne Side,4,27,2,0.14814814814814814,0.07407407407407407
Valley,4,27,2,0.14814814814814814,0.07407407407407407
Ariana Grande,44,298,30,0.1476510067114094,0.10067114093959731
Lil Nas X,9,61,6,0.14754098360655737,0.09836065573770492
Bad Company,9,61,2,0.14754098360655737,0.03278688524590164
Lucas Estrada,9,61,8,0.14754098360655737,0.13114754098360656
Zedd,34,231,32,0.1471861471861472,0.13852813852813853
Odd Chap,5,34,5,0.14705882352941177,0.14705882352941177
Night Tempo,15,102,11,0.14705882352941177,0.10784313725490197
LEISURE,5,34,3,0.14705882352941177,0.08823529411764706
Portavoz,5,34,10,0.14705882352941177,0.29411764705882354
Lane 8,10,68,9,0.14705882352941177,0.1323529411764706
Boyz II Men,22,150,17,0.14666666666666667,0.11333333333333333
Ed Sheeran,33,225,40,0.14666666666666667,0.17777777777777778
Raheem DeVaughn,11,75,10,0.14666666666666667,0.13333333333333333
LOOPERS,11,75,2,0.14666666666666667,0.02666666666666667
The Beatles,17,116,10,0.14655172413793102,0.08620689655172414
The Pretty Reckless,6,41,7,0.14634146341463414,0.17073170731707318
blackbear,12,82,13,0.14634146341463414,0.15853658536585366
chillwagon,6,41,4,0.14634146341463414,0.0975609756097561
Phos Toni,6,41,3,0.14634146341463414,0.07317073170731707
SZA,12,82,8,0.14634146341463414,0.0975609756097561
Carnage,6,41,3,0.14634146341463414,0.07317073170731707
Lynyrd Skynyrd,32,219,26,0.1461187214611872,0.1187214611872146
Flo Rida,13,89,13,0.14606741573033707,0.14606741573033707
Khea,13,89,6,0.14606741573033707,0.06741573033707865
W&W,28,192,27,0.14583333333333334,0.140625
Halestorm,7,48,10,0.14583333333333334,0.20833333333333334
Jazzinuf,8,55,10,0.14545454545454545,0.18181818181818182
Raphael Saadiq,8,55,7,0.14545454545454545,0.12727272727272726
Tyga,33,227,23,0.14537444933920704,0.1013215859030837
Marshmello,25,172,33,0.14534883720930233,0.19186046511627908
blink-182,17,117,16,0.1452991452991453,0.13675213675213677
R.K.M & Ken-Y,12,83,10,0.14457831325301204,0.12048192771084337
Sigala,15,104,18,0.14423076923076922,0.17307692307692307
Janelle Monáe,30,208,27,0.14423076923076922,0.12980769230769232
Halsey,16,111,10,0.14414414414414414,0.09009009009009009
Shawn Mendes,19,132,23,0.14393939393939395,0.17424242424242425
Lee Scott,1,7,1,0.14285714285714285,0.14285714285714285
Evie Clair,1,7,0,0.14285714285714285,0.0
Gwen McCrae,1,7,0,0.14285714285714285,0.0
Zaeden,1,7,2,0.14285714285714285,0.2857142857142857
Teeam Revolver,1,7,2,0.14285714285714285,0.2857142857142857
Danntik,1,7,1,0.14285714285714285,0.14285714285714285
L7NNON,1,7,1,0.14285714285714285,0.14285714285714285
Guy Sebastian,3,21,2,0.14285714285714285,0.09523809523809523
ORACLES,1,7,2,0.14285714285714285,0.2857142857142857
Z'looke,1,7,0,0.14285714285714285,0.0
Josh Le Tissier,1,7,0,0.14285714285714285,0.0
The Legal Immigrants,1,7,2,0.14285714285714285,0.2857142857142857
ODILLIA,1,7,2,0.14285714285714285,0.2857142857142857
Nørd,1,7,0,0.14285714285714285,0.0
LORYN,1,7,1,0.14285714285714285,0.14285714285714285
Nelson Leeroy,1,7,0,0.14285714285714285,0.0
Alex Larke,1,7,1,0.14285714285714285,0.14285714285714285
The Jam,2,14,1,0.14285714285714285,0.07142857142857142
Run River North,1,7,0,0.14285714285714285,0.0
Smoke Trees,2,14,2,0.14285714285714285,0.14285714285714285
Man Cub,1,7,2,0.14285714285714285,0.2857142857142857
Makeup And Vanity Set,2,14,2,0.14285714285714285,0.14285714285714285
Josh A,1,7,2,0.14285714285714285,0.2857142857142857
Young Ellens,1,7,0,0.14285714285714285,0.0
LNY TNZ,1,7,0,0.14285714285714285,0.0
Beach Bunny,1,7,2,0.14285714285714285,0.2857142857142857
Beamon,1,7,3,0.14285714285714285,0.42857142857142855
Bearson,1,7,1,0.14285714285714285,0.14285714285714285
Judas Priest,15,105,11,0.14285714285714285,0.10476190476190476
Mansionair,3,21,0,0.14285714285714285,0.0
Tyler Gilbert,1,7,0,0.14285714285714285,0.0
Manuel Medrano,3,21,4,0.14285714285714285,0.19047619047619047
Gym Class Heroes,4,28,2,0.14285714285714285,0.07142857142857142
Smoke Trio,1,7,2,0.14285714285714285,0.2857142857142857
W3alth,1,7,0,0.14285714285714285,0.0
Ducko McFli,1,7,0,0.14285714285714285,0.0
Jurassic 5,3,21,2,0.14285714285714285,0.09523809523809523
Pep & Rash,1,7,2,0.14285714285714285,0.2857142857142857
Perfect Pitch,2,14,2,0.14285714285714285,0.14285714285714285
TBR,3,21,3,0.14285714285714285,0.14285714285714285
Jakspin,1,7,1,0.14285714285714285,0.14285714285714285
Becoming Young,1,7,1,0.14285714285714285,0.14285714285714285
TJR,7,49,8,0.14285714285714285,0.16326530612244897
KAYE,1,7,0,0.14285714285714285,0.0
K.D.S,1,7,1,0.14285714285714285,0.14285714285714285
AViVA,1,7,0,0.14285714285714285,0.0
Shadw,1,7,2,0.14285714285714285,0.2857142857142857
Formula,1,7,1,0.14285714285714285,0.14285714285714285
Four Tet,1,7,0,0.14285714285714285,0.0
Josh Arce,2,14,3,0.14285714285714285,0.21428571428571427
Streetz,1,7,0,0.14285714285714285,0.0
Jacquees,5,35,5,0.14285714285714285,0.14285714285714285
Ava Raiin,1,7,1,0.14285714285714285,0.14285714285714285
Maikel Delacalle,2,14,2,0.14285714285714285,0.14285714285714285
Majed,1,7,0,0.14285714285714285,0.0
CCIITTYY,1,7,2,0.14285714285714285,0.2857142857142857
Glenn Frey,1,7,1,0.14285714285714285,0.14285714285714285
Bowling For Soup,1,7,1,0.14285714285714285,0.14285714285714285
Spade Melo,3,21,0,0.14285714285714285,0.0
Spanic,1,7,0,0.14285714285714285,0.0
Lit Killah,5,35,8,0.14285714285714285,0.22857142857142856
Kyla La Grange,1,7,0,0.14285714285714285,0.0
Kylie Auldist,1,7,0,0.14285714285714285,0.0
Kyuss,1,7,2,0.14285714285714285,0.2857142857142857
The Golden Army,1,7,2,0.14285714285714285,0.2857142857142857
Shane Harper,1,7,0,0.14285714285714285,0.0
Cloud Nothings,1,7,0,0.14285714285714285,0.0
Stefan Vilijn,1,7,1,0.14285714285714285,0.14285714285714285
Rodrigo Ruchell,1,7,1,0.14285714285714285,0.14285714285714285
Healy,3,21,4,0.14285714285714285,0.19047619047619047
David Soul,1,7,2,0.14285714285714285,0.2857142857142857
Davina,1,7,1,0.14285714285714285,0.14285714285714285
CØDE,3,21,1,0.14285714285714285,0.047619047619047616
Shavi,1,7,0,0.14285714285714285,0.0
Fluex,1,7,2,0.14285714285714285,0.2857142857142857
Vox Eagle,1,7,1,0.14285714285714285,0.14285714285714285
Dijon,4,28,2,0.14285714285714285,0.07142857142857142
Dillistone,1,7,2,0.14285714285714285,0.2857142857142857
Makiza,1,7,1,0.14285714285714285,0.14285714285714285
TobyMac,2,14,2,0.14285714285714285,0.14285714285714285
Rain,1,7,1,0.14285714285714285,0.14285714285714285
Foreign Air,3,21,3,0.14285714285714285,0.14285714285714285
ARIA,1,7,0,0.14285714285714285,0.0
ARMAN,2,14,2,0.14285714285714285,0.14285714285714285
illiterate,1,7,1,0.14285714285714285,0.14285714285714285
jeonghyeon,1,7,0,0.14285714285714285,0.0
Maia Mitchell,2,14,3,0.14285714285714285,0.21428571428571427
Dread Pitt,1,7,2,0.14285714285714285,0.2857142857142857
Confetti,6,42,8,0.14285714285714285,0.19047619047619047
CHASE B,1,7,0,0.14285714285714285,0.0
CHIKA,1,7,0,0.14285714285714285,0.0
CHRIS YONGE,1,7,1,0.14285714285714285,0.14285714285714285
Caron Wheeler,1,7,0,0.14285714285714285,0.0
iLe,1,7,1,0.14285714285714285,0.14285714285714285
ASOBOiSM,2,14,1,0.14285714285714285,0.07142857142857142
Raffa Moreira,1,7,0,0.14285714285714285,0.0
Snail Mail,1,7,3,0.14285714285714285,0.42857142857142855
Great Good Fine Ok,8,56,7,0.14285714285714285,0.125
Great Minds,1,7,2,0.14285714285714285,0.2857142857142857
SGD Vedoe,1,7,3,0.14285714285714285,0.42857142857142855
Like Swimming,1,7,1,0.14285714285714285,0.14285714285714285
Nora Arnezeder,1,7,3,0.14285714285714285,0.42857142857142855
Noriega,1,7,0,0.14285714285714285,0.0
Cobra Starship,1,7,1,0.14285714285714285,0.14285714285714285
El Freaky,1,7,4,0.14285714285714285,0.5714285714285714
6o,1,7,2,0.14285714285714285,0.2857142857142857
sumthin sumthin,1,7,0,0.14285714285714285,0.0
potsu,2,14,2,0.14285714285714285,0.14285714285714285
Almero,1,7,1,0.14285714285714285,0.14285714285714285
Alsogood,2,14,3,0.14285714285714285,0.21428571428571427
Le P,1,7,3,0.14285714285714285,0.42857142857142855
Jorge Villamizar,2,14,2,0.14285714285714285,0.14285714285714285
Felp 22,2,14,2,0.14285714285714285,0.14285714285714285
Tommy Trash,3,21,5,0.14285714285714285,0.23809523809523808
Simioli,1,7,1,0.14285714285714285,0.14285714285714285
Favian Lovo,2,14,2,0.14285714285714285,0.14285714285714285
Merk & Kremont,4,28,2,0.14285714285714285,0.07142857142857142
Ponderosa Twins Plus One,1,7,1,0.14285714285714285,0.14285714285714285
Jennifer Rush,1,7,0,0.14285714285714285,0.0
QQUN,1,7,0,0.14285714285714285,0.0
Quadron,1,7,4,0.14285714285714285,0.5714285714285714
Whistle Back,1,7,3,0.14285714285714285,0.42857142857142855
Youth Lagoon,1,7,1,0.14285714285714285,0.14285714285714285
Novustory,1,7,3,0.14285714285714285,0.42857142857142855
Now United,1,7,1,0.14285714285714285,0.14285714285714285
Blutengel,1,7,3,0.14285714285714285,0.42857142857142855
Playboi Carti,3,21,4,0.14285714285714285,0.19047619047619047
Felix Palmqvist,1,7,1,0.14285714285714285,0.14285714285714285
Baba Saad,3,21,2,0.14285714285714285,0.09523809523809523
Puerto Rican Power,2,14,4,0.14285714285714285,0.2857142857142857
Jeremy Jordan,1,7,0,0.14285714285714285,0.0
ChocQuibTown,1,7,1,0.14285714285714285,0.14285714285714285
Fabian Mazur,4,28,5,0.14285714285714285,0.17857142857142858
Naezy,2,14,3,0.14285714285714285,0.21428571428571427
Lord Siva,1,7,0,0.14285714285714285,0.0
Kormac,3,21,1,0.14285714285714285,0.047619047619047616
Kraftwerk,1,7,1,0.14285714285714285,0.14285714285714285
Rob Curly,1,7,1,0.14285714285714285,0.14285714285714285
Ebhoni,1,7,0,0.14285714285714285,0.0
DJ RYOW,1,7,2,0.14285714285714285,0.2857142857142857
NONA REEVES,1,7,2,0.14285714285714285,0.2857142857142857
Los Del Rio,4,28,2,0.14285714285714285,0.07142857142857142
Nexy,1,7,0,0.14285714285714285,0.0
Brian Chundro,1,7,0,0.14285714285714285,0.0
Sir Sly,1,7,0,0.14285714285714285,0.0
Camilo Séptimo,1,7,3,0.14285714285714285,0.42857142857142855
Tom Staar,1,7,0,0.14285714285714285,0.0
9th Wonder,1,7,1,0.14285714285714285,0.14285714285714285
Joe McLeod,1,7,1,0.14285714285714285,0.14285714285714285
Wet,2,14,2,0.14285714285714285,0.14285714285714285
Swardy,3,21,3,0.14285714285714285,0.14285714285714285
The Veer Union,1,7,0,0.14285714285714285,0.0
Sky,1,7,4,0.14285714285714285,0.5714285714285714
Tom Thomson,1,7,1,0.14285714285714285,0.14285714285714285
Mattafix,1,7,0,0.14285714285714285,0.0
Crucial Conflict,1,7,1,0.14285714285714285,0.14285714285714285
Megadeth,1,7,0,0.14285714285714285,0.0
Rowan Blanchard,1,7,1,0.14285714285714285,0.14285714285714285
Nitzer Ebb,1,7,1,0.14285714285714285,0.14285714285714285
Zouhair Bahaoui,2,14,2,0.14285714285714285,0.14285714285714285
Nengo Flow,3,21,4,0.14285714285714285,0.19047619047619047
Cesar Vilo,2,14,1,0.14285714285714285,0.07142857142857142
Doug E. Fresh,1,7,0,0.14285714285714285,0.0
Jasper Loco,1,7,0,0.14285714285714285,0.0
Jawknee Music,1,7,0,0.14285714285714285,0.0
mayklove,1,7,3,0.14285714285714285,0.42857142857142855
Michel Teló,1,7,1,0.14285714285714285,0.14285714285714285
Shooter Gang,1,7,2,0.14285714285714285,0.2857142857142857
Shuko,1,7,0,0.14285714285714285,0.0
Cutting Crew,2,14,0,0.14285714285714285,0.0
Marcus King,1,7,0,0.14285714285714285,0.0
COY Swede,1,7,2,0.14285714285714285,0.2857142857142857
Café Quijano,1,7,0,0.14285714285714285,0.0
Who,1,7,3,0.14285714285714285,0.42857142857142855
Jordin Sparks,1,7,2,0.14285714285714285,0.2857142857142857
Esbie Fonte,1,7,1,0.14285714285714285,0.14285714285714285
Barnes Blvd.,1,7,0,0.14285714285714285,0.0
Jarami,1,7,1,0.14285714285714285,0.14285714285714285
Those Damn Crows,1,7,0,0.14285714285714285,0.0
Tene' Williams,1,7,3,0.14285714285714285,0.42857142857142855
Carly Simon,6,42,4,0.14285714285714285,0.09523809523809523
Caro Emerald,2,14,1,0.14285714285714285,0.07142857142857142
Peter Schilling,2,14,1,0.14285714285714285,0.07142857142857142
Jane Weaver,1,7,2,0.14285714285714285,0.2857142857142857
James TW,2,14,2,0.14285714285714285,0.14285714285714285
Downplay,1,7,1,0.14285714285714285,0.14285714285714285
Dilpreet Dhillon,2,14,0,0.14285714285714285,0.0
Dimie Cat,2,14,0,0.14285714285714285,0.0
Dio,9,63,4,0.14285714285714285,0.06349206349206349
Philanthrope,3,21,1,0.14285714285714285,0.047619047619047616
Chris Lake,3,21,3,0.14285714285714285,0.14285714285714285
Jay-C,1,7,1,0.14285714285714285,0.14285714285714285
Chris Travis,1,7,1,0.14285714285714285,0.14285714285714285
Wiki,2,14,2,0.14285714285714285,0.14285714285714285
Jefferson Starship,1,7,0,0.14285714285714285,0.0
Jelly Roll,30,210,33,0.14285714285714285,0.15714285714285714
Wayne Dreadski,1,7,0,0.14285714285714285,0.0
John Mailander,1,7,0,0.14285714285714285,0.0
John Parr,1,7,0,0.14285714285714285,0.0
Chris Wandell,1,7,1,0.14285714285714285,0.14285714285714285
Fela Kuti,1,7,1,0.14285714285714285,0.14285714285714285
Caio,1,7,0,0.14285714285714285,0.0
Fernando & Sorocaba,2,14,2,0.14285714285714285,0.14285714285714285
mell-ø,1,7,2,0.14285714285714285,0.2857142857142857
VANT,1,7,1,0.14285714285714285,0.14285714285714285
Pilar Pascual,1,7,0,0.14285714285714285,0.0
Jonelle,1,7,0,0.14285714285714285,0.0
Jones Meadow,4,28,1,0.14285714285714285,0.03571428571428571
Joni Mitchell,1,7,0,0.14285714285714285,0.0
Jon Corbin,1,7,1,0.14285714285714285,0.14285714285714285
Band Of Skulls,1,7,1,0.14285714285714285,0.14285714285714285
Cuco,3,21,8,0.14285714285714285,0.38095238095238093
Cults,1,7,1,0.14285714285714285,0.14285714285714285
F1rstman,1,7,0,0.14285714285714285,0.0
Smashing Sebastian,1,7,2,0.14285714285714285,0.2857142857142857
RIKE,1,7,1,0.14285714285714285,0.14285714285714285
Born Free,1,7,0,0.14285714285714285,0.0
Lil Mop,1,7,0,0.14285714285714285,0.0
Stars,1,7,0,0.14285714285714285,0.0
Head East,1,7,0,0.14285714285714285,0.0
A Nite Out,1,7,1,0.14285714285714285,0.14285714285714285
Saravah Soul,1,7,0,0.14285714285714285,0.0
Lonely in the Rain,7,49,7,0.14285714285714285,0.14285714285714285
Luke ST,1,7,0,0.14285714285714285,0.0
Luke Thompson,1,7,0,0.14285714285714285,0.0
Mystic Crock,1,7,0,0.14285714285714285,0.0
Emmanuel Franco,1,7,0,0.14285714285714285,0.0
Galactus Jack,3,21,3,0.14285714285714285,0.14285714285714285
Lud Foe,1,7,0,0.14285714285714285,0.0
H.P. Baxxter,1,7,0,0.14285714285714285,0.0
HANSEL,1,7,2,0.14285714285714285,0.2857142857142857
Haikaiss,1,7,1,0.14285714285714285,0.14285714285714285
Boehm,1,7,0,0.14285714285714285,0.0
Latimore,1,7,0,0.14285714285714285,0.0
Noel,1,7,2,0.14285714285714285,0.2857142857142857
Andrew Simple,1,7,1,0.14285714285714285,0.14285714285714285
bbno$,2,14,0,0.14285714285714285,0.0
Gary Jules,1,7,0,0.14285714285714285,0.0
Gary's Gang,1,7,2,0.14285714285714285,0.2857142857142857
DJ Mehdi,1,7,0,0.14285714285714285,0.0
YVR,1,7,1,0.14285714285714285,0.14285714285714285
EMADUS,1,7,0,0.14285714285714285,0.0
EMBRZ,1,7,0,0.14285714285714285,0.0
PH Electro,1,7,0,0.14285714285714285,0.0
PLANKGAS,1,7,0,0.14285714285714285,0.0
Keri Hilson,1,7,1,0.14285714285714285,0.14285714285714285
TRY Deny,1,7,2,0.14285714285714285,0.2857142857142857
Theory of a Deadman,6,42,2,0.14285714285714285,0.047619047619047616
Bjonr,1,7,1,0.14285714285714285,0.14285714285714285
Yan Collazo,1,7,1,0.14285714285714285,0.14285714285714285
Oscarcito,1,7,0,0.14285714285714285,0.0
Lala Lala,1,7,1,0.14285714285714285,0.14285714285714285
Solovino,1,7,0,0.14285714285714285,0.0
Entre Linhas,1,7,1,0.14285714285714285,0.14285714285714285
GAMBOA,1,7,2,0.14285714285714285,0.2857142857142857
Ideal,1,7,1,0.14285714285714285,0.14285714285714285
Looking Glass,1,7,0,0.14285714285714285,0.0
Cormega,1,7,1,0.14285714285714285,0.14285714285714285
Ginostacksz Bravs Tavv,1,7,0,0.14285714285714285,0.0
Giorgio Moroder,1,7,2,0.14285714285714285,0.2857142857142857
DREAMCATCHER,1,7,0,0.14285714285714285,0.0
DRIIIFT,1,7,0,0.14285714285714285,0.0
Nai Palm,1,7,1,0.14285714285714285,0.14285714285714285
Deathpact,1,7,1,0.14285714285714285,0.14285714285714285
Robag Wruhme,1,7,1,0.14285714285714285,0.14285714285714285
Hila Ruach,1,7,1,0.14285714285714285,0.14285714285714285
Hiphop Tamizha,2,14,0,0.14285714285714285,0.0
Gary Caos,1,7,1,0.14285714285714285,0.14285714285714285
DJ Eggs,1,7,0,0.14285714285714285,0.0
Aesthetic Perfection,2,14,2,0.14285714285714285,0.14285714285714285
After 10,2,14,2,0.14285714285714285,0.14285714285714285
Yung Skii,1,7,2,0.14285714285714285,0.2857142857142857
Alias,1,7,1,0.14285714285714285,0.14285714285714285
Alice Cooper,15,105,19,0.14285714285714285,0.18095238095238095
Alice Jemima,2,14,0,0.14285714285714285,0.0
SARM,1,7,1,0.14285714285714285,0.14285714285714285
Tyrone Davis,2,14,1,0.14285714285714285,0.07142857142857142
Ludvig Forssell,1,7,2,0.14285714285714285,0.2857142857142857
TST,1,7,0,0.14285714285714285,0.0
Idina Menzel,2,14,1,0.14285714285714285,0.07142857142857142
IQ,2,14,2,0.14285714285714285,0.14285714285714285
EZI,2,14,1,0.14285714285714285,0.07142857142857142
Cosmo's Midnight,2,14,1,0.14285714285714285,0.07142857142857142
Tinley,1,7,1,0.14285714285714285,0.14285714285714285
Clarence Carter,2,14,1,0.14285714285714285,0.07142857142857142
Aiyo,1,7,1,0.14285714285714285,0.14285714285714285
Sampa the Great,1,7,0,0.14285714285714285,0.0
Love Canon,5,35,5,0.14285714285714285,0.14285714285714285
N7,1,7,1,0.14285714285714285,0.14285714285714285
NEFFEX,1,7,0,0.14285714285714285,0.0
Melih Aydogan,1,7,1,0.14285714285714285,0.14285714285714285
Laurent Wolf feat. Eric Carter,1,7,2,0.14285714285714285,0.2857142857142857
Niia,1,7,0,0.14285714285714285,0.0
Jetty Rachers,1,7,3,0.14285714285714285,0.42857142857142855
Proleter,4,28,6,0.14285714285714285,0.21428571428571427
Pseudónimo,1,7,1,0.14285714285714285,0.14285714285714285
.Sinh,2,14,2,0.14285714285714285,0.14285714285714285
Zimple,2,14,1,0.14285714285714285,0.07142857142857142
Cheap Trick,9,63,8,0.14285714285714285,0.12698412698412698
Gopi Waraich,1,7,1,0.14285714285714285,0.14285714285714285
The J. Geils Band,2,14,0,0.14285714285714285,0.0
St. Lucia,4,28,4,0.14285714285714285,0.14285714285714285
Simple Citizens,1,7,2,0.14285714285714285,0.2857142857142857
tobi lou,1,7,0,0.14285714285714285,0.0
Sweeper,2,14,1,0.14285714285714285,0.07142857142857142
Prince of falls,3,21,2,0.14285714285714285,0.09523809523809523
"Danny ""Butch"" Means",1,7,0,0.14285714285714285,0.0
2 LIVE CREW,1,7,1,0.14285714285714285,0.14285714285714285
Mavrick,1,7,0,0.14285714285714285,0.0
Mc Maha,1,7,1,0.14285714285714285,0.14285714285714285
Faber Drive,1,7,0,0.14285714285714285,0.0
FLORA,1,7,0,0.14285714285714285,0.0
"""Dear Evan Hansen"" August 2018 Broadway Cast",2,14,0,0.14285714285714285,0.0
Sweet,7,49,8,0.14285714285714285,0.16326530612244897
Tesla,2,14,3,0.14285714285714285,0.21428571428571427
Kiddo Toto,1,7,1,0.14285714285714285,0.14285714285714285
Kianush,3,21,5,0.14285714285714285,0.23809523809523808
Kid Elliot,1,7,2,0.14285714285714285,0.2857142857142857
DJ Mibor,5,35,4,0.14285714285714285,0.11428571428571428
The Hot Damns,1,7,0,0.14285714285714285,0.0
Agusa,1,7,0,0.14285714285714285,0.0
Soul (Mo Henderson's Group),1,7,2,0.14285714285714285,0.2857142857142857
Tim McGraw,1,7,1,0.14285714285714285,0.14285714285714285
Trynket,1,7,2,0.14285714285714285,0.2857142857142857
Broken Back,1,7,0,0.14285714285714285,0.0
Van Der Graaf Generator,1,7,1,0.14285714285714285,0.14285714285714285
Ed Maverick,1,7,1,0.14285714285714285,0.14285714285714285
Stesso,1,7,4,0.14285714285714285,0.5714285714285714
Cheree,1,7,3,0.14285714285714285,0.42857142857142855
Clavee,1,7,0,0.14285714285714285,0.0
Rkomi,1,7,1,0.14285714285714285,0.14285714285714285
"Albert Hammond, Jr.",1,7,2,0.14285714285714285,0.2857142857142857
Albert King,1,7,0,0.14285714285714285,0.0
Cauty,1,7,1,0.14285714285714285,0.14285714285714285
Elodie,1,7,2,0.14285714285714285,0.2857142857142857
Elvis Presley,1,7,1,0.14285714285714285,0.14285714285714285
Losless,1,7,1,0.14285714285714285,0.14285714285714285
The Be Good Tanyas,1,7,0,0.14285714285714285,0.0
King Arthur,3,21,3,0.14285714285714285,0.14285714285714285
Geoxor,1,7,0,0.14285714285714285,0.0
Geraldo Pino,1,7,1,0.14285714285714285,0.14285714285714285
audrey,1,7,0,0.14285714285714285,0.0
Ansel Elgort,1,7,1,0.14285714285714285,0.14285714285714285
OnCue,1,7,0,0.14285714285714285,0.0
Black Coast,1,7,1,0.14285714285714285,0.14285714285714285
Black Pistol Fire,1,7,2,0.14285714285714285,0.2857142857142857
Koosen,1,7,2,0.14285714285714285,0.2857142857142857
Momo Soundz,3,21,3,0.14285714285714285,0.14285714285714285
Pastiche,1,7,0,0.14285714285714285,0.0
Chymamusique,1,7,0,0.14285714285714285,0.0
Ivory Layne,1,7,2,0.14285714285714285,0.2857142857142857
The Church,1,7,2,0.14285714285714285,0.2857142857142857
MJG,3,21,2,0.14285714285714285,0.09523809523809523
MOMOLAND,3,21,2,0.14285714285714285,0.09523809523809523
Tree60,1,7,0,0.14285714285714285,0.0
Patrice Bäumel,1,7,2,0.14285714285714285,0.2857142857142857
Raquel Aurilia,1,7,0,0.14285714285714285,0.0
TORU,1,7,0,0.14285714285714285,0.0
Dexter,1,7,1,0.14285714285714285,0.14285714285714285
Chromatics,2,14,2,0.14285714285714285,0.14285714285714285
Electric Youth,1,7,1,0.14285714285714285,0.14285714285714285
Cartoon,2,14,4,0.14285714285714285,0.2857142857142857
Greg Grease,1,7,1,0.14285714285714285,0.14285714285714285
flora cash,2,14,1,0.14285714285714285,0.07142857142857142
Eredaze,1,7,0,0.14285714285714285,0.0
Roc DaGuard,5,35,4,0.14285714285714285,0.11428571428571428
[dunkelbunt],1,7,4,0.14285714285714285,0.5714285714285714
Natalie Weiss,1,7,1,0.14285714285714285,0.14285714285714285
Dafuniks,1,7,0,0.14285714285714285,0.0
Tye Tribbett,1,7,1,0.14285714285714285,0.14285714285714285
Lewis Blissett,1,7,2,0.14285714285714285,0.2857142857142857
Cody Francis,1,7,0,0.14285714285714285,0.0
The Last Shadow Puppets,1,7,0,0.14285714285714285,0.0
Hana,1,7,0,0.14285714285714285,0.0
Hank von Hell,1,7,1,0.14285714285714285,0.14285714285714285
Action Bronson,1,7,0,0.14285714285714285,0.0
Adam Hicks,2,14,0,0.14285714285714285,0.0
Thomas Newson,3,21,3,0.14285714285714285,0.14285714285714285
C.R.O,1,7,3,0.14285714285714285,0.42857142857142855
CALV,1,7,2,0.14285714285714285,0.2857142857142857
Trap Capos,1,7,0,0.14285714285714285,0.0
Croatia Squad,1,7,2,0.14285714285714285,0.2857142857142857
MV5,1,7,1,0.14285714285714285,0.14285714285714285
MisterWives,2,14,1,0.14285714285714285,0.07142857142857142
four lore,1,7,1,0.14285714285714285,0.14285714285714285
C & C Music Factory,1,7,0,0.14285714285714285,0.0
Eva Simons,4,28,1,0.14285714285714285,0.03571428571428571
Aanysa,2,14,0,0.14285714285714285,0.0
Aaron Smith,2,14,2,0.14285714285714285,0.14285714285714285
Christian Wedvik,1,7,1,0.14285714285714285,0.14285714285714285
Christina Milian,1,7,1,0.14285714285714285,0.14285714285714285
JAMO,1,7,2,0.14285714285714285,0.2857142857142857
Vitalic,1,7,0,0.14285714285714285,0.0
Mac Gregor,2,14,1,0.14285714285714285,0.07142857142857142
Andrezia,1,7,0,0.14285714285714285,0.0
Block Scholars,1,7,2,0.14285714285714285,0.2857142857142857
Teddy Riley,3,21,1,0.14285714285714285,0.047619047619047616
Amandla Stenberg,1,7,0,0.14285714285714285,0.0
No Money Enterprise,1,7,0,0.14285714285714285,0.0
Lary Over,1,7,3,0.14285714285714285,0.42857142857142855
Rudy Mancuso,1,7,0,0.14285714285714285,0.0
KILLY,3,21,3,0.14285714285714285,0.14285714285714285
Paula Romina,1,7,1,0.14285714285714285,0.14285714285714285
J-ZAID,1,7,1,0.14285714285714285,0.14285714285714285
J. Lewis,1,7,1,0.14285714285714285,0.14285714285714285
J. Nandez,1,7,2,0.14285714285714285,0.2857142857142857
Freestylers,1,7,3,0.14285714285714285,0.42857142857142855
Freischwimmer,1,7,0,0.14285714285714285,0.0
Seedhe Maut,1,7,0,0.14285714285714285,0.0
Zazo & Gxurmet,1,7,1,0.14285714285714285,0.14285714285714285
TRASH HEADS,1,7,2,0.14285714285714285,0.2857142857142857
Arythma,1,7,2,0.14285714285714285,0.2857142857142857
Ashanti,5,35,3,0.14285714285714285,0.08571428571428572
Papa Wave,1,7,1,0.14285714285714285,0.14285714285714285
Refeci,1,7,0,0.14285714285714285,0.0
Big Audio Dynamite,1,7,0,0.14285714285714285,0.0
Parcels,2,14,1,0.14285714285714285,0.07142857142857142
Bob Gordon,1,7,2,0.14285714285714285,0.2857142857142857
Keith Cullen,3,21,2,0.14285714285714285,0.09523809523809523
Around The Way,1,7,0,0.14285714285714285,0.0
E Z R A,1,7,2,0.14285714285714285,0.2857142857142857
ImButcher,1,7,0,0.14285714285714285,0.0
Kaydy Cain,1,7,1,0.14285714285714285,0.14285714285714285
Palomo Wendel,1,7,0,0.14285714285714285,0.0
MAXIFAM,1,7,0,0.14285714285714285,0.0
Papa Reu,1,7,1,0.14285714285714285,0.14285714285714285
XY&O,5,35,0,0.14285714285714285,0.0
Bespoke Dude,1,7,1,0.14285714285714285,0.14285714285714285
Rejjie Snow,1,7,0,0.14285714285714285,0.0
Renan Cavolik,1,7,1,0.14285714285714285,0.14285714285714285
Rene & Diego,1,7,1,0.14285714285714285,0.14285714285714285
Immaculate Fools,1,7,1,0.14285714285714285,0.14285714285714285
Léo Rocatto,1,7,1,0.14285714285714285,0.14285714285714285
KeKe Wyatt,1,7,4,0.14285714285714285,0.5714285714285714
Revol,1,7,0,0.14285714285714285,0.0
Vigel,1,7,2,0.14285714285714285,0.2857142857142857
Big K.R.I.T.,16,112,16,0.14285714285714285,0.14285714285714285
Iceberg Black,1,7,1,0.14285714285714285,0.14285714285714285
Lym en,1,7,1,0.14285714285714285,0.14285714285714285
Muhfaad,2,14,0,0.14285714285714285,0.0
Paolo Nutini,4,28,4,0.14285714285714285,0.14285714285714285
Adamovich,1,7,0,0.14285714285714285,0.0
Triumph,1,7,0,0.14285714285714285,0.0
Schandmaul,1,7,2,0.14285714285714285,0.2857142857142857
Achille Lauro,1,7,1,0.14285714285714285,0.14285714285714285
Achtabahn,1,7,0,0.14285714285714285,0.0
MC Fioti,3,21,3,0.14285714285714285,0.14285714285714285
DJ Antoine,2,14,6,0.14285714285714285,0.42857142857142855
Bhad Bhabie,1,7,0,0.14285714285714285,0.0
Ashes Remain,1,7,2,0.14285714285714285,0.2857142857142857
Moosh & Twist,2,14,2,0.14285714285714285,0.14285714285714285
Fusion Groove Orchestra,1,7,2,0.14285714285714285,0.2857142857142857
MC Maneirinho,2,14,1,0.14285714285714285,0.07142857142857142
More Giraffes,1,7,5,0.14285714285714285,0.7142857142857143
Morgan Page,3,21,3,0.14285714285714285,0.14285714285714285
Alex Isley,1,7,0,0.14285714285714285,0.0
Derek Minor,1,7,1,0.14285714285714285,0.14285714285714285
Nause,1,7,0,0.14285714285714285,0.0
Zucchero,1,7,0,0.14285714285714285,0.0
Stefflon Don,2,14,3,0.14285714285714285,0.21428571428571427
Stephen Bishop,2,14,4,0.14285714285714285,0.2857142857142857
Eden Project,1,7,1,0.14285714285714285,0.14285714285714285
Bleeke,1,7,1,0.14285714285714285,0.14285714285714285
Los Amigos Invisibles,2,14,3,0.14285714285714285,0.21428571428571427
Kamiyada+,1,7,0,0.14285714285714285,0.0
PashaPG,2,14,2,0.14285714285714285,0.14285714285714285
MAVI,1,7,1,0.14285714285714285,0.14285714285714285
M2H,1,7,1,0.14285714285714285,0.14285714285714285
Mr Sanka,1,7,0,0.14285714285714285,0.0
Triple H,1,7,1,0.14285714285714285,0.14285714285714285
Mr. Belt & Wezol,1,7,0,0.14285714285714285,0.0
corandcrank,1,7,0,0.14285714285714285,0.0
Da Brat,1,7,1,0.14285714285714285,0.14285714285714285
The Notorious B.I.G.,36,253,33,0.1422924901185771,0.13043478260869565
Becky G,16,113,12,0.1415929203539823,0.10619469026548672
Kaskade,14,99,10,0.1414141414141414,0.10101010101010101
Rick Ross,45,319,43,0.14106583072100312,0.13479623824451412
Lisa McClendon,11,78,9,0.14102564102564102,0.11538461538461539
Rod Stewart,10,71,4,0.14084507042253522,0.056338028169014086
Green Tea,9,64,13,0.140625,0.203125
Britney Spears,8,57,12,0.14035087719298245,0.21052631578947367
Arizona Zervas,7,50,5,0.14,0.1
Montell Jordan,7,50,14,0.14,0.28
Status Quo,7,50,7,0.14,0.14
Elton John,20,143,14,0.13986013986013987,0.0979020979020979
Young Buck,6,43,12,0.13953488372093023,0.27906976744186046
"Tyler, The Creator",12,86,6,0.13953488372093023,0.06976744186046512
MC Hammer,6,43,3,0.13953488372093023,0.06976744186046512
Jay Sean,6,43,4,0.13953488372093023,0.09302325581395349
Ledisi,11,79,6,0.13924050632911392,0.0759493670886076
The Rolling Stones,37,266,28,0.13909774436090225,0.10526315789473684
The Bloody Beetroots,5,36,4,0.1388888888888889,0.1111111111111111
Donell Jones,10,72,10,0.1388888888888889,0.1388888888888889
Alec Benjamin,5,36,3,0.1388888888888889,0.08333333333333333
The.madpix.project,5,36,4,0.1388888888888889,0.1111111111111111
Dwin,5,36,11,0.1388888888888889,0.3055555555555556
Oliver Heldens,5,36,4,0.1388888888888889,0.1111111111111111
Yes,5,36,6,0.1388888888888889,0.16666666666666666
Farruko,25,180,22,0.1388888888888889,0.12222222222222222
Alex Rose,14,101,10,0.13861386138613863,0.09900990099009901
Dr. Dre,18,130,20,0.13846153846153847,0.15384615384615385
Ty Dolla $ign,9,65,10,0.13846153846153847,0.15384615384615385
Prince,13,94,10,0.13829787234042554,0.10638297872340426
Pickin' On Series,13,94,10,0.13829787234042554,0.10638297872340426
Robert Palmer,4,29,5,0.13793103448275862,0.1724137931034483
Taio Cruz,4,29,3,0.13793103448275862,0.10344827586206896
Electric Guest,4,29,3,0.13793103448275862,0.10344827586206896
Killstation,8,58,10,0.13793103448275862,0.1724137931034483
Alphaville,4,29,4,0.13793103448275862,0.13793103448275862
Riton,4,29,3,0.13793103448275862,0.10344827586206896
Horace Brown,4,29,0,0.13793103448275862,0.0
Deeparture,4,29,4,0.13793103448275862,0.13793103448275862
Tim Berg,4,29,7,0.13793103448275862,0.2413793103448276
Elli Ingram,4,29,1,0.13793103448275862,0.034482758620689655
Creed,4,29,0,0.13793103448275862,0.0
Simaga,4,29,1,0.13793103448275862,0.034482758620689655
Mr. Polska,4,29,7,0.13793103448275862,0.2413793103448276
Firefall,4,29,1,0.13793103448275862,0.034482758620689655
Jaymes Young,4,29,2,0.13793103448275862,0.06896551724137931
Sunnery James & Ryan Marciano,4,29,5,0.13793103448275862,0.1724137931034483
FSK SATELLITE,4,29,1,0.13793103448275862,0.034482758620689655
Sidhu Moose Wala,15,109,11,0.13761467889908258,0.10091743119266056
Syn Cole,11,80,9,0.1375,0.1125
Meghan Trainor,11,80,13,0.1375,0.1625
J Alvarez,25,182,18,0.13736263736263737,0.0989010989010989
Incubus,7,51,12,0.13725490196078433,0.23529411764705882
Neil Young,7,51,10,0.13725490196078433,0.19607843137254902
R3HAB,48,350,44,0.13714285714285715,0.12571428571428572
Bohdi,3,22,3,0.13636363636363635,0.13636363636363635
XXXTENTACION,9,66,9,0.13636363636363635,0.13636363636363635
Wiley,3,22,1,0.13636363636363635,0.045454545454545456
León Larregui,3,22,4,0.13636363636363635,0.18181818181818182
nogano,3,22,0,0.13636363636363635,0.0
A$AP Mob,3,22,7,0.13636363636363635,0.3181818181818182
"Tito ""El Bambino""",9,66,13,0.13636363636363635,0.19696969696969696
Vixen,3,22,1,0.13636363636363635,0.045454545454545456
Kansas,6,44,8,0.13636363636363635,0.18181818181818182
Echo & the Bunnymen,3,22,2,0.13636363636363635,0.09090909090909091
Young the Giant,3,22,6,0.13636363636363635,0.2727272727272727
Mc Pedrinho,3,22,1,0.13636363636363635,0.045454545454545456
Mustasch,3,22,2,0.13636363636363635,0.09090909090909091
Bassjackers,27,198,25,0.13636363636363635,0.12626262626262627
T.K. Soul,6,44,11,0.13636363636363635,0.25
Bastille,9,66,7,0.13636363636363635,0.10606060606060606
The HU,3,22,1,0.13636363636363635,0.045454545454545456
Scott Walker,3,22,3,0.13636363636363635,0.13636363636363635
Pelicandy,3,22,3,0.13636363636363635,0.13636363636363635
Bon Jovi,23,169,24,0.13609467455621302,0.14201183431952663
AC/DC,14,103,13,0.13592233009708737,0.1262135922330097
Alicia Keys,11,81,9,0.13580246913580246,0.1111111111111111
8Ball & MJG,8,59,9,0.13559322033898305,0.15254237288135594
Lunay,8,59,6,0.13559322033898305,0.1016949152542373
TENDER,16,118,15,0.13559322033898305,0.1271186440677966
Guustavv,8,59,9,0.13559322033898305,0.15254237288135594
Rich Music LTD,5,37,5,0.13513513513513514,0.13513513513513514
NERVO,5,37,5,0.13513513513513514,0.13513513513513514
Mon Laferte,5,37,5,0.13513513513513514,0.13513513513513514
Mike Posner,10,74,15,0.13513513513513514,0.20270270270270271
J Balvin,40,296,44,0.13513513513513514,0.14864864864864866
All-4-One,5,37,0,0.13513513513513514,0.0
Quentyn,10,74,11,0.13513513513513514,0.14864864864864866
Chuckii Booker,5,37,7,0.13513513513513514,0.1891891891891892
N.W.A.,20,148,15,0.13513513513513514,0.10135135135135136
Jamie Berry,5,37,4,0.13513513513513514,0.10810810810810811
French Montana,10,74,7,0.13513513513513514,0.0945945945945946
Joe,12,89,16,0.1348314606741573,0.1797752808988764
Tujamo,19,141,17,0.1347517730496454,0.12056737588652482
CASIOPEA,19,141,22,0.1347517730496454,0.15602836879432624
joan,7,52,1,0.1346153846153846,0.019230769230769232
Stevie Wonder,7,52,6,0.1346153846153846,0.11538461538461539
Akon,9,67,12,0.13432835820895522,0.1791044776119403
Why Don't We,9,67,1,0.13432835820895522,0.014925373134328358
Wisin & Yandel,49,365,41,0.13424657534246576,0.11232876712328767
Meek Mill,11,82,6,0.13414634146341464,0.07317073170731707
Fall Out Boy,11,82,10,0.13414634146341464,0.12195121951219512
The Who,28,209,25,0.1339712918660287,0.11961722488038277
Control Machete,15,112,14,0.13392857142857142,0.125
Foreigner,15,112,18,0.13392857142857142,0.16071428571428573
Campsite Dream,15,112,12,0.13392857142857142,0.10714285714285714
Charlie Puth,17,127,25,0.13385826771653545,0.1968503937007874
Scarface,25,187,17,0.13368983957219252,0.09090909090909091
Anderson .Paak,20,150,14,0.13333333333333333,0.09333333333333334
Andy Kulter,2,15,0,0.13333333333333333,0.0
Cruz,2,15,2,0.13333333333333333,0.13333333333333333
soder.,2,15,4,0.13333333333333333,0.26666666666666666
Young M.A,2,15,3,0.13333333333333333,0.2
Werner Mill,2,15,10,0.13333333333333333,0.6666666666666666
Henrique & Diego,2,15,2,0.13333333333333333,0.13333333333333333
Gzuz,8,60,8,0.13333333333333333,0.13333333333333333
Rob Zombie,2,15,3,0.13333333333333333,0.2
El DeBarge,2,15,1,0.13333333333333333,0.06666666666666667
Young Thug,20,150,18,0.13333333333333333,0.12
Angel Olsen,2,15,1,0.13333333333333333,0.06666666666666667
State of Sound,4,30,2,0.13333333333333333,0.06666666666666667
Krewella,4,30,6,0.13333333333333333,0.2
Disturbing Tha Peace,2,15,4,0.13333333333333333,0.26666666666666666
Camp Lo,2,15,2,0.13333333333333333,0.13333333333333333
JoJo2amazing,2,15,1,0.13333333333333333,0.06666666666666667
Ryan Nealon,2,15,3,0.13333333333333333,0.2
Tony Succar,4,30,3,0.13333333333333333,0.1
BJ The Chicago Kid,4,30,1,0.13333333333333333,0.03333333333333333
Rivermaya,4,30,5,0.13333333333333333,0.16666666666666666
Thiaguinho MT,2,15,0,0.13333333333333333,0.0
Knox Hamilton,2,15,2,0.13333333333333333,0.13333333333333333
T-Mass,2,15,4,0.13333333333333333,0.26666666666666666
Alamid,2,15,1,0.13333333333333333,0.06666666666666667
Al B. Sure!,8,60,6,0.13333333333333333,0.1
The Cratez,4,30,5,0.13333333333333333,0.16666666666666666
Bankrol Hayden,2,15,2,0.13333333333333333,0.13333333333333333
Reda Rwena,6,45,1,0.13333333333333333,0.022222222222222223
Ghostofblu,4,30,2,0.13333333333333333,0.06666666666666667
Emilio Rojas,2,15,1,0.13333333333333333,0.06666666666666667
Steve Winwood,2,15,2,0.13333333333333333,0.13333333333333333
Gloria Trevi,4,30,5,0.13333333333333333,0.16666666666666666
Testiculo y Uno,2,15,3,0.13333333333333333,0.2
Eagles,8,60,7,0.13333333333333333,0.11666666666666667
Natixx,2,15,3,0.13333333333333333,0.2
Nathan Aeli,2,15,1,0.13333333333333333,0.06666666666666667
Ria Mae,2,15,3,0.13333333333333333,0.2
BANKS,14,105,14,0.13333333333333333,0.13333333333333333
Kid Frost,2,15,1,0.13333333333333333,0.06666666666666667
SEVENTEEN,2,15,1,0.13333333333333333,0.06666666666666667
SASCHA,2,15,0,0.13333333333333333,0.0
Zion,8,60,9,0.13333333333333333,0.15
Danny Ocean,6,45,10,0.13333333333333333,0.2222222222222222
Tom & Jame,2,15,1,0.13333333333333333,0.06666666666666667
A Flock Of Seagulls,6,45,9,0.13333333333333333,0.2
Deante' Hitchcock,2,15,4,0.13333333333333333,0.26666666666666666
Miami Horror,2,15,4,0.13333333333333333,0.26666666666666666
Danny Brown,4,30,4,0.13333333333333333,0.13333333333333333
Tones and I,12,90,7,0.13333333333333333,0.07777777777777778
Issac Delgado,2,15,1,0.13333333333333333,0.06666666666666667
The Black Eyed Peas,14,105,13,0.13333333333333333,0.12380952380952381
Desiigner,8,60,9,0.13333333333333333,0.15
Shelow Shaq,2,15,0,0.13333333333333333,0.0
Flyleaf,2,15,3,0.13333333333333333,0.2
GNAR,2,15,2,0.13333333333333333,0.13333333333333333
Counting Crows,2,15,0,0.13333333333333333,0.0
Motörhead,8,60,8,0.13333333333333333,0.13333333333333333
Dropgun,2,15,0,0.13333333333333333,0.0
Ace of Base,4,30,2,0.13333333333333333,0.06666666666666667
Scavenger Hunt,2,15,2,0.13333333333333333,0.13333333333333333
Brytiago,10,75,8,0.13333333333333333,0.10666666666666667
Benjamin Francis Leftwich,2,15,6,0.13333333333333333,0.4
My Own Words,2,15,3,0.13333333333333333,0.2
Afro Bros,2,15,4,0.13333333333333333,0.26666666666666666
Chico Rose,4,30,0,0.13333333333333333,0.0
The Hollies,2,15,0,0.13333333333333333,0.0
Santa RM,2,15,2,0.13333333333333333,0.13333333333333333
Broods,2,15,0,0.13333333333333333,0.0
Joey Bada$$,6,45,6,0.13333333333333333,0.13333333333333333
Milly,2,15,0,0.13333333333333333,0.0
Peter Cetera,2,15,2,0.13333333333333333,0.13333333333333333
Jão,2,15,1,0.13333333333333333,0.06666666666666667
Moon Taxi,2,15,0,0.13333333333333333,0.0
Rafael Cerato,2,15,2,0.13333333333333333,0.13333333333333333
Eric B. & Rakim,4,30,2,0.13333333333333333,0.06666666666666667
Franco Masini,2,15,2,0.13333333333333333,0.13333333333333333
Jamule,2,15,6,0.13333333333333333,0.4
James Quick,2,15,5,0.13333333333333333,0.3333333333333333
frumhere,2,15,3,0.13333333333333333,0.2
Freestyle Fellowship,2,15,2,0.13333333333333333,0.13333333333333333
Jake Cooper,2,15,1,0.13333333333333333,0.06666666666666667
THE TRASH MERMAIDS,2,15,5,0.13333333333333333,0.3333333333333333
Monomono,2,15,2,0.13333333333333333,0.13333333333333333
Ski Mask The Slump God,4,30,5,0.13333333333333333,0.16666666666666666
ØMG,2,15,2,0.13333333333333333,0.13333333333333333
Melanie Faye,2,15,1,0.13333333333333333,0.06666666666666667
Mac Miller,13,98,18,0.1326530612244898,0.1836734693877551
Color Me Badd,11,83,6,0.13253012048192772,0.07228915662650602
Selena Gomez,22,166,24,0.13253012048192772,0.14457831325301204
Electric Light Orchestra,9,68,6,0.1323529411764706,0.08823529411764706
Bad Bunny,32,242,26,0.1322314049586777,0.10743801652892562
Matoma,7,53,3,0.1320754716981132,0.05660377358490566
Camila Cabello,14,106,6,0.1320754716981132,0.05660377358490566
Fanny Lu,7,53,6,0.1320754716981132,0.11320754716981132
The Psychedelic Furs,7,53,5,0.1320754716981132,0.09433962264150944
Will Sparks,7,53,6,0.1320754716981132,0.11320754716981132
Tom Petty,12,91,12,0.13186813186813187,0.13186813186813187
Scorpions,34,258,26,0.13178294573643412,0.10077519379844961
Kid Cudi,10,76,9,0.13157894736842105,0.11842105263157894
Jory Boy,5,38,4,0.13157894736842105,0.10526315789473684
The Hives,5,38,1,0.13157894736842105,0.02631578947368421
Toni Braxton,10,76,11,0.13157894736842105,0.14473684210526316
Nacho,10,76,13,0.13157894736842105,0.17105263157894737
Gorillaz,5,38,6,0.13157894736842105,0.15789473684210525
Rim'K,5,38,5,0.13157894736842105,0.13157894736842105
St. Viper,5,38,6,0.13157894736842105,0.15789473684210525
YG,13,99,13,0.13131313131313133,0.13131313131313133
DJ Khaled,16,122,14,0.13114754098360656,0.11475409836065574
Showtek,16,122,26,0.13114754098360656,0.21311475409836064
Nicky Romero,25,191,25,0.13089005235602094,0.13089005235602094
Guns N' Roses,56,428,58,0.1308411214953271,0.13551401869158877
Linkin Park,17,130,13,0.13076923076923078,0.1
The Fray,3,23,3,0.13043478260869565,0.13043478260869565
The Offspring,9,69,9,0.13043478260869565,0.13043478260869565
Promoting Sounds,3,23,3,0.13043478260869565,0.13043478260869565
Wham!,3,23,2,0.13043478260869565,0.08695652173913043
KLOEF TJR,3,23,3,0.13043478260869565,0.13043478260869565
Paul Kalkbrenner,3,23,4,0.13043478260869565,0.17391304347826086
Wage War,3,23,2,0.13043478260869565,0.08695652173913043
Vikström,6,46,6,0.13043478260869565,0.13043478260869565
Clipse,3,23,1,0.13043478260869565,0.043478260869565216
JOYRYDE,3,23,6,0.13043478260869565,0.2608695652173913
Betty Wright,3,23,7,0.13043478260869565,0.30434782608695654
Onur Ormen,3,23,2,0.13043478260869565,0.08695652173913043
Bondax,3,23,4,0.13043478260869565,0.17391304347826086
mr_slace,3,23,3,0.13043478260869565,0.13043478260869565
Hablot Brown,3,23,1,0.13043478260869565,0.043478260869565216
Jake Isaac,3,23,3,0.13043478260869565,0.13043478260869565
Oasis,9,69,15,0.13043478260869565,0.21739130434782608
6cyclemind,3,23,3,0.13043478260869565,0.13043478260869565
Trinix,3,23,1,0.13043478260869565,0.043478260869565216
Ina Wroldsen,3,23,2,0.13043478260869565,0.08695652173913043
Jeezy,12,92,12,0.13043478260869565,0.13043478260869565
RAC,3,23,3,0.13043478260869565,0.13043478260869565
Tiësto,44,338,45,0.1301775147928994,0.13313609467455623
CNCO,13,100,7,0.13,0.07
Beyoncé,17,131,14,0.1297709923664122,0.10687022900763359
Bobby Brown,38,293,31,0.1296928327645051,0.10580204778156997
Adele,14,108,18,0.12962962962962962,0.16666666666666666
Eric Benét,7,54,7,0.12962962962962962,0.12962962962962962
"Héctor ""El Father""",7,54,8,0.12962962962962962,0.14814814814814814
Ballin Entertainment,39,301,35,0.12956810631229235,0.11627906976744186
Foo Fighters,18,139,11,0.12949640287769784,0.07913669064748201
Borgeous,15,116,13,0.12931034482758622,0.11206896551724138
Getter,4,31,5,0.12903225806451613,0.16129032258064516
Dermot Kennedy,4,31,3,0.12903225806451613,0.0967741935483871
DIVINE,8,62,19,0.12903225806451613,0.3064516129032258
Roxette,4,31,2,0.12903225806451613,0.06451612903225806
Sidney Samson,4,31,5,0.12903225806451613,0.16129032258064516
Miami Bass Tracks,4,31,5,0.12903225806451613,0.16129032258064516
Hiatus Kaiyote,4,31,5,0.12903225806451613,0.16129032258064516
Herve Pagez,4,31,1,0.12903225806451613,0.03225806451612903
Martin Solveig,4,31,4,0.12903225806451613,0.12903225806451613
Above & Beyond,4,31,5,0.12903225806451613,0.16129032258064516
Dye O,4,31,3,0.12903225806451613,0.0967741935483871
Evanescence,4,31,4,0.12903225806451613,0.12903225806451613
Kelly Price,4,31,5,0.12903225806451613,0.16129032258064516
SNAP!,4,31,3,0.12903225806451613,0.0967741935483871
TRFN,4,31,3,0.12903225806451613,0.0967741935483871
Soul II Soul,4,31,4,0.12903225806451613,0.12903225806451613
Gloria Estefan,40,310,31,0.12903225806451613,0.1
Calvin Harris,45,350,54,0.12857142857142856,0.15428571428571428
Charli XCX,9,70,8,0.12857142857142856,0.11428571428571428
Ted Nugent,14,109,7,0.12844036697247707,0.06422018348623854
Bullet For My Valentine,5,39,1,0.1282051282051282,0.02564102564102564
Mobb Deep,5,39,7,0.1282051282051282,0.1794871794871795
The Vamps,5,39,4,0.1282051282051282,0.10256410256410256
Gavin James,5,39,3,0.1282051282051282,0.07692307692307693
Tevin Campbell,10,78,17,0.1282051282051282,0.21794871794871795
Marc Anthony,10,78,9,0.1282051282051282,0.11538461538461539
Madison Beer,5,39,5,0.1282051282051282,0.1282051282051282
Mata,5,39,7,0.1282051282051282,0.1794871794871795
Louis The Child,5,39,3,0.1282051282051282,0.07692307692307693
Taylor Swift,21,164,17,0.12804878048780488,0.10365853658536585
CAZZETTE,11,86,5,0.12790697674418605,0.05813953488372093
Bruce Springsteen,12,94,13,0.1276595744680851,0.13829787234042554
Ying Yang Twins,7,55,6,0.12727272727272726,0.10909090909090909
Ms. Lauryn Hill,14,110,16,0.12727272727272726,0.14545454545454545
Sia,22,173,15,0.12716763005780346,0.08670520231213873
JAY-Z,16,126,27,0.12698412698412698,0.21428571428571427
Iggy Pop,8,63,6,0.12698412698412698,0.09523809523809523
Troop,9,71,8,0.1267605633802817,0.11267605633802817
Queen,119,939,120,0.12673056443024494,0.12779552715654952
Timmy Trumpet,10,79,14,0.12658227848101267,0.17721518987341772
Fat Pat,10,79,8,0.12658227848101267,0.10126582278481013
Stormzy,10,79,7,0.12658227848101267,0.08860759493670886
Logic,62,490,70,0.12653061224489795,0.14285714285714285
Myke Towers,11,87,12,0.12643678160919541,0.13793103448275862
Kiyotaka Sugiyama,11,87,14,0.12643678160919541,0.16091954022988506
Blue Öyster Cult,12,95,8,0.12631578947368421,0.08421052631578947
Juan Magán,15,119,17,0.12605042016806722,0.14285714285714285
Don Omar,77,612,61,0.12581699346405228,0.09967320261437909
The Chainsmokers,58,461,57,0.12581344902386118,0.12364425162689804
Rihanna,35,279,40,0.12544802867383512,0.14336917562724014
Nicky Kuba,1,8,1,0.125,0.125
Deekey,2,16,0,0.125,0.0
Takagi & Ketra,2,16,1,0.125,0.0625
The Peach Fuzz,1,8,1,0.125,0.125
Yan Cook,1,8,1,0.125,0.125
Elea,2,16,2,0.125,0.125
Sid Luscious and The Pants,1,8,1,0.125,0.125
mansionz,1,8,1,0.125,0.125
A.Heard,1,8,1,0.125,0.125
Michael Schulte,1,8,1,0.125,0.125
St Francis Hotel,1,8,2,0.125,0.25
Alison Darwin,1,8,0,0.125,0.0
SAND&SEA,1,8,1,0.125,0.125
Electric Zoo,1,8,1,0.125,0.125
Leoniden,1,8,1,0.125,0.125
Tempi,1,8,0,0.125,0.0
Fatesky,1,8,1,0.125,0.125
Chris Howland,1,8,1,0.125,0.125
Joanna Teters,1,8,0,0.125,0.0
Sisqo,2,16,2,0.125,0.125
Camila Luna,1,8,0,0.125,0.0
ricky retro,1,8,1,0.125,0.125
5 Seconds of Summer,12,96,9,0.125,0.09375
Summer Cem,2,16,3,0.125,0.1875
Michel Gaross,1,8,0,0.125,0.0
"Daniel, Me Estás Matando",1,8,0,0.125,0.0
Colin Crooks,1,8,2,0.125,0.25
Le Castle Vania,1,8,0,0.125,0.0
Leandro Da Silva,1,8,2,0.125,0.25
Vato Gonzalez,1,8,1,0.125,0.125
Michael Kiwanuka,3,24,2,0.125,0.08333333333333333
MELODOWNZ,1,8,1,0.125,0.125
Seth Sentry,1,8,0,0.125,0.0
AaRON,1,8,1,0.125,0.125
Moby,2,16,5,0.125,0.3125
Modern Love Child,1,8,1,0.125,0.125
Secret Weapons,1,8,0,0.125,0.0
Daniel Diazz,1,8,0,0.125,0.0
Sex Room,1,8,1,0.125,0.125
Crod,2,16,4,0.125,0.25
Madison Gold,1,8,1,0.125,0.125
Maga Shukar,1,8,2,0.125,0.25
Mizbee,1,8,0,0.125,0.0
Beat Dragons,1,8,1,0.125,0.125
EXO-K,1,8,0,0.125,0.0
Bit Funk,1,8,0,0.125,0.0
King Floyd,1,8,2,0.125,0.25
Temple Of The Dog,1,8,0,0.125,0.0
Tenacious D,1,8,0,0.125,0.0
Danger Mouse,1,8,0,0.125,0.0
Frawley,2,16,3,0.125,0.1875
Nibal,1,8,1,0.125,0.125
Nick Gilder,1,8,0,0.125,0.0
Ley,1,8,1,0.125,0.125
Leyla Blue,1,8,0,0.125,0.0
Humming House,1,8,2,0.125,0.25
Vertical Mode,1,8,4,0.125,0.5
Chavano,1,8,0,0.125,0.0
Osen,1,8,0,0.125,0.0
Lhasa De Sela,1,8,1,0.125,0.125
Light Asylum,1,8,0,0.125,0.0
Kill The Buzz,3,24,0,0.125,0.0
Killakoi,1,8,0,0.125,0.0
Death Cab for Cutie,2,16,0,0.125,0.0
Pharien,1,8,1,0.125,0.125
Phi11a,2,16,4,0.125,0.25
Juan Gabriel,2,16,1,0.125,0.0625
Mo'funk,1,8,1,0.125,0.125
Frankie Valli,2,16,2,0.125,0.125
MXMS,1,8,1,0.125,0.125
MYA,1,8,1,0.125,0.125
Francisca La Braza,1,8,0,0.125,0.0
Shabba Ranks,1,8,0,0.125,0.0
Mirella Cesa,1,8,1,0.125,0.125
Creendo,1,8,0,0.125,0.0
Della Humphrey,1,8,0,0.125,0.0
Kid 'N Play,4,32,6,0.125,0.1875
Yeah Yeah Yeahs,1,8,1,0.125,0.125
Death Grips,1,8,1,0.125,0.125
500 Year Flood,1,8,1,0.125,0.125
The Jesus and Mary Chain,3,24,3,0.125,0.125
Alex Zind,1,8,0,0.125,0.0
Grant Smillie,1,8,1,0.125,0.125
Graham Colton,1,8,1,0.125,0.125
Gramophonedzie,1,8,2,0.125,0.25
Sunar,1,8,0,0.125,0.0
Planetshakers,1,8,3,0.125,0.375
Chris Malinchak,1,8,2,0.125,0.25
Curtis Lowe,1,8,2,0.125,0.25
Terry Wright,1,8,0,0.125,0.0
Maquiny,1,8,0,0.125,0.0
joeshort,1,8,2,0.125,0.25
kwassa,2,16,3,0.125,0.1875
DAAZ,1,8,0,0.125,0.0
YNKKX,1,8,0,0.125,0.0
Cimafunk,1,8,2,0.125,0.25
Sebastian Ingrosso,5,40,6,0.125,0.15
Lil Eli,1,8,0,0.125,0.0
Boston 168,1,8,0,0.125,0.0
Lil Kleine,1,8,0,0.125,0.0
New World Punx,1,8,0,0.125,0.0
Zion I,1,8,2,0.125,0.25
Cut Copy,1,8,0,0.125,0.0
VYLW,2,16,1,0.125,0.0625
Deborah de Luca,1,8,1,0.125,0.125
Henrik B,2,16,0,0.125,0.0
Henry Fong,1,8,1,0.125,0.125
Her Bright Skies,1,8,1,0.125,0.125
Eclectic Sound,1,8,3,0.125,0.375
Blackfield,2,16,1,0.125,0.0625
Blacknuss,1,8,1,0.125,0.125
Blahzay Blahzay,1,8,1,0.125,0.125
Talk Talk,3,24,3,0.125,0.125
Charles Brown,3,24,1,0.125,0.041666666666666664
The Knocks,7,56,5,0.125,0.08928571428571429
Yazmin Lacey,3,24,7,0.125,0.2916666666666667
VFM Style,4,32,7,0.125,0.21875
Hellblasterz,2,16,2,0.125,0.125
Obongjayar,1,8,1,0.125,0.125
Ocean Wisdom,1,8,1,0.125,0.125
Heaven 17,1,8,1,0.125,0.125
Rose Royce,1,8,0,0.125,0.0
Harrison BDP,1,8,0,0.125,0.0
Pretty Lights,4,32,2,0.125,0.0625
BoA,1,8,1,0.125,0.125
Urias,2,16,3,0.125,0.1875
HRVY,1,8,1,0.125,0.125
HUGEL,2,16,3,0.125,0.1875
Nu Shooz,2,16,3,0.125,0.1875
organic_kid,1,8,0,0.125,0.0
ODDLIQUOR,1,8,0,0.125,0.0
LJ Echols,1,8,1,0.125,0.125
Andrew Mathers,1,8,0,0.125,0.0
Young L3x,2,16,2,0.125,0.125
OSAK,1,8,1,0.125,0.125
Matt Hunter,1,8,0,0.125,0.0
Puri,1,8,1,0.125,0.125
Jermaine Dupri,1,8,0,0.125,0.0
Jimmy Eat World,5,40,5,0.125,0.125
Jimmy Wopo,1,8,1,0.125,0.125
10 Years,1,8,0,0.125,0.0
Rocwell S,1,8,0,0.125,0.0
Proyecto Uno,2,16,4,0.125,0.25
(Sandy) Alex G,1,8,0,0.125,0.0
Dominic Fike,3,24,2,0.125,0.08333333333333333
The Let Go,1,8,1,0.125,0.125
Rondonumbanine,1,8,2,0.125,0.25
Roldan Law,1,8,1,0.125,0.125
Prznt,1,8,1,0.125,0.125
Crown The Empire,1,8,1,0.125,0.125
24por7,1,8,1,0.125,0.125
Руслан А.У.Е. Черный,1,8,2,0.125,0.25
Carl Cox,1,8,2,0.125,0.25
Carlitos Moreno,1,8,3,0.125,0.375
ВАРГРАД,1,8,0,0.125,0.0
Chris Porter,2,16,1,0.125,0.0625
Disco Killerz,1,8,0,0.125,0.0
Sigrid,2,16,1,0.125,0.0625
Tony Dize,12,96,12,0.125,0.125
Mia Rodriguez,1,8,1,0.125,0.125
Michael Blunt,1,8,0,0.125,0.0
Hootie & The Blowfish,1,8,1,0.125,0.125
Classified,1,8,1,0.125,0.125
Deas,1,8,1,0.125,0.125
Chaos Chaos,1,8,0,0.125,0.0
Ugly God,2,16,2,0.125,0.125
Tear Da Club Up Thugs,1,8,2,0.125,0.25
Team Mati,1,8,1,0.125,0.125
Darkiel,1,8,0,0.125,0.0
Ruff Ryders,1,8,2,0.125,0.25
Yelhigh,1,8,0,0.125,0.0
Killer Mike,1,8,2,0.125,0.25
AlunaGeorge,3,24,2,0.125,0.08333333333333333
Guille Taranto,2,16,0,0.125,0.0
Groove Armada,1,8,2,0.125,0.25
Alyssa Reid,1,8,0,0.125,0.0
Rudey Barnes,1,8,0,0.125,0.0
Knapsack,1,8,0,0.125,0.0
Kirko Bangz,1,8,0,0.125,0.0
Mac Beez,2,16,0,0.125,0.0
Guts,1,8,3,0.125,0.375
AmirSaysNothing,1,8,0,0.125,0.0
Lady,1,8,3,0.125,0.375
Noriel,4,32,2,0.125,0.0625
Northwood Worship,1,8,2,0.125,0.25
Dave Kerzner,1,8,0,0.125,0.0
Oh Snap It's Luke!,1,8,0,0.125,0.0
Oh Wonder,5,40,5,0.125,0.125
Kumbia Kings,1,8,0,0.125,0.0
Robert Plant,2,16,4,0.125,0.25
Robin Lukovic,1,8,0,0.125,0.0
Stefano Casavecchia,1,8,1,0.125,0.125
HARRI BEST,1,8,0,0.125,0.0
Homaze,1,8,0,0.125,0.0
Laura Branigan,1,8,1,0.125,0.125
Codeko,1,8,0,0.125,0.0
Ann Peebles,1,8,0,0.125,0.0
Kosinus,1,8,0,0.125,0.0
Kollektiv Turmstrasse,1,8,0,0.125,0.0
Kongsted,1,8,0,0.125,0.0
Koni,1,8,1,0.125,0.125
Quiet Riot,7,56,9,0.125,0.16071428571428573
Quincy Mumford,1,8,0,0.125,0.0
Polo G,3,24,4,0.125,0.16666666666666666
Hanz,1,8,0,0.125,0.0
Edge of Silence,1,8,0,0.125,0.0
Antonio José,1,8,2,0.125,0.25
Bodine,1,8,2,0.125,0.25
Joel Life,1,8,0,0.125,0.0
Pusher,1,8,0,0.125,0.0
White Denim,1,8,0,0.125,0.0
Mark Stent,1,8,2,0.125,0.25
The Five Satins,1,8,0,0.125,0.0
invention_,1,8,1,0.125,0.125
Destiny's Child,6,48,9,0.125,0.1875
Emir Pabón,1,8,1,0.125,0.125
Cetu Javu,1,8,1,0.125,0.125
Sandeville,1,8,0,0.125,0.0
badmómzjay,1,8,0,0.125,0.0
Låpsley,1,8,3,0.125,0.375
Denise Rosenthal,1,8,2,0.125,0.25
Chip Conyard,1,8,0,0.125,0.0
Down Below,1,8,3,0.125,0.375
Payy,1,8,1,0.125,0.125
Peach Pit,1,8,1,0.125,0.125
Christian Smith,1,8,1,0.125,0.125
JRL,1,8,0,0.125,0.0
J.Pappas,1,8,2,0.125,0.25
Flyte,1,8,0,0.125,0.0
Tobu,1,8,2,0.125,0.25
greisun,1,8,1,0.125,0.125
iamalex,1,8,2,0.125,0.25
iiola,1,8,1,0.125,0.125
T. Rex,4,32,4,0.125,0.125
Beverly,1,8,2,0.125,0.25
Iron Maiden,8,64,4,0.125,0.0625
Asher Knight,1,8,0,0.125,0.0
Ashley Tisdale,2,16,2,0.125,0.125
Louis Tomlinson,3,24,1,0.125,0.041666666666666664
Crystal Bats,1,8,1,0.125,0.125
Gamma Skies,1,8,3,0.125,0.375
Lucho,1,8,1,0.125,0.125
Lucky Daye,6,48,5,0.125,0.10416666666666667
Kaan Pars,5,40,7,0.125,0.175
Patrick Martin,1,8,0,0.125,0.0
J Dilla,4,32,3,0.125,0.09375
Mark Morrison,3,24,1,0.125,0.041666666666666664
Worakls,1,8,0,0.125,0.0
Wrabel,2,16,1,0.125,0.0625
Florida Georgia Line,1,8,1,0.125,0.125
Top $helf,1,8,2,0.125,0.25
Miguel O'Syrah,1,8,0,0.125,0.0
Mammothor,2,16,1,0.125,0.0625
Making Movies,1,8,2,0.125,0.25
Toby Green,4,32,5,0.125,0.15625
Marques Houston,1,8,1,0.125,0.125
Caloncho,3,24,5,0.125,0.20833333333333334
Fee Gonzales,1,8,0,0.125,0.0
Mark Lettieri,1,8,0,0.125,0.0
J Hus,2,16,2,0.125,0.125
Old Crow Medicine Show,1,8,0,0.125,0.0
Mystikal,3,24,6,0.125,0.25
Astrid S,9,72,6,0.125,0.08333333333333333
TKDJS,1,8,2,0.125,0.25
Paul Weller,1,8,3,0.125,0.375
Paula Caju,1,8,3,0.125,0.375
Matata,1,8,2,0.125,0.25
Heiko & Maiko,2,16,1,0.125,0.0625
Super3,2,16,2,0.125,0.125
Juliana Hatfield,1,8,2,0.125,0.25
香取慎吾,1,8,0,0.125,0.0
Candyland,1,8,1,0.125,0.125
chelmico,1,8,1,0.125,0.125
Future Girlfriend 音楽,2,16,3,0.125,0.1875
Futuristic,1,8,0,0.125,0.0
G Herbo,1,8,0,0.125,0.0
GAB,1,8,0,0.125,0.0
deadmau5,1,8,1,0.125,0.125
Mr. Shadow,1,8,1,0.125,0.125
V-One,1,8,0,0.125,0.0
LODU GOSH,1,8,1,0.125,0.125
Slumberville,3,24,4,0.125,0.16666666666666666
Roger Wilco,1,8,0,0.125,0.0
LTGTR,1,8,2,0.125,0.25
Don McLean,2,16,0,0.125,0.0
Aexcit,1,8,1,0.125,0.125
Luis Rodriguez,1,8,0,0.125,0.0
Sonny Alven,1,8,1,0.125,0.125
CastNowski,1,8,2,0.125,0.25
Bruce Lecky Way,1,8,1,0.125,0.125
Lush Life,1,8,0,0.125,0.0
Sartiboy,1,8,1,0.125,0.125
GRECO (NYC),1,8,3,0.125,0.375
Gabo Viera,1,8,1,0.125,0.125
Chiddy Bang,1,8,3,0.125,0.375
Wale,6,48,6,0.125,0.125
Bart B More,2,16,4,0.125,0.25
jayover,1,8,2,0.125,0.25
Hex Cougar,1,8,2,0.125,0.25
Funk-Se,1,8,0,0.125,0.0
Dropout,1,8,0,0.125,0.0
Avalon,1,8,2,0.125,0.25
Dayvi,1,8,1,0.125,0.125
Heartist,1,8,1,0.125,0.125
Helion,6,48,5,0.125,0.10416666666666667
Sol Pereyra,1,8,0,0.125,0.0
Buzz&Fuxx,1,8,1,0.125,0.125
f(x),1,8,1,0.125,0.125
Abel Ramos,1,8,1,0.125,0.125
THE BOYZ,1,8,1,0.125,0.125
Editors,3,24,4,0.125,0.16666666666666666
Traffic,1,8,1,0.125,0.125
The Jane Doze,1,8,0,0.125,0.0
SMACK,1,8,2,0.125,0.25
PK Delas,1,8,0,0.125,0.0
Kesha,9,72,14,0.125,0.19444444444444445
Dotan,1,8,0,0.125,0.0
RAMMELLS,1,8,1,0.125,0.125
Twisted Illusion,1,8,0,0.125,0.0
Gill Chang,2,16,0,0.125,0.0
Saint Asonia,1,8,1,0.125,0.125
The Avalanches,2,16,1,0.125,0.0625
DREAMS COME TRUE,1,8,0,0.125,0.0
Y2K,1,8,0,0.125,0.0
Dust of Apollon,1,8,2,0.125,0.25
Pacific Air,3,24,5,0.125,0.20833333333333334
Paisley Pink,1,8,0,0.125,0.0
Kauf,1,8,2,0.125,0.25
Dzeko & Torres,2,16,2,0.125,0.125
Spectral Knight,1,8,0,0.125,0.0
Thug Life,2,16,1,0.125,0.0625
Saba,1,8,0,0.125,0.0
Carly Rae Jepsen,6,48,5,0.125,0.10416666666666667
Gagexa,1,8,1,0.125,0.125
Trivium,1,8,3,0.125,0.375
Bryan Mg,2,16,4,0.125,0.25
_tag,1,8,0,0.125,0.0
Reynier Perez,1,8,1,0.125,0.125
Delany,1,8,0,0.125,0.0
Keys N Krates,3,24,3,0.125,0.125
SIRUP,1,8,0,0.125,0.0
Grace,1,8,1,0.125,0.125
SKAAR,1,8,0,0.125,0.0
Celeste,3,24,8,0.125,0.3333333333333333
SNADS,1,8,0,0.125,0.0
Gondwana,2,16,5,0.125,0.3125
Confidentes,1,8,1,0.125,0.125
Connell Cruise,1,8,0,0.125,0.0
EC Twins,1,8,3,0.125,0.375
Victoria Justice,1,8,0,0.125,0.0
Nelly,14,112,19,0.125,0.16964285714285715
SG Lewis,1,8,1,0.125,0.125
Sachin-Jigar,1,8,0,0.125,0.0
Saco,2,16,3,0.125,0.1875
Cookin' On 3 Burners,1,8,1,0.125,0.125
Alex Fosse,1,8,0,0.125,0.0
IRIS,1,8,0,0.125,0.0
Kev.,2,16,1,0.125,0.0625
Tha Alkaholiks,1,8,0,0.125,0.0
Linas Music,1,8,1,0.125,0.125
Linda Ronstadt,1,8,1,0.125,0.125
PSY,1,8,0,0.125,0.0
Kellylee Evans,2,16,1,0.125,0.0625
Granata,1,8,4,0.125,0.5
Gentle Giant,1,8,1,0.125,0.125
Diplomacy,1,8,0,0.125,0.0
Dirty Shirley,1,8,0,0.125,0.0
Sam 'O Neall,1,8,1,0.125,0.125
The Hykkers,1,8,0,0.125,0.0
Branco,2,16,1,0.125,0.0625
Brandi Carlile,1,8,2,0.125,0.25
Brandon Reeve,1,8,1,0.125,0.125
Brandyn Burnette,1,8,0,0.125,0.0
Twin Shadow,3,24,4,0.125,0.16666666666666666
Love Harder,1,8,2,0.125,0.25
Indyah,1,8,0,0.125,0.0
Ximena Sariñana,3,24,8,0.125,0.3333333333333333
Parliament,2,16,0,0.125,0.0
Dylan Wild,1,8,2,0.125,0.25
Snareskin,1,8,1,0.125,0.125
Sneaky Sound System,1,8,1,0.125,0.125
Esther Phillips,1,8,2,0.125,0.25
Agonoize,4,32,3,0.125,0.09375
Vintage Culture,2,16,1,0.125,0.0625
Raymix,1,8,3,0.125,0.375
Itsmylife,1,8,1,0.125,0.125
Irajá,1,8,0,0.125,0.0
Georgia Ku,1,8,0,0.125,0.0
Louis Mattrs,1,8,0,0.125,0.0
Paradisio,1,8,0,0.125,0.0
Arno Cost,1,8,2,0.125,0.25
Arston,1,8,1,0.125,0.125
Soul Recruiter,1,8,0,0.125,0.0
Xavi,1,8,0,0.125,0.0
Exact Change Project,1,8,0,0.125,0.0
Jonna Torres,1,8,0,0.125,0.0
Smooth4Lyfe,1,8,1,0.125,0.125
CLiQ,1,8,2,0.125,0.25
The Decemberists,1,8,0,0.125,0.0
Céline Dion,1,8,1,0.125,0.125
Brian Dunne,1,8,0,0.125,0.0
Sam Cooke,3,24,1,0.125,0.041666666666666664
Britta Phillips,1,8,1,0.125,0.125
Xabski,1,8,1,0.125,0.125
Incubite,1,8,0,0.125,0.0
Nana Mellie,1,8,0,0.125,0.0
Trapical,1,8,1,0.125,0.125
Adam Ant,1,8,1,0.125,0.125
enjo,1,8,1,0.125,0.125
Justin Prime,4,32,2,0.125,0.0625
Rahul Dit-O,1,8,3,0.125,0.375
Funambulista,1,8,0,0.125,0.0
Morty,1,8,0,0.125,0.0
Azad,1,8,4,0.125,0.5
Ben Remember,1,8,2,0.125,0.25
The Young Rascals,1,8,2,0.125,0.25
Kat Dahlia,1,8,0,0.125,0.0
Keith Sweat,20,161,21,0.12422360248447205,0.13043478260869565
Olexesh,18,145,15,0.12413793103448276,0.10344827586206896
NLE Choppa,11,89,8,0.12359550561797752,0.0898876404494382
Five Finger Death Punch,22,178,19,0.12359550561797752,0.10674157303370786
Chino & Nacho,10,81,12,0.12345679012345678,0.14814814814814814
Daft Punk,9,73,9,0.1232876712328767,0.1232876712328767
Sean C. Johnson,9,73,1,0.1232876712328767,0.0136986301369863
Ava Max,9,73,11,0.1232876712328767,0.1506849315068493
Summer Walker,8,65,8,0.12307692307692308,0.12307692307692308
Aaliyah,14,114,9,0.12280701754385964,0.07894736842105263
Wisin,7,57,10,0.12280701754385964,0.17543859649122806
3LAU,7,57,9,0.12280701754385964,0.15789473684210525
MØ,6,49,6,0.12244897959183673,0.12244897959183673
P!nk,18,147,9,0.12244897959183673,0.061224489795918366
Minty Burns,6,49,6,0.12244897959183673,0.12244897959183673
David Banner,5,41,6,0.12195121951219512,0.14634146341463414
Hellberg,5,41,4,0.12195121951219512,0.0975609756097561
Fetty Wap,5,41,2,0.12195121951219512,0.04878048780487805
John Mellencamp,5,41,3,0.12195121951219512,0.07317073170731707
Moonchild,5,41,7,0.12195121951219512,0.17073170731707318
Jessie J,15,123,8,0.12195121951219512,0.06504065040650407
Armin van Buuren,37,304,34,0.12171052631578948,0.1118421052631579
A Boogie Wit da Hoodie,9,74,11,0.12162162162162163,0.14864864864864866
ODESZA,9,74,8,0.12162162162162163,0.10810810810810811
Sam Feldt,30,247,28,0.1214574898785425,0.11336032388663968
Big Pokey,4,33,3,0.12121212121212122,0.09090909090909091
Sofia Carson,4,33,2,0.12121212121212122,0.06060606060606061
Mary Mary,8,66,6,0.12121212121212122,0.09090909090909091
RetroVision,4,33,5,0.12121212121212122,0.15151515151515152
Ericé,4,33,6,0.12121212121212122,0.18181818181818182
Warrant,4,33,5,0.12121212121212122,0.15151515151515152
Riff,4,33,4,0.12121212121212122,0.12121212121212122
Years & Years,4,33,2,0.12121212121212122,0.06060606060606061
Steve Angello,4,33,4,0.12121212121212122,0.12121212121212122
Bryson Tiller,4,33,1,0.12121212121212122,0.030303030303030304
The Smiths,20,165,18,0.12121212121212122,0.10909090909090909
GRiZ,4,33,2,0.12121212121212122,0.06060606060606061
MC Igu,4,33,4,0.12121212121212122,0.12121212121212122
Clean Bandit,15,124,18,0.12096774193548387,0.14516129032258066
Ari Lennox,11,91,15,0.12087912087912088,0.16483516483516483
Shinedown,7,58,7,0.1206896551724138,0.1206896551724138
Michael Jackson,17,141,21,0.12056737588652482,0.14893617021276595
Sick Individuals,20,166,25,0.12048192771084337,0.15060240963855423
The Weeknd,46,382,53,0.12041884816753927,0.1387434554973822
Laidback Luke,13,108,22,0.12037037037037036,0.2037037037037037
Juanes,13,108,19,0.12037037037037036,0.17592592592592593
Ratt,3,25,4,0.12,0.16
Wolfgang Gartner,3,25,1,0.12,0.04
Ronnie Milsap,3,25,2,0.12,0.08
AxLi,3,25,2,0.12,0.08
The Audition,6,50,5,0.12,0.1
Das EFX,3,25,0,0.12,0.0
Beeskov,3,25,5,0.12,0.2
Pusha T,3,25,1,0.12,0.04
Jerau,3,25,2,0.12,0.08
Jeff Buckley,3,25,3,0.12,0.12
Tom Petty and the Heartbreakers,15,125,13,0.12,0.104
chloe moriondo,3,25,3,0.12,0.12
Steppenwolf,6,50,6,0.12,0.12
FKA twigs,3,25,4,0.12,0.16
Faustix,3,25,1,0.12,0.04
Banes World,3,25,2,0.12,0.08
Nick Nolan,3,25,1,0.12,0.04
Nick Jonas,6,50,8,0.12,0.16
Jay Prince,3,25,0,0.12,0.0
Naeleck,6,50,9,0.12,0.18
Sa4,6,50,9,0.12,0.18
Compton's Most Wanted,3,25,5,0.12,0.2
Shura,3,25,2,0.12,0.08
Ultimo,6,50,5,0.12,0.1
DLJ,3,25,1,0.12,0.04
The Black Keys,8,67,7,0.11940298507462686,0.1044776119402985
Imagine Dragons,25,210,20,0.11904761904761904,0.09523809523809523
Puddle Of Mudd,5,42,7,0.11904761904761904,0.16666666666666666
Janet Jackson,30,252,27,0.11904761904761904,0.10714285714285714
Manse,5,42,4,0.11904761904761904,0.09523809523809523
tha Supreme,5,42,4,0.11904761904761904,0.09523809523809523
Bruno Major,5,42,3,0.11904761904761904,0.07142857142857142
Ralph,5,42,5,0.11904761904761904,0.11904761904761904
Dfideliz,5,42,7,0.11904761904761904,0.16666666666666666
Nicky Jam,26,219,29,0.1187214611872146,0.1324200913242009
Jotdog,7,59,6,0.11864406779661017,0.1016949152542373
Sum 41,7,59,10,0.11864406779661017,0.1694915254237288
Faith Evans,7,59,11,0.11864406779661017,0.1864406779661017
Dimitri Vegas & Like Mike,55,464,59,0.11853448275862069,0.1271551724137931
Weezer,9,76,3,0.11842105263157894,0.039473684210526314
Akwid,9,76,8,0.11842105263157894,0.10526315789473684
David Bowie,20,169,22,0.11834319526627218,0.1301775147928994
Pitbull,22,186,18,0.11827956989247312,0.0967741935483871
Lauv,15,127,18,0.11811023622047244,0.14173228346456693
MTK,4,34,5,0.11764705882352941,0.14705882352941177
Boomdabash,2,17,1,0.11764705882352941,0.058823529411764705
Vic Mensa,2,17,3,0.11764705882352941,0.17647058823529413
OOMPH!,2,17,0,0.11764705882352941,0.0
D4L,2,17,0,0.11764705882352941,0.0
Bad Wolves,4,34,5,0.11764705882352941,0.14705882352941177
EXES,2,17,3,0.11764705882352941,0.17647058823529413
Lungfulls,2,17,2,0.11764705882352941,0.11764705882352941
Jewelz & Sparks,2,17,2,0.11764705882352941,0.11764705882352941
Mating Ritual,2,17,2,0.11764705882352941,0.11764705882352941
2nd Life,2,17,1,0.11764705882352941,0.058823529411764705
Tom Waits,2,17,2,0.11764705882352941,0.11764705882352941
Billy Talent,2,17,5,0.11764705882352941,0.29411764705882354
Maor Levi,2,17,1,0.11764705882352941,0.058823529411764705
Linn da Quebrada,2,17,3,0.11764705882352941,0.17647058823529413
Shahmen,2,17,1,0.11764705882352941,0.058823529411764705
Method Man,6,51,3,0.11764705882352941,0.058823529411764705
Isaiah,2,17,1,0.11764705882352941,0.058823529411764705
The Knack,2,17,3,0.11764705882352941,0.17647058823529413
Kurdo,2,17,2,0.11764705882352941,0.11764705882352941
Courtney Barnett,2,17,1,0.11764705882352941,0.058823529411764705
JDG,2,17,0,0.11764705882352941,0.0
Struggle Jennings,4,34,5,0.11764705882352941,0.14705882352941177
Daya,6,51,6,0.11764705882352941,0.11764705882352941
6ix9ine,8,68,4,0.11764705882352941,0.058823529411764705
NODE,4,34,5,0.11764705882352941,0.14705882352941177
Branches,2,17,2,0.11764705882352941,0.11764705882352941
FBC,2,17,5,0.11764705882352941,0.29411764705882354
Toda la Vida,4,34,3,0.11764705882352941,0.08823529411764706
Crowded House,2,17,1,0.11764705882352941,0.058823529411764705
Брутто,2,17,0,0.11764705882352941,0.0
Hayseed Dixie,2,17,3,0.11764705882352941,0.17647058823529413
Sander W.,2,17,4,0.11764705882352941,0.23529411764705882
Mark Morton,2,17,2,0.11764705882352941,0.11764705882352941
Blackfoot,2,17,3,0.11764705882352941,0.17647058823529413
Taz,4,34,1,0.11764705882352941,0.029411764705882353
NGC Daddy,2,17,2,0.11764705882352941,0.11764705882352941
The Isley Brothers,2,17,1,0.11764705882352941,0.058823529411764705
Grizfolk,2,17,1,0.11764705882352941,0.058823529411764705
Beau Diako,2,17,1,0.11764705882352941,0.058823529411764705
Brandy,10,85,12,0.11764705882352941,0.1411764705882353
Wayne Brady,2,17,2,0.11764705882352941,0.11764705882352941
Papatinho,2,17,3,0.11764705882352941,0.17647058823529413
Sam Blans,4,34,6,0.11764705882352941,0.17647058823529413
Lalah Hathaway,2,17,2,0.11764705882352941,0.11764705882352941
Hot Chelle Rae,2,17,1,0.11764705882352941,0.058823529411764705
Brooke Evers,2,17,2,0.11764705882352941,0.11764705882352941
Jai Paul,2,17,3,0.11764705882352941,0.17647058823529413
Sex Pistols,2,17,2,0.11764705882352941,0.11764705882352941
Transviolet,2,17,2,0.11764705882352941,0.11764705882352941
Franklin Embry,2,17,1,0.11764705882352941,0.058823529411764705
Aerosmith,26,222,26,0.11711711711711711,0.11711711711711711
Afrojack,24,205,29,0.11707317073170732,0.14146341463414633
2 Chainz,9,77,12,0.11688311688311688,0.15584415584415584
The Cars,9,77,10,0.11688311688311688,0.12987012987012986
Thirty Seconds To Mars,7,60,10,0.11666666666666667,0.16666666666666666
Tame Impala,7,60,3,0.11666666666666667,0.05
Starley,5,43,8,0.11627906976744186,0.18604651162790697
Capital Kings,15,129,19,0.11627906976744186,0.14728682170542637
Vigiland,5,43,8,0.11627906976744186,0.18604651162790697
Lost Frequencies,18,155,23,0.11612903225806452,0.14838709677419354
Kilo Kish,3,26,3,0.11538461538461539,0.11538461538461539
SAINt JHN,3,26,6,0.11538461538461539,0.23076923076923078
Ravyn Lenae,3,26,3,0.11538461538461539,0.11538461538461539
KSHMR,24,208,29,0.11538461538461539,0.13942307692307693
Prabh Deep,6,52,9,0.11538461538461539,0.17307692307692307
Jobii,6,52,6,0.11538461538461539,0.11538461538461539
Duke Dumont,6,52,9,0.11538461538461539,0.17307692307692307
Kupla,3,26,8,0.11538461538461539,0.3076923076923077
Dru Hill,12,104,6,0.11538461538461539,0.057692307692307696
Big Sean,9,78,15,0.11538461538461539,0.19230769230769232
My Chemical Romance,3,26,1,0.11538461538461539,0.038461538461538464
Famba,3,26,3,0.11538461538461539,0.11538461538461539
Bonka,3,26,5,0.11538461538461539,0.19230769230769232
Anuel AA,12,104,19,0.11538461538461539,0.18269230769230768
Alison Wonderland,3,26,1,0.11538461538461539,0.038461538461538464
Meshell Ndegeocello,3,26,4,0.11538461538461539,0.15384615384615385
MAX,6,52,5,0.11538461538461539,0.09615384615384616
AchtVier,3,26,3,0.11538461538461539,0.11538461538461539
Julian Lennon,3,26,2,0.11538461538461539,0.07692307692307693
Stevie Ray Vaughan,3,26,3,0.11538461538461539,0.11538461538461539
Gucci Mane,12,104,17,0.11538461538461539,0.16346153846153846
Miami Yacine,3,26,1,0.11538461538461539,0.038461538461538464
DallasK,3,26,2,0.11538461538461539,0.07692307692307693
James Hersey,3,26,1,0.11538461538461539,0.038461538461538464
Natti Natasha,6,52,5,0.11538461538461539,0.09615384615384616
Foxy Brown,3,26,3,0.11538461538461539,0.11538461538461539
Jonas Blue,22,191,25,0.11518324607329843,0.13089005235602094
Jason Derulo,13,113,22,0.11504424778761062,0.19469026548672566
Mustard,10,87,15,0.11494252873563218,0.1724137931034483
Alesso,17,148,21,0.11486486486486487,0.14189189189189189
Quality Control,7,61,9,0.11475409836065574,0.14754098360655737
Luis Fonsi,14,122,16,0.11475409836065574,0.13114754098360656
Justin Bieber,14,122,17,0.11475409836065574,0.13934426229508196
Deorro,22,192,29,0.11458333333333333,0.15104166666666666
Sir Mix-A-Lot,4,35,8,0.11428571428571428,0.22857142857142856
The Velvet Underground,4,35,6,0.11428571428571428,0.17142857142857143
Lil Keke,4,35,5,0.11428571428571428,0.14285714285714285
The Whispers,4,35,7,0.11428571428571428,0.2
Coopex,4,35,4,0.11428571428571428,0.11428571428571428
Bushido,4,35,5,0.11428571428571428,0.14285714285714285
Lisa Lisa & Cult Jam,4,35,6,0.11428571428571428,0.17142857142857143
Ciara,4,35,5,0.11428571428571428,0.14285714285714285
Algebra Blessett,4,35,3,0.11428571428571428,0.08571428571428572
Black Stone Cherry,4,35,9,0.11428571428571428,0.2571428571428571
LL Cool J,9,79,9,0.11392405063291139,0.11392405063291139
The Internet,9,79,10,0.11392405063291139,0.12658227848101267
Deep Chills,10,88,6,0.11363636363636363,0.06818181818181818
Seven Kayne,5,44,6,0.11363636363636363,0.13636363636363635
Rich Homie Quan,5,44,6,0.11363636363636363,0.13636363636363635
DMX,15,132,20,0.11363636363636363,0.15151515151515152
Miguel Bosé,5,44,3,0.11363636363636363,0.06818181818181818
Topic,5,44,4,0.11363636363636363,0.09090909090909091
Kevu,5,44,3,0.11363636363636363,0.06818181818181818
D'Angelo,20,176,25,0.11363636363636363,0.14204545454545456
Migos,11,97,6,0.1134020618556701,0.061855670103092786
Arcangel,17,150,18,0.11333333333333333,0.12
Selena Gomez & The Scene,6,53,5,0.11320754716981132,0.09433962264150944
Lil Wayne,25,221,25,0.11312217194570136,0.11312217194570136
Paulo Londra,13,115,17,0.11304347826086956,0.14782608695652175
Solange,7,62,2,0.11290322580645161,0.03225806451612903
Wiz Khalifa,16,142,21,0.11267605633802817,0.14788732394366197
Kendrick Lamar,16,142,18,0.11267605633802817,0.1267605633802817
Paul McCartney,17,151,20,0.11258278145695365,0.13245033112582782
Westside Connection,9,80,7,0.1125,0.0875
Rauw Alejandro,11,98,10,0.11224489795918367,0.10204081632653061
Stewart Villain,2,18,0,0.1111111111111111,0.0
Jackson Reese,1,9,0,0.1111111111111111,0.0
Jus Jack,1,9,1,0.1111111111111111,0.1111111111111111
Fulanito,1,9,1,0.1111111111111111,0.1111111111111111
Stevie Nicks,2,18,0,0.1111111111111111,0.0
Cold Kingdom,1,9,0,0.1111111111111111,0.0
Bahjat,1,9,0,0.1111111111111111,0.0
Poison,7,63,12,0.1111111111111111,0.19047619047619047
Kovan,2,18,0,0.1111111111111111,0.0
Tony Avila,2,18,2,0.1111111111111111,0.1111111111111111
Ferdy,1,9,0,0.1111111111111111,0.0
Tears,1,9,1,0.1111111111111111,0.1111111111111111
Jeff Bernat,1,9,4,0.1111111111111111,0.4444444444444444
The Moonglows,1,9,1,0.1111111111111111,0.1111111111111111
Kota the Friend,2,18,1,0.1111111111111111,0.05555555555555555
John Dahlbäck,7,63,6,0.1111111111111111,0.09523809523809523
Gente De Zona,6,54,5,0.1111111111111111,0.09259259259259259
Industry,1,9,0,0.1111111111111111,0.0
Infernal,1,9,0,0.1111111111111111,0.0
Kap G,1,9,0,0.1111111111111111,0.0
Emiway Bantai,1,9,1,0.1111111111111111,0.1111111111111111
Sotomayor,2,18,1,0.1111111111111111,0.05555555555555555
EARTHGANG,1,9,1,0.1111111111111111,0.1111111111111111
NGKS,1,9,1,0.1111111111111111,0.1111111111111111
DJ Screw,2,18,3,0.1111111111111111,0.16666666666666666
Tazdied,1,9,0,0.1111111111111111,0.0
Jackie Wilson,1,9,0,0.1111111111111111,0.0
The Excelsiors,1,9,0,0.1111111111111111,0.0
Culture Beat,2,18,2,0.1111111111111111,0.1111111111111111
Yellow Claw,7,63,14,0.1111111111111111,0.2222222222222222
Omega El CTM,1,9,0,0.1111111111111111,0.0
One Way to Live,1,9,1,0.1111111111111111,0.1111111111111111
Young Summer,1,9,0,0.1111111111111111,0.0
El Guincho,1,9,0,0.1111111111111111,0.0
Blair Woods,1,9,0,0.1111111111111111,0.0
Tallak,1,9,1,0.1111111111111111,0.1111111111111111
Los Lobos,1,9,3,0.1111111111111111,0.3333333333333333
Behind Clouds,1,9,2,0.1111111111111111,0.2222222222222222
Tchami,3,27,2,0.1111111111111111,0.07407407407407407
Thelonious Coltrane,1,9,1,0.1111111111111111,0.1111111111111111
Renee Sandstrom,1,9,0,0.1111111111111111,0.0
Xantos,1,9,0,0.1111111111111111,0.0
TOSH,1,9,0,0.1111111111111111,0.0
RedMoon,1,9,4,0.1111111111111111,0.4444444444444444
Molina Molina,1,9,1,0.1111111111111111,0.1111111111111111
Perkele,1,9,1,0.1111111111111111,0.1111111111111111
Perttu,1,9,3,0.1111111111111111,0.3333333333333333
Big Bub,2,18,5,0.1111111111111111,0.2777777777777778
TEEMID,1,9,2,0.1111111111111111,0.2222222222222222
Nari & Milani,1,9,0,0.1111111111111111,0.0
Feyago,1,9,0,0.1111111111111111,0.0
Tokyo Tav,1,9,1,0.1111111111111111,0.1111111111111111
Mia X,3,27,3,0.1111111111111111,0.1111111111111111
A Kay,1,9,0,0.1111111111111111,0.0
R-Mean,1,9,1,0.1111111111111111,0.1111111111111111
Rob,1,9,1,0.1111111111111111,0.1111111111111111
Rob $tone,1,9,0,0.1111111111111111,0.0
Halcyon,1,9,1,0.1111111111111111,0.1111111111111111
Noiz Van Grane,1,9,1,0.1111111111111111,0.1111111111111111
Imitating Aeroplanes,1,9,0,0.1111111111111111,0.0
Vou pro Sereno,1,9,1,0.1111111111111111,0.1111111111111111
Bro Safari,2,18,1,0.1111111111111111,0.05555555555555555
The Ruby Suns,1,9,1,0.1111111111111111,0.1111111111111111
Sebastian Ingrosso & Tommy Trash,1,9,0,0.1111111111111111,0.0
Sebastian Mateo,2,18,1,0.1111111111111111,0.05555555555555555
Reebs,1,9,0,0.1111111111111111,0.0
Salmo,1,9,0,0.1111111111111111,0.0
Lola Indigo,2,18,1,0.1111111111111111,0.05555555555555555
The Gap Band,1,9,1,0.1111111111111111,0.1111111111111111
Namic,1,9,1,0.1111111111111111,0.1111111111111111
Trazmo,1,9,0,0.1111111111111111,0.0
Monica,2,18,1,0.1111111111111111,0.05555555555555555
Ab-Soul,1,9,3,0.1111111111111111,0.3333333333333333
Abel Ganz,1,9,1,0.1111111111111111,0.1111111111111111
Abel Pintos,1,9,0,0.1111111111111111,0.0
Abstract Rude,1,9,0,0.1111111111111111,0.0
Los Retros,1,9,1,0.1111111111111111,0.1111111111111111
The Conscious Daughters,1,9,0,0.1111111111111111,0.0
The Hunting Project,1,9,0,0.1111111111111111,0.0
Timeflies,5,45,5,0.1111111111111111,0.1111111111111111
Eric Prydz,2,18,0,0.1111111111111111,0.0
Dj Geducht,1,9,3,0.1111111111111111,0.3333333333333333
The Small Circle,1,9,0,0.1111111111111111,0.0
Kyng,1,9,2,0.1111111111111111,0.2222222222222222
Odanis BSK,1,9,3,0.1111111111111111,0.3333333333333333
Robin Novaku,3,27,3,0.1111111111111111,0.1111111111111111
Robot Orchestra,1,9,1,0.1111111111111111,0.1111111111111111
HeavensDust,1,9,1,0.1111111111111111,0.1111111111111111
Coyu,1,9,0,0.1111111111111111,0.0
Backyard Babies,1,9,0,0.1111111111111111,0.0
Message from Sylvia,1,9,0,0.1111111111111111,0.0
GIGEE,1,9,1,0.1111111111111111,0.1111111111111111
Mutiny,1,9,0,0.1111111111111111,0.0
Garry Sandhu,1,9,1,0.1111111111111111,0.1111111111111111
The Carters,4,36,1,0.1111111111111111,0.027777777777777776
Pau Sotomayor,2,18,3,0.1111111111111111,0.16666666666666666
TKA,1,9,1,0.1111111111111111,0.1111111111111111
Deva Mahal,1,9,1,0.1111111111111111,0.1111111111111111
Lucchii,1,9,1,0.1111111111111111,0.1111111111111111
bassReaper,1,9,0,0.1111111111111111,0.0
Paxi,1,9,0,0.1111111111111111,0.0
LÉON,3,27,1,0.1111111111111111,0.037037037037037035
FLETCHER,4,36,12,0.1111111111111111,0.3333333333333333
Âme,1,9,1,0.1111111111111111,0.1111111111111111
Tommy Strauser,1,9,1,0.1111111111111111,0.1111111111111111
Matchbox Twenty,2,18,3,0.1111111111111111,0.16666666666666666
Jennafer Lynsey,1,9,1,0.1111111111111111,0.1111111111111111
Matt Walden,1,9,1,0.1111111111111111,0.1111111111111111
Fallen Roses,1,9,3,0.1111111111111111,0.3333333333333333
Mayonnaise,2,18,3,0.1111111111111111,0.16666666666666666
charlie toØ human,1,9,1,0.1111111111111111,0.1111111111111111
Charles Givings,1,9,0,0.1111111111111111,0.0
Romeo El Santo,2,18,3,0.1111111111111111,0.16666666666666666
Hause Plants,1,9,0,0.1111111111111111,0.0
Dolly Parton,1,9,0,0.1111111111111111,0.0
Kurt Vile,1,9,0,0.1111111111111111,0.0
Slush The Villain,1,9,0,0.1111111111111111,0.0
Tommie Sunshine,2,18,3,0.1111111111111111,0.16666666666666666
GZA,4,36,5,0.1111111111111111,0.1388888888888889
Cookin Soul,2,18,3,0.1111111111111111,0.16666666666666666
Diego Thug,1,9,1,0.1111111111111111,0.1111111111111111
TIMIAN,1,9,0,0.1111111111111111,0.0
England Dan,1,9,0,0.1111111111111111,0.0
MEDIKAL,1,9,0,0.1111111111111111,0.0
Morrissey,8,72,5,0.1111111111111111,0.06944444444444445
Mother Falcon,1,9,1,0.1111111111111111,0.1111111111111111
Buddy,3,27,4,0.1111111111111111,0.14814814814814814
Scorsi,1,9,1,0.1111111111111111,0.1111111111111111
Ace Hood,1,9,1,0.1111111111111111,0.1111111111111111
MACAN,1,9,1,0.1111111111111111,0.1111111111111111
Bellecour,1,9,0,0.1111111111111111,0.0
Byte,1,9,1,0.1111111111111111,0.1111111111111111
Christión,1,9,2,0.1111111111111111,0.2222222222222222
Isabela Merced,1,9,2,0.1111111111111111,0.2222222222222222
Cheeky El Exotico,1,9,2,0.1111111111111111,0.2222222222222222
Chela,1,9,1,0.1111111111111111,0.1111111111111111
Vini Vici,1,9,0,0.1111111111111111,0.0
50 Cent,37,333,40,0.1111111111111111,0.12012012012012012
Fayn,2,18,1,0.1111111111111111,0.05555555555555555
Meredith Andrews,1,9,0,0.1111111111111111,0.0
Lyre Le Temps,2,18,4,0.1111111111111111,0.2222222222222222
Metalocalypse: Dethklok,1,9,1,0.1111111111111111,0.1111111111111111
Pymp Tyte,1,9,0,0.1111111111111111,0.0
Rebecca Loebe,1,9,0,0.1111111111111111,0.0
Raufão,2,18,1,0.1111111111111111,0.05555555555555555
Berry Juice,1,9,2,0.1111111111111111,0.2222222222222222
Brooke,1,9,1,0.1111111111111111,0.1111111111111111
Gavin Santi,1,9,0,0.1111111111111111,0.0
Hanybal,3,27,7,0.1111111111111111,0.25925925925925924
Stars Go Dim,1,9,0,0.1111111111111111,0.0
Amerie,1,9,4,0.1111111111111111,0.4444444444444444
Aminé,3,27,3,0.1111111111111111,0.1111111111111111
Yuridia,1,9,1,0.1111111111111111,0.1111111111111111
N.A,1,9,1,0.1111111111111111,0.1111111111111111
Angelique,1,9,2,0.1111111111111111,0.2222222222222222
Stella Donnelly,1,9,0,0.1111111111111111,0.0
LX & Maxwell,2,18,3,0.1111111111111111,0.16666666666666666
LOKO BEN,2,18,1,0.1111111111111111,0.05555555555555555
Somero,1,9,0,0.1111111111111111,0.0
The Bobby Fuller Four,1,9,0,0.1111111111111111,0.0
Jacala,1,9,0,0.1111111111111111,0.0
Wolfpack,4,36,1,0.1111111111111111,0.027777777777777776
N'to,1,9,1,0.1111111111111111,0.1111111111111111
Akcent,1,9,0,0.1111111111111111,0.0
La Secta AllStar,1,9,1,0.1111111111111111,0.1111111111111111
Vhask,1,9,0,0.1111111111111111,0.0
Rippa da Kid,1,9,1,0.1111111111111111,0.1111111111111111
Howie Day,1,9,2,0.1111111111111111,0.2222222222222222
Orishas,4,36,7,0.1111111111111111,0.19444444444444445
Orkestrated,1,9,0,0.1111111111111111,0.0
Centhron,1,9,1,0.1111111111111111,0.1111111111111111
The Inoculated Canaries,2,18,1,0.1111111111111111,0.05555555555555555
Mala Rodríguez,1,9,2,0.1111111111111111,0.2222222222222222
Mike La Funk,1,9,1,0.1111111111111111,0.1111111111111111
Alejandra Guzman,2,18,0,0.1111111111111111,0.0
Etta James,2,18,1,0.1111111111111111,0.05555555555555555
Mike Mains & The Branches,3,27,3,0.1111111111111111,0.1111111111111111
j-hope,2,18,1,0.1111111111111111,0.05555555555555555
Shirley Brown,1,9,4,0.1111111111111111,0.4444444444444444
Miguel Rios,28,252,26,0.1111111111111111,0.10317460317460317
MamboLosco,2,18,1,0.1111111111111111,0.05555555555555555
Gray and Crystal Steadman,1,9,0,0.1111111111111111,0.0
SHAUN,3,27,3,0.1111111111111111,0.1111111111111111
Ali B,1,9,1,0.1111111111111111,0.1111111111111111
Ardian Bujupi,1,9,1,0.1111111111111111,0.1111111111111111
Snakehips,3,27,5,0.1111111111111111,0.18518518518518517
Arena,1,9,4,0.1111111111111111,0.4444444444444444
William DeVaughn,1,9,2,0.1111111111111111,0.2222222222222222
Joris Voorn,1,9,0,0.1111111111111111,0.0
Cero Ismael,1,9,1,0.1111111111111111,0.1111111111111111
Tyla Yaweh,1,9,1,0.1111111111111111,0.1111111111111111
Terine,1,9,0,0.1111111111111111,0.0
Rick Mitchells,1,9,1,0.1111111111111111,0.1111111111111111
BONES,17,153,16,0.1111111111111111,0.10457516339869281
Barclay James Harvest,1,9,0,0.1111111111111111,0.0
Carolina Marquez,1,9,2,0.1111111111111111,0.2222222222222222
CHANMINA,1,9,1,0.1111111111111111,0.1111111111111111
Shanguy,1,9,0,0.1111111111111111,0.0
Millennium Jazz Music,1,9,2,0.1111111111111111,0.2222222222222222
Keyshia Cole,1,9,0,0.1111111111111111,0.0
SIXN,1,9,0,0.1111111111111111,0.0
Goude,1,9,2,0.1111111111111111,0.2222222222222222
Tim Arisu,1,9,0,0.1111111111111111,0.0
AJ x Deno,1,9,0,0.1111111111111111,0.0
Wilder Woods,1,9,1,0.1111111111111111,0.1111111111111111
Carmon,4,36,2,0.1111111111111111,0.05555555555555555
Chili Fernandez,1,9,0,0.1111111111111111,0.0
"Osmani Garcia ""La Voz""",1,9,3,0.1111111111111111,0.3333333333333333
Kid Quill,1,9,2,0.1111111111111111,0.2222222222222222
Tape Machines,1,9,0,0.1111111111111111,0.0
Tasha Cobbs Leonard,6,54,5,0.1111111111111111,0.09259259259259259
Steerner,1,9,1,0.1111111111111111,0.1111111111111111
Roger Martin,1,9,1,0.1111111111111111,0.1111111111111111
Dawson Hollow,1,9,0,0.1111111111111111,0.0
Pretty Poison,1,9,2,0.1111111111111111,0.2222222222222222
Blevins,1,9,0,0.1111111111111111,0.0
YZKN,2,18,5,0.1111111111111111,0.2777777777777778
Jack Back,1,9,1,0.1111111111111111,0.1111111111111111
Rain Recordings,1,9,0,0.1111111111111111,0.0
Luniz,2,18,3,0.1111111111111111,0.16666666666666666
Weiss (UK),1,9,0,0.1111111111111111,0.0
リアムMAZE1981,1,9,1,0.1111111111111111,0.1111111111111111
Maxi Priest,1,9,1,0.1111111111111111,0.1111111111111111
Gabriel Tirado,1,9,0,0.1111111111111111,0.0
Sasch BBC,1,9,0,0.1111111111111111,0.0
Offset,4,36,2,0.1111111111111111,0.05555555555555555
Shaun Frank,4,36,9,0.1111111111111111,0.25
K CAMP,1,9,0,0.1111111111111111,0.0
Yaga & Mackie,2,18,2,0.1111111111111111,0.1111111111111111
Hypanda,1,9,2,0.1111111111111111,0.2222222222222222
Grand Slam,1,9,2,0.1111111111111111,0.2222222222222222
Nick Murphy / Chet Faker,3,27,6,0.1111111111111111,0.2222222222222222
Kid Runner,1,9,3,0.1111111111111111,0.3333333333333333
Kiesza,1,9,1,0.1111111111111111,0.1111111111111111
Collie Buddz,1,9,1,0.1111111111111111,0.1111111111111111
Nicky Starr,1,9,3,0.1111111111111111,0.3333333333333333
Yahir,1,9,0,0.1111111111111111,0.0
Yammerer,1,9,4,0.1111111111111111,0.4444444444444444
Mani Sandhu,1,9,0,0.1111111111111111,0.0
Steve Medea,1,9,1,0.1111111111111111,0.1111111111111111
The Electric Swing Circus,4,36,7,0.1111111111111111,0.19444444444444445
Chato 473,2,18,2,0.1111111111111111,0.1111111111111111
Chino Grande,2,18,4,0.1111111111111111,0.2222222222222222
Jasted,1,9,0,0.1111111111111111,0.0
JavyDade,1,9,3,0.1111111111111111,0.3333333333333333
Dirty Rush & Gregor Es,2,18,1,0.1111111111111111,0.05555555555555555
Disciples,1,9,2,0.1111111111111111,0.2222222222222222
Slim Thug,1,9,1,0.1111111111111111,0.1111111111111111
Flowbee,1,9,1,0.1111111111111111,0.1111111111111111
Gregory Porter,1,9,3,0.1111111111111111,0.3333333333333333
furino,1,9,2,0.1111111111111111,0.2222222222222222
goth,1,9,0,0.1111111111111111,0.0
grandson,3,27,0,0.1111111111111111,0.0
FreeGuerrero,1,9,2,0.1111111111111111,0.2222222222222222
Freeeze,1,9,3,0.1111111111111111,0.3333333333333333
DaBaby,4,36,5,0.1111111111111111,0.1388888888888889
The Aston Shuffle,2,18,1,0.1111111111111111,0.05555555555555555
Neew,1,9,1,0.1111111111111111,0.1111111111111111
RQntz,1,9,1,0.1111111111111111,0.1111111111111111
Denis Horvat,1,9,1,0.1111111111111111,0.1111111111111111
WYS,1,9,0,0.1111111111111111,0.0
Freddie Jackson,1,9,0,0.1111111111111111,0.0
Keith Frank,1,9,0,0.1111111111111111,0.0
Boyz N Da Hood,1,9,2,0.1111111111111111,0.2222222222222222
Platon Emil,2,18,1,0.1111111111111111,0.05555555555555555
Johnny 500,1,9,1,0.1111111111111111,0.1111111111111111
Quinn O’Donnell,1,9,1,0.1111111111111111,0.1111111111111111
FknRock!,1,9,0,0.1111111111111111,0.0
Flavien Berger,1,9,0,0.1111111111111111,0.0
Shizuka Kudo,1,9,1,0.1111111111111111,0.1111111111111111
Dry,1,9,1,0.1111111111111111,0.1111111111111111
Lo'fi Boy,1,9,2,0.1111111111111111,0.2222222222222222
Rex Orange County,9,81,16,0.1111111111111111,0.19753086419753085
Ellipso,1,9,0,0.1111111111111111,0.0
Charleon,1,9,2,0.1111111111111111,0.2222222222222222
Tycho,2,18,1,0.1111111111111111,0.05555555555555555
Sabrina Claudio,2,18,2,0.1111111111111111,0.1111111111111111
Ryan Cabrera,1,9,1,0.1111111111111111,0.1111111111111111
Yvette Michele,1,9,0,0.1111111111111111,0.0
Jay y el Punto,1,9,4,0.1111111111111111,0.4444444444444444
The Stranglers,1,9,1,0.1111111111111111,0.1111111111111111
DTU,2,18,1,0.1111111111111111,0.05555555555555555
Widemode,1,9,1,0.1111111111111111,0.1111111111111111
Sidney Charles,1,9,1,0.1111111111111111,0.1111111111111111
Fideo y los del mondo,2,18,0,0.1111111111111111,0.0
Gyvus,1,9,3,0.1111111111111111,0.3333333333333333
Run The Jewels,1,9,3,0.1111111111111111,0.3333333333333333
Chameleonize,1,9,1,0.1111111111111111,0.1111111111111111
HoodCelebrityy,1,9,0,0.1111111111111111,0.0
Anonym,1,9,0,0.1111111111111111,0.0
Another Lost Year,1,9,0,0.1111111111111111,0.0
Sacred Animals,1,9,3,0.1111111111111111,0.3333333333333333
Syndrome,2,18,2,0.1111111111111111,0.1111111111111111
Keaton Henson,1,9,2,0.1111111111111111,0.2222222222222222
Doves,1,9,1,0.1111111111111111,0.1111111111111111
Basta,13,117,18,0.1111111111111111,0.15384615384615385
Steven Vegas,1,9,0,0.1111111111111111,0.0
Bileo,2,18,1,0.1111111111111111,0.05555555555555555
Lenx & Denx,1,9,1,0.1111111111111111,0.1111111111111111
Spring Grove,1,9,2,0.1111111111111111,0.2222222222222222
Ally Brooke,1,9,0,0.1111111111111111,0.0
Billy Bragg,1,9,0,0.1111111111111111,0.0
Shola Ama,1,9,1,0.1111111111111111,0.1111111111111111
Gregor Potter,1,9,1,0.1111111111111111,0.1111111111111111
A.M. SNiPER,1,9,1,0.1111111111111111,0.1111111111111111
Danni,1,9,1,0.1111111111111111,0.1111111111111111
Nipri,1,9,1,0.1111111111111111,0.1111111111111111
Richard Beynon,1,9,1,0.1111111111111111,0.1111111111111111
I4NI,1,9,0,0.1111111111111111,0.0
PA Sports,1,9,0,0.1111111111111111,0.0
Alex Schulz,1,9,0,0.1111111111111111,0.0
Lil' Flip,4,36,9,0.1111111111111111,0.25
Lily Allen,2,18,2,0.1111111111111111,0.1111111111111111
Greg Ferreira,1,9,0,0.1111111111111111,0.0
Clarence Reid,1,9,2,0.1111111111111111,0.2222222222222222
Class Actress,1,9,2,0.1111111111111111,0.2222222222222222
Takuya Kuroda,1,9,2,0.1111111111111111,0.2222222222222222
Deanna Brooke,1,9,1,0.1111111111111111,0.1111111111111111
El Sawareekh,1,9,1,0.1111111111111111,0.1111111111111111
Stan Taylor,1,9,1,0.1111111111111111,0.1111111111111111
Alex Kennon,1,9,1,0.1111111111111111,0.1111111111111111
POORSTACY,2,18,2,0.1111111111111111,0.1111111111111111
Wingtip,1,9,1,0.1111111111111111,0.1111111111111111
Josue Escogido,1,9,1,0.1111111111111111,0.1111111111111111
James Patricio,1,9,2,0.1111111111111111,0.2222222222222222
Esmé,1,9,3,0.1111111111111111,0.3333333333333333
D.OZI,1,9,1,0.1111111111111111,0.1111111111111111
Godlands,1,9,1,0.1111111111111111,0.1111111111111111
Goldfrapp,1,9,1,0.1111111111111111,0.1111111111111111
Congorock,1,9,1,0.1111111111111111,0.1111111111111111
Conor Maynard,1,9,3,0.1111111111111111,0.3333333333333333
Ministry & Co-Conspirators,1,9,2,0.1111111111111111,0.2222222222222222
The Griswolds,2,18,1,0.1111111111111111,0.05555555555555555
RIZ LA VIE,1,9,2,0.1111111111111111,0.2222222222222222
Jane XØ,1,9,1,0.1111111111111111,0.1111111111111111
Jotacé,1,9,2,0.1111111111111111,0.2222222222222222
gizmo,10,91,10,0.10989010989010989,0.10989010989010989
GASHI,9,82,12,0.10975609756097561,0.14634146341463414
Galantis,21,192,17,0.109375,0.08854166666666667
Trick Daddy,7,64,5,0.109375,0.078125
Nas,14,128,18,0.109375,0.140625
Jungle,6,55,7,0.10909090909090909,0.12727272727272726
Triomphe,6,55,4,0.10909090909090909,0.07272727272727272
Enrique Iglesias,10,92,5,0.10869565217391304,0.05434782608695652
Mamamoo,5,46,9,0.10869565217391304,0.1956521739130435
2Pac,40,368,63,0.10869565217391304,0.17119565217391305
The Pharcyde,5,46,4,0.10869565217391304,0.08695652173913043
Kodak Black,5,46,5,0.10869565217391304,0.10869565217391304
Curbi,5,46,7,0.10869565217391304,0.15217391304347827
Alan Walker,24,221,24,0.1085972850678733,0.1085972850678733
David Guetta,61,562,67,0.10854092526690391,0.11921708185053381
Cypress Hill,27,249,36,0.10843373493975904,0.14457831325301204
Lil Scrappy,4,37,0,0.10810810810810811,0.0
Chocolate Puma,4,37,4,0.10810810810810811,0.10810810810810811
Krept & Konan,4,37,3,0.10810810810810811,0.08108108108108109
Martin Garrix,70,648,71,0.10802469135802469,0.1095679012345679
Diddy,7,65,5,0.1076923076923077,0.07692307692307693
The Band CAMINO,7,65,6,0.1076923076923077,0.09230769230769231
Junko Ohashi,7,65,10,0.1076923076923077,0.15384615384615385
Billy Idol,7,65,7,0.1076923076923077,0.1076923076923077
Chance the Rapper,3,28,3,0.10714285714285714,0.10714285714285714
Smallpools,6,56,1,0.10714285714285714,0.017857142857142856
Tape Five,3,28,2,0.10714285714285714,0.07142857142857142
Olympis,3,28,3,0.10714285714285714,0.10714285714285714
Costa Gold,3,28,2,0.10714285714285714,0.07142857142857142
Yomo,3,28,2,0.10714285714285714,0.07142857142857142
Nora En Pure,3,28,4,0.10714285714285714,0.14285714285714285
Be Vis,3,28,3,0.10714285714285714,0.10714285714285714
Two Door Cinema Club,3,28,4,0.10714285714285714,0.14285714285714285
Verses,3,28,2,0.10714285714285714,0.07142857142857142
Sir Charles Jones,3,28,3,0.10714285714285714,0.10714285714285714
Matt and Kim,3,28,2,0.10714285714285714,0.07142857142857142
Drax Project,3,28,0,0.10714285714285714,0.0
Rewind,3,28,1,0.10714285714285714,0.03571428571428571
The Game,33,309,25,0.10679611650485436,0.08090614886731391
Duki,20,188,18,0.10638297872340426,0.09574468085106383
Lil Jon & The East Side Boyz,5,47,2,0.10638297872340426,0.0425531914893617
Bazzi,5,47,6,0.10638297872340426,0.1276595744680851
Pet Shop Boys,5,47,7,0.10638297872340426,0.14893617021276595
1986 Omega Tribe,7,66,10,0.10606060606060606,0.15151515151515152
Louzada,2,19,0,0.10526315789473684,0.0
Afrodisiaco,2,19,0,0.10526315789473684,0.0
The Plug,2,19,0,0.10526315789473684,0.0
Griffin Stoller,2,19,0,0.10526315789473684,0.0
Betty Who,2,19,3,0.10526315789473684,0.15789473684210525
Fullife,2,19,0,0.10526315789473684,0.0
Pip Millett,2,19,4,0.10526315789473684,0.21052631578947367
Manu Chao,2,19,4,0.10526315789473684,0.21052631578947367
Croma,2,19,3,0.10526315789473684,0.15789473684210525
Whistle,2,19,0,0.10526315789473684,0.0
Ambrosia,2,19,0,0.10526315789473684,0.0
Haftbefehl,2,19,5,0.10526315789473684,0.2631578947368421
KKG,2,19,1,0.10526315789473684,0.05263157894736842
Mr. President,2,19,3,0.10526315789473684,0.15789473684210525
Honeywagon,2,19,3,0.10526315789473684,0.15789473684210525
"Crosby, Stills & Nash",2,19,1,0.10526315789473684,0.05263157894736842
Youngblood Hawke,2,19,1,0.10526315789473684,0.05263157894736842
Steely Dan,6,57,2,0.10526315789473684,0.03508771929824561
prettyboyshav,2,19,1,0.10526315789473684,0.05263157894736842
Sparks The Rescue,2,19,1,0.10526315789473684,0.05263157894736842
Jetlag Music,2,19,1,0.10526315789473684,0.05263157894736842
Roman Müller,2,19,4,0.10526315789473684,0.21052631578947367
Dominix,2,19,1,0.10526315789473684,0.05263157894736842
Proper Dos,2,19,2,0.10526315789473684,0.10526315789473684
Priceless,2,19,1,0.10526315789473684,0.05263157894736842
Kastenholt & Dee,2,19,5,0.10526315789473684,0.2631578947368421
Lng Sht,2,19,5,0.10526315789473684,0.2631578947368421
Critic City,4,38,5,0.10526315789473684,0.13157894736842105
Snow Patrol,2,19,1,0.10526315789473684,0.05263157894736842
Ella Fitzgerald,2,19,3,0.10526315789473684,0.15789473684210525
ROZES,2,19,0,0.10526315789473684,0.0
Ken Clayton,4,38,4,0.10526315789473684,0.10526315789473684
Idaly,2,19,2,0.10526315789473684,0.10526315789473684
Interpol,4,38,5,0.10526315789473684,0.13157894736842105
Alina Baraz,4,38,5,0.10526315789473684,0.13157894736842105
R.I.O.,2,19,1,0.10526315789473684,0.05263157894736842
Funk Machine,4,38,3,0.10526315789473684,0.07894736842105263
Johnnie Taylor,4,38,3,0.10526315789473684,0.07894736842105263
DJ Luian,2,19,0,0.10526315789473684,0.0
Nirvana,10,95,12,0.10526315789473684,0.12631578947368421
Dragon & Caballero,6,57,4,0.10526315789473684,0.07017543859649122
Deep Jandu,2,19,1,0.10526315789473684,0.05263157894736842
Nicola Conte,2,19,3,0.10526315789473684,0.15789473684210525
Alanis Morissette,2,19,3,0.10526315789473684,0.15789473684210525
CALVO,2,19,2,0.10526315789473684,0.10526315789473684
Abby K,2,19,2,0.10526315789473684,0.10526315789473684
Juan Pablo Vega,2,19,2,0.10526315789473684,0.10526315789473684
Golden Earring,2,19,3,0.10526315789473684,0.15789473684210525
The Black Crowes,2,19,1,0.10526315789473684,0.05263157894736842
ASTR,2,19,1,0.10526315789473684,0.05263157894736842
Jorge Drexler,2,19,4,0.10526315789473684,0.21052631578947367
Katy Perry,29,276,28,0.10507246376811594,0.10144927536231885
Whitesnake,13,124,14,0.10483870967741936,0.11290322580645161
Maluma,11,105,8,0.10476190476190476,0.0761904761904762
Kygo,32,306,31,0.10457516339869281,0.10130718954248366
Lewis Capaldi,7,67,11,0.1044776119402985,0.16417910447761194
Creedence Clearwater Revival,24,230,31,0.10434782608695652,0.13478260869565217
Zoé,5,48,2,0.10416666666666667,0.041666666666666664
Tinashe,5,48,3,0.10416666666666667,0.0625
Dwele,5,48,4,0.10416666666666667,0.08333333333333333
Lil Mosey,5,48,7,0.10416666666666667,0.14583333333333334
Gregor Salto,5,48,12,0.10416666666666667,0.25
BTS,8,77,8,0.1038961038961039,0.1038961038961039
Sean Price,8,77,6,0.1038961038961039,0.07792207792207792
Audax,3,29,3,0.10344827586206896,0.10344827586206896
Merdan D,3,29,4,0.10344827586206896,0.13793103448275862
Ruel,3,29,5,0.10344827586206896,0.1724137931034483
Bingo Players,6,58,11,0.10344827586206896,0.1896551724137931
Laura Tain,3,29,1,0.10344827586206896,0.034482758620689655
Rob Stepwart,15,145,22,0.10344827586206896,0.15172413793103448
The Cardigans,3,29,6,0.10344827586206896,0.20689655172413793
MAGIC!,3,29,2,0.10344827586206896,0.06896551724137931
Lucho SSJ,3,29,1,0.10344827586206896,0.034482758620689655
Marilyn Manson,3,29,6,0.10344827586206896,0.20689655172413793
The RH Factor,3,29,4,0.10344827586206896,0.13793103448275862
The Alan Parsons Project,3,29,7,0.10344827586206896,0.2413793103448276
Rae Sremmurd,6,58,9,0.10344827586206896,0.15517241379310345
Miky Woodz,3,29,1,0.10344827586206896,0.034482758620689655
Rich The Kid,3,29,6,0.10344827586206896,0.20689655172413793
Ella Vos,3,29,2,0.10344827586206896,0.06896551724137931
WALK THE MOON,6,58,6,0.10344827586206896,0.10344827586206896
Icona Pop,3,29,4,0.10344827586206896,0.13793103448275862
Lupe Fiasco,3,29,4,0.10344827586206896,0.13793103448275862
Fleetwood Mac,19,184,21,0.10326086956521739,0.11413043478260869
Hailee Steinfeld,7,68,7,0.10294117647058823,0.10294117647058823
Plan B,11,107,16,0.102803738317757,0.14953271028037382
Khalid,20,195,30,0.10256410256410256,0.15384615384615385
R5,4,39,2,0.10256410256410256,0.05128205128205128
Lorde,4,39,5,0.10256410256410256,0.1282051282051282
Gryffin,12,117,14,0.10256410256410256,0.11965811965811966
R.E.M.,4,39,4,0.10256410256410256,0.10256410256410256
Midel,4,39,1,0.10256410256410256,0.02564102564102564
Brent Faiyaz,4,39,6,0.10256410256410256,0.15384615384615385
Dada Life,4,39,6,0.10256410256410256,0.15384615384615385
OneRepublic,14,137,22,0.10218978102189781,0.16058394160583941
Wu-Tang Clan,14,137,16,0.10218978102189781,0.11678832116788321
D12,5,49,5,0.10204081632653061,0.10204081632653061
Thin Lizzy,10,98,14,0.10204081632653061,0.14285714285714285
Unaverage Gang,5,49,4,0.10204081632653061,0.08163265306122448
Gary Moore,5,49,5,0.10204081632653061,0.10204081632653061
Wreckx-N-Effect,5,49,1,0.10204081632653061,0.02040816326530612
A$AP Rocky,10,98,9,0.10204081632653061,0.09183673469387756
Sam Smith,11,108,12,0.10185185185185185,0.1111111111111111
alt-J,6,59,3,0.1016949152542373,0.05084745762711865
Club Nouveau,6,59,7,0.1016949152542373,0.11864406779661017
George Harrison,13,128,16,0.1015625,0.125
Godsmack,7,69,7,0.10144927536231885,0.10144927536231885
TV Noise,8,79,17,0.10126582278481013,0.21518987341772153
Mötley Crüe,17,168,20,0.10119047619047619,0.11904761904761904
The Cranberries,34,336,41,0.10119047619047619,0.12202380952380952
Rush,10,99,10,0.10101010101010101,0.10101010101010101
Steve Aoki,31,307,40,0.10097719869706841,0.13029315960912052
Carlos Vives,13,129,15,0.10077519379844961,0.11627906976744186
Maroon 5,31,308,39,0.10064935064935066,0.1266233766233766
Eminem,32,319,41,0.10031347962382445,0.12852664576802508
GHOST DATA,1,10,1,0.1,0.1
Clau,1,10,0,0.1,0.0
Emma Sameth,1,10,0,0.1,0.0
DJ Kuba,1,10,0,0.1,0.0
Vintage Trouble,1,10,0,0.1,0.0
Ram Jam,3,30,6,0.1,0.2
Fey,2,20,2,0.1,0.1
A Touch Of Class,1,10,0,0.1,0.0
lōland,1,10,2,0.1,0.2
Dardan,2,20,2,0.1,0.1
Ruben,1,10,0,0.1,0.0
Ruben Studdard,1,10,0,0.1,0.0
Edu Linares,1,10,0,0.1,0.0
Marcus Mouya,1,10,2,0.1,0.2
Marco Mares,1,10,3,0.1,0.3
Edward Maya,1,10,0,0.1,0.0
Marco Rahim,1,10,1,0.1,0.1
Margarita la diosa de la cumbia,1,10,1,0.1,0.1
DIAMANTE,1,10,3,0.1,0.3
Jabberwocky,2,20,1,0.1,0.05
Drunken Kong,1,10,1,0.1,0.1
Gemini Syndrome,1,10,3,0.1,0.3
Desconhecido,3,30,6,0.1,0.2
Des'ree,1,10,3,0.1,0.3
Des Rocs,2,20,1,0.1,0.05
Discovery,1,10,2,0.1,0.2
Brodi,2,20,3,0.1,0.15
Rebeat,1,10,2,0.1,0.2
Third Eye Blind,1,10,2,0.1,0.2
DeeExpus,1,10,2,0.1,0.2
Elizabeth Grace,1,10,1,0.1,0.1
Grupo Cañaveral De Humberto Pabón,1,10,0,0.1,0.0
Alizzmatic,4,40,1,0.1,0.025
Oreez,1,10,1,0.1,0.1
Tucka: King Of Swing,3,30,4,0.1,0.13333333333333333
Ray Charles,1,10,2,0.1,0.2
Buckcherry,2,20,2,0.1,0.1
Michelle Williams,1,10,1,0.1,0.1
AFI,1,10,4,0.1,0.4
Fili,1,10,1,0.1,0.1
Cacife Clandestino,2,20,2,0.1,0.1
Why G,1,10,1,0.1,0.1
Saxity,2,20,6,0.1,0.3
Kito,1,10,3,0.1,0.3
Shoffy,1,10,2,0.1,0.2
Velvet,1,10,0,0.1,0.0
Chamillionaire,1,10,1,0.1,0.1
Lazza,2,20,0,0.1,0.0
Altafulla,1,10,1,0.1,0.1
Lautaro LR,1,10,1,0.1,0.1
Nine Days,1,10,1,0.1,0.1
Onyx,1,10,3,0.1,0.3
Nivea,1,10,4,0.1,0.4
Stefano Richetta,1,10,1,0.1,0.1
Masked Wolf,1,10,5,0.1,0.5
snowsa,1,10,3,0.1,0.3
Rod Wave,2,20,0,0.1,0.0
Edwin McCain,1,10,1,0.1,0.1
Mayer Hawthorne,2,20,3,0.1,0.15
Don Philippe,1,10,0,0.1,0.0
HAN-KUN,1,10,0,0.1,0.0
Tommy Torres,2,20,3,0.1,0.15
Bad Apples,2,20,3,0.1,0.15
Baby Doll,1,10,0,0.1,0.0
Kokane,1,10,2,0.1,0.2
Korn,7,70,9,0.1,0.12857142857142856
PØP CULTUR,1,10,1,0.1,0.1
Jenny Burton,1,10,0,0.1,0.0
BRKLYN,1,10,1,0.1,0.1
Megaherz,1,10,2,0.1,0.2
David Puentez,1,10,0,0.1,0.0
Haydee Milanes,1,10,0,0.1,0.0
Of Allies,1,10,0,0.1,0.0
OUTRAGE,2,20,4,0.1,0.2
The Communards,1,10,1,0.1,0.1
Craig Mack,1,10,5,0.1,0.5
MSTR ROGERS,1,10,0,0.1,0.0
Monaco Trash Machine,1,10,3,0.1,0.3
O-Zone,1,10,2,0.1,0.2
Pete Rock / InI,1,10,0,0.1,0.0
James Cole,2,20,2,0.1,0.1
Llane,1,10,2,0.1,0.2
anders,1,10,3,0.1,0.3
Zuso,1,10,1,0.1,0.1
Joe Bonamassa,1,10,2,0.1,0.2
Poppy,1,10,0,0.1,0.0
Heather Schnoor,1,10,0,0.1,0.0
Awaker,1,10,1,0.1,0.1
Pontus,1,10,0,0.1,0.0
Jeff Lorber,2,20,0,0.1,0.0
Amber Ryann,1,10,0,0.1,0.0
Teamheadkick,1,10,1,0.1,0.1
Hamzaa,1,10,1,0.1,0.1
Felipe Flip,1,10,2,0.1,0.2
Pol Granch,1,10,1,0.1,0.1
Bali Bandits,1,10,2,0.1,0.2
DeJ Loaf,1,10,0,0.1,0.0
Noah Neiman,3,30,6,0.1,0.2
Boca Paila,1,10,1,0.1,0.1
Hotway,2,20,2,0.1,0.1
Klischée,3,30,6,0.1,0.2
Ezio Oliva,1,10,1,0.1,0.1
Mario Winans,1,10,1,0.1,0.1
Marianne Faithfull,1,10,3,0.1,0.3
Marley Waters,1,10,0,0.1,0.0
Bakar,1,10,0,0.1,0.0
Various Artists,7,70,8,0.1,0.11428571428571428
El Caribefunk,1,10,1,0.1,0.1
Robyn,1,10,2,0.1,0.2
Oliver Wade,1,10,0,0.1,0.0
Kramder,2,20,2,0.1,0.1
Harihara Sudhan,1,10,2,0.1,0.2
NugLife,2,20,1,0.1,0.05
Nova,1,10,1,0.1,0.1
Cueshé,1,10,0,0.1,0.0
The Cheetah Girls,1,10,0,0.1,0.0
X Lovers,1,10,2,0.1,0.2
M|O|O|N,1,10,1,0.1,0.1
Luke DB,1,10,0,0.1,0.0
KALIM,1,10,1,0.1,0.1
Peachro,1,10,0,0.1,0.0
Rat City,1,10,2,0.1,0.2
KISS,17,170,25,0.1,0.14705882352941177
Courteeners,1,10,1,0.1,0.1
C'SAR,1,10,0,0.1,0.0
Waahiid,1,10,2,0.1,0.2
B2K,1,10,0,0.1,0.0
Joywave,1,10,0,0.1,0.0
Juicy Cola,1,10,2,0.1,0.2
RSIN,1,10,1,0.1,0.1
Pablei,1,10,1,0.1,0.1
Rich Edwards,2,20,2,0.1,0.1
Jones & Brock,1,10,1,0.1,0.1
Nayer,1,10,1,0.1,0.1
Natural Sound Makers,1,10,2,0.1,0.2
Lockeland,1,10,1,0.1,0.1
Travis Scott,9,90,11,0.1,0.12222222222222222
Los 4,2,20,3,0.1,0.15
Loreno Mayer,2,20,2,0.1,0.1
Tuxedo,1,10,2,0.1,0.2
Sam Amidon,1,10,0,0.1,0.0
Alex & Sierra,1,10,0,0.1,0.0
Nathaniel Rateliff & The Night Sweats,1,10,1,0.1,0.1
Miss Li,1,10,1,0.1,0.1
MF Eistee,1,10,0,0.1,0.0
The Royal Concept,1,10,0,0.1,0.0
Digitalism,1,10,1,0.1,0.1
W. Corona,1,10,0,0.1,0.0
Gerstronik,1,10,1,0.1,0.1
Brame & Hamo,2,20,5,0.1,0.25
C-Murder,3,30,5,0.1,0.16666666666666666
Busta Rhymes,3,30,3,0.1,0.1
D.O.N.S. feat. Terri B.,1,10,0,0.1,0.0
Eros Ramazzotti,1,10,1,0.1,0.1
Aymee Nuviola,1,10,0,0.1,0.0
Modà,2,20,3,0.1,0.15
TyLuv.,1,10,0,0.1,0.0
E.S.G. featuring Big Moe,1,10,0,0.1,0.0
Kelela,1,10,0,0.1,0.0
Rachel Platten,1,10,2,0.1,0.2
Chroma Key,1,10,0,0.1,0.0
Tritonal,11,110,12,0.1,0.10909090909090909
Charles DaBeast,1,10,3,0.1,0.3
"Tallak feat,Viv Gee",1,10,0,0.1,0.0
The Vapors,1,10,2,0.1,0.2
Praia Del Sol,1,10,0,0.1,0.0
Jet,2,20,1,0.1,0.05
Melissa Manchester,1,10,1,0.1,0.1
Salif Keita,1,10,1,0.1,0.1
saud,1,10,0,0.1,0.0
Casey Derhak,1,10,1,0.1,0.1
Solomun,1,10,1,0.1,0.1
Mujo,2,20,0,0.1,0.0
Fastball,1,10,1,0.1,0.1
Matuê,3,30,5,0.1,0.16666666666666666
Jeremy Zucker,2,20,3,0.1,0.15
xChenda,1,10,1,0.1,0.1
Maréh,1,10,0,0.1,0.0
RedOne,1,10,0,0.1,0.0
Derin Falana,2,20,1,0.1,0.05
Timati,1,10,1,0.1,0.1
Corinne Bailey Rae,3,30,1,0.1,0.03333333333333333
D-Hack,1,10,0,0.1,0.0
The Walters,1,10,1,0.1,0.1
Sugar Ray,1,10,2,0.1,0.2
Secondhand Habit,1,10,2,0.1,0.2
Dillon Francis,8,80,11,0.1,0.1375
Jack & Jack,1,10,5,0.1,0.5
J-Kwon,1,10,0,0.1,0.0
Vitø,1,10,1,0.1,0.1
The Calling,2,20,1,0.1,0.05
DJ KABOO,1,10,4,0.1,0.4
Saramalacara,1,10,1,0.1,0.1
Cosmic Cycler,1,10,1,0.1,0.1
Mustered Courage,1,10,0,0.1,0.0
Jack Johnson,2,20,2,0.1,0.1
Lil Bibby,1,10,0,0.1,0.0
Grace Mitchell,1,10,1,0.1,0.1
Grace Carter,1,10,1,0.1,0.1
Charm City Devils,1,10,1,0.1,0.1
Hungria Hip Hop,1,10,1,0.1,0.1
Levianth,2,20,2,0.1,0.1
Debra Killings,5,50,1,0.1,0.02
Daniel Caesar,13,130,11,0.1,0.08461538461538462
Zookëper,1,10,2,0.1,0.2
Comethazine,5,50,10,0.1,0.2
ICEHOUSE,2,20,1,0.1,0.05
SINY,1,10,0,0.1,0.0
Terror Jr,5,50,10,0.1,0.2
Nexeri,1,10,3,0.1,0.3
Boston,7,70,6,0.1,0.08571428571428572
Bortharm,2,20,4,0.1,0.2
Elio & Sylvester,1,10,2,0.1,0.2
Dan McKie,1,10,2,0.1,0.2
Kidd Keo,2,20,0,0.1,0.0
Maniako,1,10,0,0.1,0.0
Toro y Moi,2,20,4,0.1,0.2
Jay Rock,2,20,1,0.1,0.05
Piperline,1,10,0,0.1,0.0
Sweet Sable,1,10,2,0.1,0.2
BEAM,1,10,0,0.1,0.0
T-Spoon,1,10,1,0.1,0.1
Zhané,7,70,7,0.1,0.1
AJ Tracey,2,20,6,0.1,0.3
jhfly,1,10,0,0.1,0.0
MARTIN $KY,1,10,1,0.1,0.1
Air Traffic Controller,1,10,1,0.1,0.1
Dennis Cruz,1,10,0,0.1,0.0
Hypnolove,1,10,2,0.1,0.2
Otsochodzi,5,50,6,0.1,0.12
Kid Francescoli,1,10,0,0.1,0.0
junyii.,1,10,0,0.1,0.0
Jaden Dixon,1,10,1,0.1,0.1
Steve Rothery,1,10,1,0.1,0.1
Eastblock Bitches,2,20,2,0.1,0.1
Christian Leave,1,10,1,0.1,0.1
Japiaguar,1,10,1,0.1,0.1
Alex Kenji,1,10,1,0.1,0.1
Lisi,1,10,1,0.1,0.1
SSIO,1,10,0,0.1,0.0
Phoebe Ryan,2,20,3,0.1,0.15
Jamie N Commons,1,10,1,0.1,0.1
Fozzy,1,10,5,0.1,0.5
Khia,1,10,1,0.1,0.1
Global Dan,1,10,0,0.1,0.0
Aretha Franklin,2,20,2,0.1,0.1
Denisha,1,10,1,0.1,0.1
POSTA,1,10,0,0.1,0.0
Neuschwanstein,1,10,0,0.1,0.0
Big Havi,1,10,0,0.1,0.0
Phil Good,1,10,1,0.1,0.1
TACONAFIDE,1,10,1,0.1,0.1
Forester,1,10,0,0.1,0.0
Sneakk,1,10,0,0.1,0.0
Mammoth Mammoth,2,20,2,0.1,0.1
Khapter Two,1,10,0,0.1,0.0
Deepend,1,10,1,0.1,0.1
Victor Ruiz,1,10,0,0.1,0.0
Pas Sages,1,10,1,0.1,0.1
Justin Hau,1,10,1,0.1,0.1
Justnormal,2,20,3,0.1,0.15
Dudu,1,10,2,0.1,0.2
Raiden,1,10,0,0.1,0.0
DJ Taz,1,10,0,0.1,0.0
Loud Luxury,7,70,8,0.1,0.11428571428571428
Dylan Dunlap,1,10,1,0.1,0.1
Attom,1,10,0,0.1,0.0
Fuego,4,40,3,0.1,0.075
Upchurch,18,182,22,0.0989010989010989,0.12087912087912088
The Killers,7,71,10,0.09859154929577464,0.14084507042253522
Arctic Monkeys,6,61,4,0.09836065573770492,0.06557377049180328
Dash Berlin,6,61,8,0.09836065573770492,0.13114754098360656
Cheat Codes,11,112,16,0.09821428571428571,0.14285714285714285
8Ball,5,51,8,0.09803921568627451,0.1568627450980392
112,5,51,7,0.09803921568627451,0.13725490196078433
Pegboard Nerds,5,51,5,0.09803921568627451,0.09803921568627451
Pasabordo,5,51,6,0.09803921568627451,0.11764705882352941
DEAMN,5,51,1,0.09803921568627451,0.0196078431372549
James Carter,4,41,4,0.0975609756097561,0.0975609756097561
MOTi,8,82,7,0.0975609756097561,0.08536585365853659
Местный,4,41,5,0.0975609756097561,0.12195121951219512
Glass Animals,4,41,1,0.0975609756097561,0.024390243902439025
Pixies,3,31,5,0.0967741935483871,0.16129032258064516
Robbie Williams,3,31,3,0.0967741935483871,0.0967741935483871
KAROL G,6,62,12,0.0967741935483871,0.1935483870967742
Michael Learns To Rock,9,93,13,0.0967741935483871,0.13978494623655913
The Midnight,3,31,2,0.0967741935483871,0.06451612903225806
Axwell /\ Ingrosso,6,62,8,0.0967741935483871,0.12903225806451613
Barney Artist,3,31,3,0.0967741935483871,0.0967741935483871
Brownside,3,31,3,0.0967741935483871,0.0967741935483871
Juice WRLD,9,93,16,0.0967741935483871,0.17204301075268819
Ghostemane,20,207,22,0.0966183574879227,0.10628019323671498
Three Days Grace,11,114,11,0.09649122807017543,0.09649122807017543
Lil Tecca,8,83,15,0.0963855421686747,0.18072289156626506
Miguel,5,52,7,0.09615384615384616,0.1346153846153846
Matroda,5,52,5,0.09615384615384616,0.09615384615384616
Daryl Hall & John Oates,5,52,2,0.09615384615384616,0.038461538461538464
Coldplay,25,261,28,0.09578544061302682,0.10727969348659004
Post Malone,18,188,39,0.09574468085106383,0.2074468085106383
Coleman Hell,2,21,2,0.09523809523809523,0.09523809523809523
Parov Stelar,8,84,11,0.09523809523809523,0.13095238095238096
Cyndi Lauper,2,21,2,0.09523809523809523,0.09523809523809523
VASSY,2,21,2,0.09523809523809523,0.09523809523809523
SWV,14,147,22,0.09523809523809523,0.14965986394557823
Flux Pavilion,2,21,2,0.09523809523809523,0.09523809523809523
Hp Boyz,2,21,2,0.09523809523809523,0.09523809523809523
Carptree,2,21,3,0.09523809523809523,0.14285714285714285
Joey Dale,2,21,3,0.09523809523809523,0.14285714285714285
YoungBoy Never Broke Again,2,21,6,0.09523809523809523,0.2857142857142857
Tee Grizzley,2,21,4,0.09523809523809523,0.19047619047619047
Marnik,2,21,3,0.09523809523809523,0.14285714285714285
Sean Paul,10,105,12,0.09523809523809523,0.11428571428571428
Skepta,2,21,1,0.09523809523809523,0.047619047619047616
LOVER,2,21,0,0.09523809523809523,0.0
Gera MX,2,21,2,0.09523809523809523,0.09523809523809523
Felly,2,21,3,0.09523809523809523,0.14285714285714285
Lemaitre,4,42,5,0.09523809523809523,0.11904761904761904
Blacktop Mojo,2,21,3,0.09523809523809523,0.14285714285714285
Nappy Roots,4,42,7,0.09523809523809523,0.16666666666666666
Zion & Lennox,6,63,13,0.09523809523809523,0.20634920634920634
Noah Kahan,2,21,4,0.09523809523809523,0.19047619047619047
XYLØ,2,21,2,0.09523809523809523,0.09523809523809523
H-Town,4,42,3,0.09523809523809523,0.07142857142857142
PREP,2,21,5,0.09523809523809523,0.23809523809523808
Oingo Boingo,2,21,5,0.09523809523809523,0.23809523809523808
Palm Trees,2,21,3,0.09523809523809523,0.14285714285714285
Alexander O'Neal,2,21,0,0.09523809523809523,0.0
PARTYNEXTDOOR,2,21,7,0.09523809523809523,0.3333333333333333
Pearl Jam,6,63,8,0.09523809523809523,0.12698412698412698
Lost Stars,2,21,2,0.09523809523809523,0.09523809523809523
Agnes Obel,7,74,6,0.0945945945945946,0.08108108108108109
Funky,7,74,13,0.0945945945945946,0.17567567567567569
Dua Lipa,10,106,18,0.09433962264150944,0.16981132075471697
Jonas Brothers,5,53,11,0.09433962264150944,0.20754716981132076
Frenna,5,53,2,0.09433962264150944,0.03773584905660377
En Vogue,8,85,11,0.09411764705882353,0.12941176470588237
Juvenile,11,117,10,0.09401709401709402,0.08547008547008547
Billie Eilish,17,181,30,0.09392265193370165,0.16574585635359115
Billy Joel,12,128,24,0.09375,0.1875
Bill Withers,3,32,1,0.09375,0.03125
The Swing Bot,3,32,3,0.09375,0.09375
QUIX,3,32,6,0.09375,0.1875
Bryant Myers,3,32,8,0.09375,0.25
flor,3,32,2,0.09375,0.0625
Kirk Franklin,3,32,2,0.09375,0.0625
Depeche Mode,21,224,28,0.09375,0.125
LANY,9,96,10,0.09375,0.10416666666666667
Paris Blohm,3,32,3,0.09375,0.09375
Dorothy,7,75,5,0.09333333333333334,0.06666666666666667
ScHoolboy Q,7,75,8,0.09333333333333334,0.10666666666666667
Van Halen,19,204,23,0.09313725490196079,0.11274509803921569
The Aces,4,43,8,0.09302325581395349,0.18604651162790697
Billy Squier,4,43,6,0.09302325581395349,0.13953488372093023
Def Leppard,17,183,23,0.09289617486338798,0.12568306010928962
The Police,10,108,17,0.09259259259259259,0.1574074074074074
Rudimental,5,54,5,0.09259259259259259,0.09259259259259259
Mœnia,7,76,10,0.09210526315789473,0.13157894736842105
Three 6 Mafia,10,109,12,0.09174311926605505,0.11009174311926606
New Edition,10,109,10,0.09174311926605505,0.09174311926605505
Drake,44,483,56,0.09109730848861283,0.11594202898550725
YUNGBLUD,1,11,1,0.09090909090909091,0.09090909090909091
Betta Lemme,1,11,1,0.09090909090909091,0.09090909090909091
Ries Brothers,1,11,0,0.09090909090909091,0.0
DG Yola,1,11,0,0.09090909090909091,0.0
Era Istrefi,2,22,6,0.09090909090909091,0.2727272727272727
Srta. Dayana,1,11,0,0.09090909090909091,0.0
KRISM,1,11,1,0.09090909090909091,0.09090909090909091
Joey Antonelli,1,11,1,0.09090909090909091,0.09090909090909091
KREAM,1,11,1,0.09090909090909091,0.09090909090909091
Brevis,1,11,0,0.09090909090909091,0.0
Madison Mars,4,44,7,0.09090909090909091,0.1590909090909091
KARD,2,22,3,0.09090909090909091,0.13636363636363635
Ozi,3,33,4,0.09090909090909091,0.12121212121212122
Myles Jasnowski,1,11,2,0.09090909090909091,0.18181818181818182
KALUMA,1,11,1,0.09090909090909091,0.09090909090909091
blackwave.,4,44,4,0.09090909090909091,0.09090909090909091
Maceo,1,11,0,0.09090909090909091,0.0
Robbie Rivera,1,11,0,0.09090909090909091,0.0
Emile Haynie,1,11,0,0.09090909090909091,0.0
Sleepy Fish,1,11,0,0.09090909090909091,0.0
Sasha Sokol,1,11,0,0.09090909090909091,0.0
Pinetree Way,1,11,1,0.09090909090909091,0.09090909090909091
Elektronomia,1,11,0,0.09090909090909091,0.0
Doctor Pheabes,2,22,6,0.09090909090909091,0.2727272727272727
I Don't Like Mondays.,1,11,1,0.09090909090909091,0.09090909090909091
Levyticus,1,11,3,0.09090909090909091,0.2727272727272727
VanJess,1,11,1,0.09090909090909091,0.09090909090909091
Joanna Crass,1,11,1,0.09090909090909091,0.09090909090909091
Eric Burdon,1,11,2,0.09090909090909091,0.18181818181818182
Måneskin,1,11,0,0.09090909090909091,0.0
Gana Bala,1,11,1,0.09090909090909091,0.09090909090909091
Our Psych,1,11,1,0.09090909090909091,0.09090909090909091
This Is Not Utopia,1,11,0,0.09090909090909091,0.0
Galavant,1,11,0,0.09090909090909091,0.0
Brieuc,1,11,2,0.09090909090909091,0.18181818181818182
Next Habit,1,11,2,0.09090909090909091,0.18181818181818182
John Maus,1,11,0,0.09090909090909091,0.0
Blur,3,33,7,0.09090909090909091,0.21212121212121213
Joe Ghost,1,11,1,0.09090909090909091,0.09090909090909091
Joe Hertz,2,22,3,0.09090909090909091,0.13636363636363635
City Morgue,1,11,2,0.09090909090909091,0.18181818181818182
Kevin,1,11,2,0.09090909090909091,0.18181818181818182
Yung Sarria,1,11,0,0.09090909090909091,0.0
Sydney,1,11,0,0.09090909090909091,0.0
Shapov,1,11,3,0.09090909090909091,0.2727272727272727
Luis Enrique,2,22,1,0.09090909090909091,0.045454545454545456
Paul Haslinger,1,11,1,0.09090909090909091,0.09090909090909091
Facemob,1,11,1,0.09090909090909091,0.09090909090909091
John Newman,2,22,5,0.09090909090909091,0.22727272727272727
Detroit Swindle,2,22,2,0.09090909090909091,0.09090909090909091
Two Figures,2,22,4,0.09090909090909091,0.18181818181818182
Lights,1,11,1,0.09090909090909091,0.09090909090909091
Kaline,1,11,1,0.09090909090909091,0.09090909090909091
Peking Duk,2,22,1,0.09090909090909091,0.045454545454545456
Andrew Gold,1,11,0,0.09090909090909091,0.0
Vansire,1,11,0,0.09090909090909091,0.0
MGMT,2,22,3,0.09090909090909091,0.13636363636363635
Elle King,1,11,0,0.09090909090909091,0.0
TRF,1,11,0,0.09090909090909091,0.0
Deepmaniak,1,11,0,0.09090909090909091,0.0
Home Brew,1,11,1,0.09090909090909091,0.09090909090909091
Motel,2,22,2,0.09090909090909091,0.09090909090909091
Julian Jordan,7,77,10,0.09090909090909091,0.12987012987012986
Periko & Jessi Leon,1,11,0,0.09090909090909091,0.0
YoSoyMatt,1,11,2,0.09090909090909091,0.18181818181818182
Elyanna,1,11,1,0.09090909090909091,0.09090909090909091
Albin Myers,1,11,0,0.09090909090909091,0.0
Black Box,1,11,2,0.09090909090909091,0.18181818181818182
Bleachers,1,11,2,0.09090909090909091,0.18181818181818182
Cody Simpson,1,11,1,0.09090909090909091,0.09090909090909091
Boney James,1,11,1,0.09090909090909091,0.09090909090909091
LÚA,1,11,2,0.09090909090909091,0.18181818181818182
Julie,1,11,0,0.09090909090909091,0.0
NSTASIA,1,11,0,0.09090909090909091,0.0
The Clientele,1,11,0,0.09090909090909091,0.0
Urban Cone,1,11,3,0.09090909090909091,0.2727272727272727
Commodores,1,11,1,0.09090909090909091,0.09090909090909091
Venomenal,1,11,0,0.09090909090909091,0.0
Allstar Weekend,1,11,1,0.09090909090909091,0.09090909090909091
Intensa Music,1,11,0,0.09090909090909091,0.0
Sero El Mero,1,11,1,0.09090909090909091,0.09090909090909091
Humming Urban Stereo,1,11,0,0.09090909090909091,0.0
Theo Kandel,1,11,0,0.09090909090909091,0.0
Lowen,1,11,1,0.09090909090909091,0.09090909090909091
Made in M,1,11,6,0.09090909090909091,0.5454545454545454
The Partysquad,1,11,0,0.09090909090909091,0.0
Zuna,3,33,5,0.09090909090909091,0.15151515151515152
Zwette,1,11,1,0.09090909090909091,0.09090909090909091
Fred De Palma,4,44,4,0.09090909090909091,0.09090909090909091
Jon B.,2,22,2,0.09090909090909091,0.09090909090909091
Lito Kirino,1,11,1,0.09090909090909091,0.09090909090909091
Murs & 9th Wonder,1,11,1,0.09090909090909091,0.09090909090909091
JonEcks,1,11,0,0.09090909090909091,0.0
Fred A. Staire,1,11,0,0.09090909090909091,0.0
Smino,1,11,0,0.09090909090909091,0.0
Smeyeul.,1,11,0,0.09090909090909091,0.0
Bounce Inc.,1,11,1,0.09090909090909091,0.09090909090909091
Kali,1,11,0,0.09090909090909091,0.0
Bob Sinclar,1,11,1,0.09090909090909091,0.09090909090909091
Funky Notes,1,11,3,0.09090909090909091,0.2727272727272727
Liya Ag Ablil,1,11,1,0.09090909090909091,0.09090909090909091
Pigeon John,1,11,1,0.09090909090909091,0.09090909090909091
Lizzo,2,22,1,0.09090909090909091,0.045454545454545456
Lizzyloo,1,11,1,0.09090909090909091,0.09090909090909091
Lloyd,3,33,4,0.09090909090909091,0.12121212121212122
Seven Lions,6,66,3,0.09090909090909091,0.045454545454545456
Eva Under Fire,1,11,2,0.09090909090909091,0.18181818181818182
Keeyen Martin,1,11,1,0.09090909090909091,0.09090909090909091
Joshi Mizu,1,11,0,0.09090909090909091,0.0
U.K.,1,11,2,0.09090909090909091,0.18181818181818182
Moo Latte,2,22,3,0.09090909090909091,0.13636363636363635
PRINSH,1,11,2,0.09090909090909091,0.18181818181818182
Shift K3Y,2,22,4,0.09090909090909091,0.18181818181818182
Glaceo,1,11,0,0.09090909090909091,0.0
Jay Slay,2,22,1,0.09090909090909091,0.045454545454545456
Daryl Hall,1,11,0,0.09090909090909091,0.0
Landis,1,11,2,0.09090909090909091,0.18181818181818182
DÉRLY,1,11,0,0.09090909090909091,0.0
Men At Work,3,33,2,0.09090909090909091,0.06060606060606061
Chris Viz,1,11,0,0.09090909090909091,0.0
Leonard Cohen,1,11,0,0.09090909090909091,0.0
Bayza,1,11,0,0.09090909090909091,0.0
Greeicy,2,22,6,0.09090909090909091,0.2727272727272727
Sammy Hagar,2,22,2,0.09090909090909091,0.09090909090909091
Bay City Rollers,1,11,0,0.09090909090909091,0.0
Dave Spoon,1,11,0,0.09090909090909091,0.0
sagun,1,11,1,0.09090909090909091,0.09090909090909091
Kool & The Gang,1,11,2,0.09090909090909091,0.18181818181818182
The Go-Go's,1,11,2,0.09090909090909091,0.18181818181818182
Menestrel,2,22,6,0.09090909090909091,0.2727272727272727
Eddie Murphy,1,11,1,0.09090909090909091,0.09090909090909091
Dabrye,1,11,2,0.09090909090909091,0.18181818181818182
David Byrne,1,11,1,0.09090909090909091,0.09090909090909091
Sister Hazel,1,11,0,0.09090909090909091,0.0
Jaël,1,11,0,0.09090909090909091,0.0
Stephanie Bennett,1,11,0,0.09090909090909091,0.0
Dayseeker,1,11,0,0.09090909090909091,0.0
Michael Burks,1,11,0,0.09090909090909091,0.0
The Sacados,1,11,0,0.09090909090909091,0.0
Gestört aber GeiL,2,22,4,0.09090909090909091,0.18181818181818182
less.people,1,11,1,0.09090909090909091,0.09090909090909091
The Louisiana Blues Brothas,1,11,0,0.09090909090909091,0.0
Quasimoto,1,11,1,0.09090909090909091,0.09090909090909091
Jemme,1,11,1,0.09090909090909091,0.09090909090909091
Ashe,1,11,2,0.09090909090909091,0.18181818181818182
Onda Norte,1,11,3,0.09090909090909091,0.2727272727272727
Miami Sound Machine,2,22,1,0.09090909090909091,0.045454545454545456
A Split Second,1,11,2,0.09090909090909091,0.18181818181818182
Michael Mind,3,33,2,0.09090909090909091,0.06060606060606061
Okwen,1,11,1,0.09090909090909091,0.09090909090909091
BB Brunes,1,11,1,0.09090909090909091,0.09090909090909091
Jade,2,22,0,0.09090909090909091,0.0
Sub Urban,1,11,0,0.09090909090909091,0.0
Kyler Fisher,1,11,0,0.09090909090909091,0.0
Bani Muñoz,1,11,2,0.09090909090909091,0.18181818181818182
BVNDIDOS,1,11,1,0.09090909090909091,0.09090909090909091
BROCKBEATS,2,22,3,0.09090909090909091,0.13636363636363635
JEN,1,11,0,0.09090909090909091,0.0
Babyface,11,121,16,0.09090909090909091,0.1322314049586777
Tone West,1,11,1,0.09090909090909091,0.09090909090909091
FineRefined,1,11,5,0.09090909090909091,0.45454545454545453
Daniel Skye,1,11,0,0.09090909090909091,0.0
Filipe Ret,1,11,1,0.09090909090909091,0.09090909090909091
Bad Gyal,2,22,1,0.09090909090909091,0.045454545454545456
Captain & Tennille,2,22,0,0.09090909090909091,0.0
Duffy,3,33,2,0.09090909090909091,0.06060606060606061
LOZAREENA,1,11,2,0.09090909090909091,0.18181818181818182
Kuda,1,11,1,0.09090909090909091,0.09090909090909091
Avine Vinny,2,22,2,0.09090909090909091,0.09090909090909091
James Morrison,1,11,0,0.09090909090909091,0.0
RMCM,1,11,1,0.09090909090909091,0.09090909090909091
Melissa Crispo,1,11,1,0.09090909090909091,0.09090909090909091
A Tribe Called Quest,3,33,5,0.09090909090909091,0.15151515151515152
The Script,2,22,2,0.09090909090909091,0.09090909090909091
Jarren Benton,1,11,2,0.09090909090909091,0.18181818181818182
Nugnes,1,11,2,0.09090909090909091,0.18181818181818182
Nothing More,3,33,5,0.09090909090909091,0.15151515151515152
Ibeyi,1,11,1,0.09090909090909091,0.09090909090909091
A Banca Records,1,11,0,0.09090909090909091,0.0
90 Miles,1,11,0,0.09090909090909091,0.0
Laffey,1,11,1,0.09090909090909091,0.09090909090909091
Flex,1,11,0,0.09090909090909091,0.0
Darius & Finlay,1,11,2,0.09090909090909091,0.18181818181818182
Gidge,2,22,3,0.09090909090909091,0.13636363636363635
Daughtry,2,22,4,0.09090909090909091,0.18181818181818182
Dune Rain,1,11,0,0.09090909090909091,0.0
San Cisco,1,11,0,0.09090909090909091,0.0
Behmer,1,11,0,0.09090909090909091,0.0
Eelke Kleijn,1,11,1,0.09090909090909091,0.09090909090909091
Dead Or Alive,1,11,0,0.09090909090909091,0.0
Kim,1,11,2,0.09090909090909091,0.18181818181818182
Osoku,1,11,1,0.09090909090909091,0.09090909090909091
AIELLO,1,11,4,0.09090909090909091,0.36363636363636365
El Micha,1,11,0,0.09090909090909091,0.0
Ramz,1,11,1,0.09090909090909091,0.09090909090909091
Q-Tip,1,11,2,0.09090909090909091,0.18181818181818182
David Hopperman,1,11,2,0.09090909090909091,0.18181818181818182
Tapps,1,11,2,0.09090909090909091,0.18181818181818182
Arrested Youth,3,33,4,0.09090909090909091,0.12121212121212122
ford.,1,11,2,0.09090909090909091,0.18181818181818182
Eddy Walker,1,11,0,0.09090909090909091,0.0
Sango,1,11,1,0.09090909090909091,0.09090909090909091
farfetch'd,1,11,0,0.09090909090909091,0.0
Skid Row,3,33,3,0.09090909090909091,0.09090909090909091
PuFFcorn,1,11,4,0.09090909090909091,0.36363636363636365
Jetta,1,11,1,0.09090909090909091,0.09090909090909091
Psymun,1,11,0,0.09090909090909091,0.0
Mike Emilio,1,11,1,0.09090909090909091,0.09090909090909091
Th' Dudes,1,11,1,0.09090909090909091,0.09090909090909091
Da' T.R.U.T.H.,1,11,0,0.09090909090909091,0.0
Jere Profeta,1,11,2,0.09090909090909091,0.18181818181818182
De Jeugd Van Tegenwoordig,3,33,6,0.09090909090909091,0.18181818181818182
jjsauma,1,11,2,0.09090909090909091,0.18181818181818182
Armando,1,11,0,0.09090909090909091,0.0
Swae Lee,2,22,0,0.09090909090909091,0.0
Greta Van Fleet,1,11,6,0.09090909090909091,0.5454545454545454
Falatuzetrê,1,11,2,0.09090909090909091,0.18181818181818182
Jey Blessing,1,11,1,0.09090909090909091,0.09090909090909091
ArtOfficial,1,11,1,0.09090909090909091,0.09090909090909091
Fates Warning,1,11,1,0.09090909090909091,0.09090909090909091
Alexis y Fido,11,122,17,0.09016393442622951,0.13934426229508196
Amy Winehouse,9,100,14,0.09,0.14
Ivy Queen,6,67,6,0.08955223880597014,0.08955223880597014
Alessia Cara,10,112,11,0.08928571428571429,0.09821428571428571
Bad Suns,4,45,7,0.08888888888888889,0.15555555555555556
Alok,8,90,14,0.08888888888888889,0.15555555555555556
B.o.B,4,45,8,0.08888888888888889,0.17777777777777778
The Smashing Pumpkins,4,45,4,0.08888888888888889,0.08888888888888889
Karan Aujla,3,34,6,0.08823529411764706,0.17647058823529413
Petit Biscuit,3,34,1,0.08823529411764706,0.029411764705882353
Ozzy Osbourne,12,136,22,0.08823529411764706,0.16176470588235295
Glades,3,34,4,0.08823529411764706,0.11764705882352941
Tove Lo,6,68,11,0.08823529411764706,0.16176470588235295
Vitão,3,34,6,0.08823529411764706,0.17647058823529413
Loyle Carner,6,68,7,0.08823529411764706,0.10294117647058823
Central Coast Clique,3,34,9,0.08823529411764706,0.2647058823529412
Dimelo Flow,3,34,2,0.08823529411764706,0.058823529411764705
Alex McArtor,3,34,0,0.08823529411764706,0.0
Kim Petras,3,34,4,0.08823529411764706,0.11764705882352941
Sikander Kahlon,3,34,2,0.08823529411764706,0.058823529411764705
Baby Rasta & Gringo,3,34,5,0.08823529411764706,0.14705882352941177
Avril Lavigne,3,34,4,0.08823529411764706,0.11764705882352941
VINAI,3,34,5,0.08823529411764706,0.14705882352941177
Meynberg,3,34,7,0.08823529411764706,0.20588235294117646
Tom Misch,16,182,14,0.08791208791208792,0.07692307692307693
Teyana Taylor,5,57,2,0.08771929824561403,0.03508771929824561
John Mayer,5,57,8,0.08771929824561403,0.14035087719298245
Gunna,2,23,4,0.08695652173913043,0.17391304347826086
Angie Stone,6,69,7,0.08695652173913043,0.10144927536231885
Madeon,2,23,0,0.08695652173913043,0.0
ARMNHMR,2,23,3,0.08695652173913043,0.13043478260869565
Justin Mylo,2,23,0,0.08695652173913043,0.0
Trippie Redd,8,92,9,0.08695652173913043,0.09782608695652174
The Moody Blues,2,23,4,0.08695652173913043,0.17391304347826086
Funky XV,2,23,2,0.08695652173913043,0.08695652173913043
P.M. Dawn,2,23,4,0.08695652173913043,0.17391304347826086
MC Hariel,2,23,4,0.08695652173913043,0.17391304347826086
Rahsaan Patterson,4,46,5,0.08695652173913043,0.10869565217391304
Minimatic,2,23,2,0.08695652173913043,0.08695652173913043
Tungevaag & Raaban,2,23,1,0.08695652173913043,0.043478260869565216
Yotto,2,23,1,0.08695652173913043,0.043478260869565216
Exposé,2,23,7,0.08695652173913043,0.30434782608695654
Eddie Dee,2,23,2,0.08695652173913043,0.08695652173913043
The Marshall Tucker Band,4,46,4,0.08695652173913043,0.08695652173913043
Lyanno,2,23,3,0.08695652173913043,0.13043478260869565
The xx,4,46,9,0.08695652173913043,0.1956521739130435
Egzod,2,23,2,0.08695652173913043,0.08695652173913043
Macarena,2,23,3,0.08695652173913043,0.13043478260869565
Styx,6,69,6,0.08695652173913043,0.08695652173913043
Dayglow,2,23,2,0.08695652173913043,0.08695652173913043
MF DOOM,2,23,3,0.08695652173913043,0.13043478260869565
Flight Club,2,23,2,0.08695652173913043,0.08695652173913043
Mayday Parade,6,69,12,0.08695652173913043,0.17391304347826086
Midnight Kids,2,23,1,0.08695652173913043,0.043478260869565216
Heart,8,93,10,0.08602150537634409,0.10752688172043011
Pastor Troy,9,105,12,0.08571428571428572,0.11428571428571428
SAYGRACE,3,35,3,0.08571428571428572,0.08571428571428572
Julia Michaels,3,35,7,0.08571428571428572,0.2
Mos Def,3,35,6,0.08571428571428572,0.17142857142857143
Genairo Nvilla,6,70,9,0.08571428571428572,0.12857142857142856
Jowell & Randy,3,35,3,0.08571428571428572,0.08571428571428572
Orchestral Manoeuvres In The Dark,9,105,7,0.08571428571428572,0.06666666666666667
Thomas Gold,10,117,24,0.08547008547008547,0.20512820512820512
AK Ausserkontrolle,7,82,12,0.08536585365853659,0.14634146341463414
Equalz,4,47,4,0.0851063829787234,0.0851063829787234
NAEMS,4,47,7,0.0851063829787234,0.14893617021276595
Daemus Moon,4,47,5,0.0851063829787234,0.10638297872340426
Ralph Tresvant,9,106,12,0.08490566037735849,0.11320754716981132
Audien,5,59,4,0.0847457627118644,0.06779661016949153
Pete Kingsman,5,59,5,0.0847457627118644,0.0847457627118644
India.Arie,11,130,15,0.08461538461538462,0.11538461538461539
Guy,17,201,33,0.0845771144278607,0.16417910447761194
Dire Straits,8,95,9,0.08421052631578947,0.09473684210526316
Metallica,9,107,15,0.08411214953271028,0.14018691588785046
Quintino,10,119,12,0.08403361344537816,0.10084033613445378
TLC,13,155,19,0.08387096774193549,0.12258064516129032
Los De La Nazza,1,12,1,0.08333333333333333,0.08333333333333333
N2DEEP,1,12,1,0.08333333333333333,0.08333333333333333
Blake Anthony,2,24,1,0.08333333333333333,0.041666666666666664
Dan Talevski,1,12,0,0.08333333333333333,0.0
Chicane,1,12,4,0.08333333333333333,0.3333333333333333
N1NT3ND0,5,60,8,0.08333333333333333,0.13333333333333333
Cazzu,3,36,2,0.08333333333333333,0.05555555555555555
Road Kahan,1,12,4,0.08333333333333333,0.3333333333333333
YNW Melly,5,60,9,0.08333333333333333,0.15
BEATSMASH,1,12,2,0.08333333333333333,0.16666666666666666
Lil Reese,1,12,0,0.08333333333333333,0.0
Benjamin Booker,1,12,0,0.08333333333333333,0.0
Nick Jonas & The Administration,1,12,1,0.08333333333333333,0.08333333333333333
River Tiber,1,12,2,0.08333333333333333,0.16666666666666666
DJ ZsuZsu,1,12,0,0.08333333333333333,0.0
Owin,1,12,2,0.08333333333333333,0.16666666666666666
Austin Pettit,1,12,3,0.08333333333333333,0.25
Las Villa,1,12,0,0.08333333333333333,0.0
Liniker e os Caramelows,1,12,0,0.08333333333333333,0.0
Viciouz Beatz,2,24,4,0.08333333333333333,0.16666666666666666
Nate Dogg,1,12,0,0.08333333333333333,0.0
Natasha Bedingfield,1,12,1,0.08333333333333333,0.08333333333333333
Arcadia,1,12,2,0.08333333333333333,0.16666666666666666
Goodie Mob,5,60,8,0.08333333333333333,0.13333333333333333
Europe,3,36,6,0.08333333333333333,0.16666666666666666
Influencers Worship,1,12,4,0.08333333333333333,0.3333333333333333
Leebrian,1,12,1,0.08333333333333333,0.08333333333333333
Beatamines,1,12,0,0.08333333333333333,0.0
DROELOE,1,12,0,0.08333333333333333,0.0
The Avener,1,12,1,0.08333333333333333,0.08333333333333333
Big Thief,1,12,0,0.08333333333333333,0.0
WE$T DUBAI,1,12,3,0.08333333333333333,0.25
Apollo LTD,4,48,5,0.08333333333333333,0.10416666666666667
X Dream,1,12,0,0.08333333333333333,0.0
WINNER,1,12,4,0.08333333333333333,0.3333333333333333
Liz Phair,1,12,1,0.08333333333333333,0.08333333333333333
Timbaland,1,12,2,0.08333333333333333,0.16666666666666666
Lou Reed,3,36,2,0.08333333333333333,0.05555555555555555
S.A.S,1,12,0,0.08333333333333333,0.0
Lou Gramm,1,12,0,0.08333333333333333,0.0
WildVibes,1,12,1,0.08333333333333333,0.08333333333333333
Vanilla Ice,1,12,4,0.08333333333333333,0.3333333333333333
B Wise,1,12,2,0.08333333333333333,0.16666666666666666
Shiva,2,24,2,0.08333333333333333,0.08333333333333333
Session Victim,1,12,1,0.08333333333333333,0.08333333333333333
Waterparks,1,12,0,0.08333333333333333,0.0
Theophilus London,1,12,4,0.08333333333333333,0.3333333333333333
DJ MEG,1,12,3,0.08333333333333333,0.25
Netsky,2,24,2,0.08333333333333333,0.08333333333333333
Sobel,1,12,0,0.08333333333333333,0.0
WUSA,1,12,3,0.08333333333333333,0.25
Nahra,1,12,1,0.08333333333333333,0.08333333333333333
Karmin,1,12,0,0.08333333333333333,0.0
Asmarani,1,12,2,0.08333333333333333,0.16666666666666666
XO,1,12,1,0.08333333333333333,0.08333333333333333
Kleøpatra,1,12,2,0.08333333333333333,0.16666666666666666
Paloma Mami,1,12,1,0.08333333333333333,0.08333333333333333
Dave Hollister,2,24,0,0.08333333333333333,0.0
Michael Seyer,1,12,1,0.08333333333333333,0.08333333333333333
Manic Street Preachers,1,12,3,0.08333333333333333,0.25
Ramones,2,24,1,0.08333333333333333,0.041666666666666664
iann dior,3,36,7,0.08333333333333333,0.19444444444444445
El Kanka,1,12,2,0.08333333333333333,0.16666666666666666
Mente Fuerte,1,12,0,0.08333333333333333,0.0
Dirty Palm,2,24,1,0.08333333333333333,0.041666666666666664
Royal & the Serpent,1,12,1,0.08333333333333333,0.08333333333333333
Spin Doctors,1,12,3,0.08333333333333333,0.25
Izzy Bizu,1,12,0,0.08333333333333333,0.0
Cloudchord,1,12,0,0.08333333333333333,0.0
Tora,1,12,1,0.08333333333333333,0.08333333333333333
Hearts & Colors,1,12,2,0.08333333333333333,0.16666666666666666
Mike Bahía,5,60,6,0.08333333333333333,0.1
MACHA!,1,12,1,0.08333333333333333,0.08333333333333333
Sound Nomaden,1,12,1,0.08333333333333333,0.08333333333333333
Gino Soccio,1,12,3,0.08333333333333333,0.25
Jhené Aiko,5,60,3,0.08333333333333333,0.05
Botnek,1,12,4,0.08333333333333333,0.3333333333333333
Sebastien,1,12,3,0.08333333333333333,0.25
Bougenvilla,1,12,2,0.08333333333333333,0.16666666666666666
$uicideBoy$,15,180,12,0.08333333333333333,0.06666666666666667
It's Benzzo,1,12,1,0.08333333333333333,0.08333333333333333
Sunny Hawkins,2,24,2,0.08333333333333333,0.08333333333333333
Her's,1,12,1,0.08333333333333333,0.08333333333333333
Mario,3,36,8,0.08333333333333333,0.2222222222222222
The DeLorean Sisters,1,12,3,0.08333333333333333,0.25
Christina Perri,1,12,3,0.08333333333333333,0.25
Stereophonics,1,12,3,0.08333333333333333,0.25
Zonoma,1,12,1,0.08333333333333333,0.08333333333333333
Steve Earle,1,12,0,0.08333333333333333,0.0
Bym,1,12,2,0.08333333333333333,0.16666666666666666
Phlocalyst,1,12,2,0.08333333333333333,0.16666666666666666
G-Unit,9,108,18,0.08333333333333333,0.16666666666666666
The Fight Left Inside,1,12,0,0.08333333333333333,0.0
APEK,1,12,1,0.08333333333333333,0.08333333333333333
Carolina Chocolate Drops,1,12,0,0.08333333333333333,0.0
Scatman John,1,12,3,0.08333333333333333,0.25
Juice The Motion Picture Soundtrack,1,12,3,0.08333333333333333,0.25
Zilvano,1,12,2,0.08333333333333333,0.16666666666666666
Alaíde,1,12,2,0.08333333333333333,0.16666666666666666
The Five Stairsteps,1,12,3,0.08333333333333333,0.25
Uncle Murda,1,12,1,0.08333333333333333,0.08333333333333333
Burak Yeter,1,12,1,0.08333333333333333,0.08333333333333333
Ray Dawn,1,12,1,0.08333333333333333,0.08333333333333333
Bonnie Tyler,1,12,4,0.08333333333333333,0.3333333333333333
Carlos Sadness,2,24,3,0.08333333333333333,0.125
Paulina Rubio,2,24,3,0.08333333333333333,0.125
Mula,1,12,0,0.08333333333333333,0.0
J. Roland,1,12,0,0.08333333333333333,0.0
Two Sleepy,1,12,1,0.08333333333333333,0.08333333333333333
3OH!3,1,12,2,0.08333333333333333,0.16666666666666666
Stromae,1,12,3,0.08333333333333333,0.25
THIS IS ELLE,1,12,0,0.08333333333333333,0.0
Lucy Pearl,3,36,3,0.08333333333333333,0.08333333333333333
updog,2,24,1,0.08333333333333333,0.041666666666666664
Murphy Lee,1,12,0,0.08333333333333333,0.0
Mindless Self Indulgence,1,12,0,0.08333333333333333,0.0
wuf,1,12,0,0.08333333333333333,0.0
DIA,1,12,0,0.08333333333333333,0.0
dreamEater,1,12,1,0.08333333333333333,0.08333333333333333
Car Seat Headrest,1,12,1,0.08333333333333333,0.08333333333333333
Gamora,4,48,3,0.08333333333333333,0.0625
KC Rebell,1,12,3,0.08333333333333333,0.25
Duckwrth,1,12,0,0.08333333333333333,0.0
Seether,8,96,7,0.08333333333333333,0.07291666666666667
Dj Gabriel do Borel,1,12,2,0.08333333333333333,0.16666666666666666
Headie One,1,12,1,0.08333333333333333,0.08333333333333333
Mall Grab,1,12,0,0.08333333333333333,0.0
beeno,1,12,0,0.08333333333333333,0.0
Boaz,1,12,4,0.08333333333333333,0.3333333333333333
DJ Jazzy Jeff & The Fresh Prince,2,24,1,0.08333333333333333,0.041666666666666664
Survivor,6,72,12,0.08333333333333333,0.16666666666666666
Prophex,1,12,1,0.08333333333333333,0.08333333333333333
Dyablo,1,12,3,0.08333333333333333,0.25
Maía,1,12,3,0.08333333333333333,0.25
Culture Code,1,12,4,0.08333333333333333,0.3333333333333333
Johnny Balik,1,12,1,0.08333333333333333,0.08333333333333333
落日飛車 Sunset Rollercoaster,1,12,1,0.08333333333333333,0.08333333333333333
Musiq Soulchild,12,145,19,0.08275862068965517,0.1310344827586207
Miley Cyrus,9,109,6,0.08256880733944955,0.05504587155963303
Liam Payne,4,49,6,0.08163265306122448,0.12244897959183673
Johnny O.,3,37,5,0.08108108108108109,0.13513513513513514
Jamie Jones,3,37,6,0.08108108108108109,0.16216216216216217
Boombox Cartel,3,37,5,0.08108108108108109,0.13513513513513514
Harry Nilsson,3,37,4,0.08108108108108109,0.10810810810810811
11 Acorn Lane,3,37,7,0.08108108108108109,0.1891891891891892
Lykke Li,3,37,3,0.08108108108108109,0.08108108108108109
Breathe Carolina,3,37,3,0.08108108108108109,0.08108108108108109
Nazareth,3,37,7,0.08108108108108109,0.1891891891891892
The Shapeshifters,3,37,0,0.08108108108108109,0.0
Cardi B,5,62,13,0.08064516129032258,0.20967741935483872
Martin Jensen,5,62,9,0.08064516129032258,0.14516129032258066
Bizarrap,5,62,5,0.08064516129032258,0.08064516129032258
Rels B,5,62,5,0.08064516129032258,0.08064516129032258
Brasstracks,9,112,15,0.08035714285714286,0.13392857142857142
Victor Muñoz,2,25,5,0.08,0.2
Kid Ink,2,25,4,0.08,0.16
John Legend,20,250,32,0.08,0.128
Boys Like Girls,2,25,2,0.08,0.08
Third Party,2,25,0,0.08,0.0
Culture Club,2,25,4,0.08,0.16
Yo Gotti,2,25,1,0.08,0.04
Gemitaiz,2,25,3,0.08,0.12
Debbie Deb,2,25,4,0.08,0.16
Big Time Rush,2,25,3,0.08,0.12
leaf beach,2,25,0,0.08,0.0
Alexander Lewis,2,25,2,0.08,0.08
Blondie,4,50,9,0.08,0.18
Kungs,6,75,14,0.08,0.18666666666666668
Röyksopp,2,25,3,0.08,0.12
CASS,2,25,1,0.08,0.04
Alice In Chains,2,25,5,0.08,0.2
Dukus,2,25,1,0.08,0.04
Hot Since 82,2,25,3,0.08,0.12
Meat Loaf,2,25,3,0.08,0.12
Gigi D'Alessio,2,25,3,0.08,0.12
Imago,2,25,3,0.08,0.12
Maxwell,13,163,19,0.07975460122699386,0.1165644171779141
Geto Boys,15,189,13,0.07936507936507936,0.06878306878306878
ZAYN,6,76,15,0.07894736842105263,0.19736842105263158
FMK,3,38,4,0.07894736842105263,0.10526315789473684
Flume,7,89,10,0.07865168539325842,0.11235955056179775
Panama Wedding,4,51,5,0.0784313725490196,0.09803921568627451
Rise Against,4,51,6,0.0784313725490196,0.11764705882352941
Broederliefde,4,51,6,0.0784313725490196,0.11764705882352941
Lenny Kravitz,5,64,12,0.078125,0.1875
21 Savage,5,64,2,0.078125,0.03125
Reik,8,103,12,0.07766990291262135,0.11650485436893204
We As Human,1,13,2,0.07692307692307693,0.15384615384615385
Thiago,1,13,1,0.07692307692307693,0.07692307692307693
Wildstreet,1,13,2,0.07692307692307693,0.15384615384615385
Psalm Trees,2,26,7,0.07692307692307693,0.2692307692307692
La Banda Baston,1,13,4,0.07692307692307693,0.3076923076923077
Jamie Kent,1,13,0,0.07692307692307693,0.0
Babyshambles,1,13,1,0.07692307692307693,0.07692307692307693
Rook1e,1,13,1,0.07692307692307693,0.07692307692307693
Aquilo,1,13,2,0.07692307692307693,0.15384615384615385
Drenchill,2,26,5,0.07692307692307693,0.19230769230769232
Dresses,1,13,1,0.07692307692307693,0.07692307692307693
BENEE,1,13,0,0.07692307692307693,0.0
Rex Stax,1,13,2,0.07692307692307693,0.15384615384615385
Breaking Benjamin,7,91,12,0.07692307692307693,0.13186813186813187
The Heavy,2,26,9,0.07692307692307693,0.34615384615384615
LSG,2,26,4,0.07692307692307693,0.15384615384615385
Virginia To Vegas,1,13,4,0.07692307692307693,0.3076923076923077
The Guess Who,3,39,2,0.07692307692307693,0.05128205128205128
Chris Rea,1,13,1,0.07692307692307693,0.07692307692307693
Max Brigante,1,13,0,0.07692307692307693,0.0
Il Volo,1,13,2,0.07692307692307693,0.15384615384615385
Said the Sky,1,13,2,0.07692307692307693,0.15384615384615385
A Billion Robots,1,13,1,0.07692307692307693,0.07692307692307693
Grateful Dead,1,13,2,0.07692307692307693,0.15384615384615385
Fantasia,3,39,4,0.07692307692307693,0.10256410256410256
Le Youth,1,13,2,0.07692307692307693,0.15384615384615385
The Salsoul Orchestra,1,13,0,0.07692307692307693,0.0
Chris Burke,1,13,4,0.07692307692307693,0.3076923076923077
Samantha,1,13,2,0.07692307692307693,0.15384615384615385
Sammy Adams,1,13,1,0.07692307692307693,0.07692307692307693
One Eskimo,1,13,0,0.07692307692307693,0.0
Charming Horses,1,13,1,0.07692307692307693,0.07692307692307693
Christopher Williams,2,26,5,0.07692307692307693,0.19230769230769232
Trackhead,1,13,2,0.07692307692307693,0.15384615384615385
Marc Benjamin,2,26,3,0.07692307692307693,0.11538461538461539
Waldeck,1,13,3,0.07692307692307693,0.23076923076923078
Jarabe De Palo,1,13,3,0.07692307692307693,0.23076923076923078
Steve Void,2,26,1,0.07692307692307693,0.038461538461538464
"LAST 60""",1,13,1,0.07692307692307693,0.07692307692307693
Nickelback,3,39,4,0.07692307692307693,0.10256410256410256
FlowBack,1,13,0,0.07692307692307693,0.0
Simah,1,13,0,0.07692307692307693,0.0
Lennon Stella,2,26,3,0.07692307692307693,0.11538461538461539
Reyna Tropical,1,13,0,0.07692307692307693,0.0
Javiielo,1,13,1,0.07692307692307693,0.07692307692307693
Flying Colors,1,13,1,0.07692307692307693,0.07692307692307693
Xang,1,13,1,0.07692307692307693,0.07692307692307693
Koffee,1,13,0,0.07692307692307693,0.0
CALI JEWLS,1,13,0,0.07692307692307693,0.0
Trey Songz,1,13,1,0.07692307692307693,0.07692307692307693
Ian Storm,1,13,2,0.07692307692307693,0.15384615384615385
Sharon Jones & The Dap-Kings,1,13,2,0.07692307692307693,0.15384615384615385
Tbtbt,1,13,2,0.07692307692307693,0.15384615384615385
XYZ,1,13,1,0.07692307692307693,0.07692307692307693
Hemso,1,13,1,0.07692307692307693,0.07692307692307693
Maloma,1,13,2,0.07692307692307693,0.15384615384615385
Casting Crowns,1,13,1,0.07692307692307693,0.07692307692307693
Judah & the Lion,1,13,3,0.07692307692307693,0.23076923076923078
Angelo De Augustine,1,13,1,0.07692307692307693,0.07692307692307693
Allen Stone,1,13,1,0.07692307692307693,0.07692307692307693
Mozart La Para,1,13,1,0.07692307692307693,0.07692307692307693
Eryn Allen Kane,1,13,0,0.07692307692307693,0.0
Owl City,2,26,2,0.07692307692307693,0.07692307692307693
UM44K,1,13,2,0.07692307692307693,0.15384615384615385
Rvssian,1,13,4,0.07692307692307693,0.3076923076923077
Nea,1,13,3,0.07692307692307693,0.23076923076923078
Lloyd Banks,1,13,4,0.07692307692307693,0.3076923076923077
DRAM,2,26,2,0.07692307692307693,0.07692307692307693
Paco de Lucía,1,13,0,0.07692307692307693,0.0
Pain,1,13,3,0.07692307692307693,0.23076923076923078
Lita Ford,1,13,2,0.07692307692307693,0.15384615384615385
MUNA,1,13,3,0.07692307692307693,0.23076923076923078
Redman,1,13,1,0.07692307692307693,0.07692307692307693
Neighbor Susan,1,13,1,0.07692307692307693,0.07692307692307693
Yasmin Santos,2,26,3,0.07692307692307693,0.11538461538461539
Yasper,1,13,2,0.07692307692307693,0.15384615384615385
Scoo8y Smack,2,26,0,0.07692307692307693,0.0
KVSH,1,13,1,0.07692307692307693,0.07692307692307693
Amenazzy,3,39,5,0.07692307692307693,0.1282051282051282
STRFKR,1,13,3,0.07692307692307693,0.23076923076923078
Selah Sue,1,13,2,0.07692307692307693,0.15384615384615385
Patrick Topping,2,26,1,0.07692307692307693,0.038461538461538464
Vagabon,1,13,1,0.07692307692307693,0.07692307692307693
NEIKED,1,13,2,0.07692307692307693,0.15384615384615385
Luke & The Belleville Orchestra,1,13,4,0.07692307692307693,0.3076923076923077
Emilia,1,13,1,0.07692307692307693,0.07692307692307693
Free Shots,1,13,2,0.07692307692307693,0.15384615384615385
Los Angeles Azules,3,39,4,0.07692307692307693,0.10256410256410256
Murs,1,13,1,0.07692307692307693,0.07692307692307693
Andra Day,3,39,1,0.07692307692307693,0.02564102564102564
The Buggles,1,13,4,0.07692307692307693,0.3076923076923077
Mr. Scruff,1,13,2,0.07692307692307693,0.15384615384615385
THEY.,1,13,0,0.07692307692307693,0.0
Peggy Scott-Adams,1,13,1,0.07692307692307693,0.07692307692307693
CloutBag,1,13,6,0.07692307692307693,0.46153846153846156
Franz Ferdinand,3,39,7,0.07692307692307693,0.1794871794871795
Lolo Zouaï,1,13,2,0.07692307692307693,0.15384615384615385
Block B - BASTARZ,1,13,4,0.07692307692307693,0.3076923076923077
D-Note The Beatllionare,1,13,1,0.07692307692307693,0.07692307692307693
The Underdog Project,1,13,6,0.07692307692307693,0.46153846153846156
Johnny Stranger,1,13,0,0.07692307692307693,0.0
The Meters,1,13,2,0.07692307692307693,0.15384615384615385
Shai,5,65,13,0.07692307692307693,0.2
Save the Arcadian,1,13,0,0.07692307692307693,0.0
J. Blackfoot,1,13,1,0.07692307692307693,0.07692307692307693
Miss Jones,1,13,1,0.07692307692307693,0.07692307692307693
Shake,1,13,3,0.07692307692307693,0.23076923076923078
Tacacho,1,13,1,0.07692307692307693,0.07692307692307693
beabadoobee,1,13,1,0.07692307692307693,0.07692307692307693
Daddy Yankee,30,391,39,0.07672634271099744,0.09974424552429667
Night Lovell,6,79,10,0.0759493670886076,0.12658227848101267
Y.V.E. 48,5,66,7,0.07575757575757576,0.10606060606060606
Lil Baby,4,53,5,0.07547169811320754,0.09433962264150944
Chivv,4,53,10,0.07547169811320754,0.18867924528301888
Sinead Harnett,4,53,3,0.07547169811320754,0.05660377358490566
El Alfa,3,40,8,0.075,0.2
The Wanted,3,40,5,0.075,0.125
Claptone,6,80,14,0.075,0.175
Eladio Carrion,3,40,6,0.075,0.15
Kanye West,11,147,12,0.07482993197278912,0.08163265306122448
Semser,10,134,15,0.07462686567164178,0.11194029850746269
Felix Jaehn,5,67,5,0.07462686567164178,0.07462686567164178
DVBBS,13,175,16,0.07428571428571429,0.09142857142857143
George Ezra,2,27,5,0.07407407407407407,0.18518518518518517
Jordan Rakei,6,81,11,0.07407407407407407,0.13580246913580246
Franc Moody,2,27,2,0.07407407407407407,0.07407407407407407
Red,2,27,3,0.07407407407407407,0.1111111111111111
Johnny Hooker,2,27,2,0.07407407407407407,0.07407407407407407
Agar Agar,2,27,2,0.07407407407407407,0.07407407407407407
Charlotte Lawrence,2,27,4,0.07407407407407407,0.14814814814814814
Moneybagg Yo,2,27,7,0.07407407407407407,0.25925925925925924
Salt-N-Pepa,2,27,5,0.07407407407407407,0.18518518518518517
Waka Flocka Flame,2,27,6,0.07407407407407407,0.2222222222222222
Steff da Campo,2,27,2,0.07407407407407407,0.07407407407407407
Glenn Gatsby,2,27,3,0.07407407407407407,0.1111111111111111
Sabino,2,27,6,0.07407407407407407,0.2222222222222222
Wun Two,6,81,11,0.07407407407407407,0.13580246913580246
Kelis,2,27,5,0.07407407407407407,0.18518518518518517
Today,2,27,5,0.07407407407407407,0.18518518518518517
Matisse & Sadko,2,27,6,0.07407407407407407,0.2222222222222222
G-Eazy,9,122,13,0.07377049180327869,0.10655737704918032
ONE OK ROCK,9,122,18,0.07377049180327869,0.14754098360655737
UFO,5,68,8,0.07352941176470588,0.11764705882352941
Hozier,3,41,4,0.07317073170731707,0.0975609756097561
Slipknot,3,41,4,0.07317073170731707,0.0975609756097561
"Drako ""El Principe""",3,41,2,0.07317073170731707,0.04878048780487805
Seinabo Sey,3,41,3,0.07317073170731707,0.07317073170731707
Yung Felix,3,41,6,0.07317073170731707,0.14634146341463414
BLACKPINK,3,41,5,0.07317073170731707,0.12195121951219512
Vampire Weekend,3,41,4,0.07317073170731707,0.0975609756097561
Azet,4,55,5,0.07272727272727272,0.09090909090909091
JP Cooper,4,55,9,0.07272727272727272,0.16363636363636364
Stacy Barthe,1,14,0,0.07142857142857142,0.0
Cigarettes After Sex,1,14,3,0.07142857142857142,0.21428571428571427
As Bahias e a Cozinha Mineira,1,14,2,0.07142857142857142,0.14285714285714285
Pedro Sampaio,1,14,2,0.07142857142857142,0.14285714285714285
Caj Morgan,1,14,0,0.07142857142857142,0.0
John Waite,1,14,0,0.07142857142857142,0.0
Loote,2,28,6,0.07142857142857142,0.21428571428571427
De Vet Du,1,14,1,0.07142857142857142,0.07142857142857142
Midnght,1,14,2,0.07142857142857142,0.14285714285714285
La Factoria,1,14,0,0.07142857142857142,0.0
The Roots,1,14,0,0.07142857142857142,0.0
Kvelertak,1,14,3,0.07142857142857142,0.21428571428571427
N.E.R.D,1,14,1,0.07142857142857142,0.07142857142857142
Jagged Edge,2,28,5,0.07142857142857142,0.17857142857142858
Fiction Factory,1,14,0,0.07142857142857142,0.0
Filip Jenven,1,14,0,0.07142857142857142,0.0
Britt Nicole,1,14,3,0.07142857142857142,0.21428571428571427
Curren$y,1,14,3,0.07142857142857142,0.21428571428571427
Take/Five,1,14,4,0.07142857142857142,0.2857142857142857
Jack Rose,1,14,1,0.07142857142857142,0.07142857142857142
Erick Decks,1,14,1,0.07142857142857142,0.07142857142857142
Night Ranger,1,14,1,0.07142857142857142,0.07142857142857142
Ameba,1,14,4,0.07142857142857142,0.2857142857142857
Jonasu,1,14,0,0.07142857142857142,0.0
Luther Vandross,1,14,6,0.07142857142857142,0.42857142857142855
YL,1,14,0,0.07142857142857142,0.0
Alvaro Soler,1,14,1,0.07142857142857142,0.07142857142857142
LION BABE,1,14,0,0.07142857142857142,0.0
Adryx-G,1,14,2,0.07142857142857142,0.14285714285714285
Oka,1,14,1,0.07142857142857142,0.07142857142857142
Dreweybear,2,28,3,0.07142857142857142,0.10714285714285714
Placebo,3,42,6,0.07142857142857142,0.14285714285714285
Swanky Tunes,4,56,10,0.07142857142857142,0.17857142857142858
Dante Klein,1,14,2,0.07142857142857142,0.14285714285714285
The Bucketheads,1,14,0,0.07142857142857142,0.0
Reggie P,1,14,1,0.07142857142857142,0.07142857142857142
Catlea,1,14,0,0.07142857142857142,0.0
Deine Lakaien,2,28,2,0.07142857142857142,0.07142857142857142
Alex Gaudino,1,14,2,0.07142857142857142,0.14285714285714285
IAmChino,2,28,1,0.07142857142857142,0.03571428571428571
Proof,1,14,1,0.07142857142857142,0.07142857142857142
Sevendust,2,28,6,0.07142857142857142,0.21428571428571427
Byron Keno,1,14,1,0.07142857142857142,0.07142857142857142
Moodymann,1,14,2,0.07142857142857142,0.14285714285714285
Nekfeu,1,14,4,0.07142857142857142,0.2857142857142857
Artury Pepper,1,14,3,0.07142857142857142,0.21428571428571427
Daughter,1,14,2,0.07142857142857142,0.14285714285714285
MKTO,1,14,3,0.07142857142857142,0.21428571428571427
D.Polo,1,14,1,0.07142857142857142,0.07142857142857142
The Dead Daisies,1,14,2,0.07142857142857142,0.14285714285714285
Monsta X,2,28,1,0.07142857142857142,0.03571428571428571
Marcus D,1,14,1,0.07142857142857142,0.07142857142857142
Little Feat,1,14,0,0.07142857142857142,0.0
Gesaffelstein,1,14,4,0.07142857142857142,0.2857142857142857
Eddie Kendricks,1,14,0,0.07142857142857142,0.0
The Bangles,1,14,4,0.07142857142857142,0.2857142857142857
Birdy,2,28,1,0.07142857142857142,0.03571428571428571
Granuja,2,28,5,0.07142857142857142,0.17857142857142858
MFnMelo,1,14,2,0.07142857142857142,0.14285714285714285
Robert Owens,1,14,2,0.07142857142857142,0.14285714285714285
Nightro,1,14,0,0.07142857142857142,0.0
Steve Lacy,3,42,4,0.07142857142857142,0.09523809523809523
Sean Finn,1,14,1,0.07142857142857142,0.07142857142857142
pink roses,1,14,2,0.07142857142857142,0.14285714285714285
William Black,2,28,4,0.07142857142857142,0.14285714285714285
Then Jerico,1,14,1,0.07142857142857142,0.07142857142857142
Souls Of Mischief,1,14,0,0.07142857142857142,0.0
Davi,2,28,7,0.07142857142857142,0.25
The Verve,1,14,3,0.07142857142857142,0.21428571428571427
Moxas,1,14,0,0.07142857142857142,0.0
The White Stripes,4,56,4,0.07142857142857142,0.07142857142857142
Erlandsson,3,42,5,0.07142857142857142,0.11904761904761904
CLC,1,14,2,0.07142857142857142,0.14285714285714285
Neon Dreams,1,14,0,0.07142857142857142,0.0
Chinese Kitty,1,14,2,0.07142857142857142,0.14285714285714285
Clairo,1,14,0,0.07142857142857142,0.0
Trill Pem,1,14,1,0.07142857142857142,0.07142857142857142
Georgia,1,14,2,0.07142857142857142,0.14285714285714285
Mother Nature Sound FX,1,14,0,0.07142857142857142,0.0
Simon Grossmann,1,14,3,0.07142857142857142,0.21428571428571427
Black Star Riders,1,14,0,0.07142857142857142,0.0
Lady Gaga,11,156,17,0.07051282051282051,0.10897435897435898
Recayd Mob,4,57,4,0.07017543859649122,0.07017543859649122
Mark Ronson,4,57,10,0.07017543859649122,0.17543859649122806
Skillet,3,43,7,0.06976744186046512,0.16279069767441862
Chayanne,3,43,5,0.06976744186046512,0.11627906976744186
Burna Boy,3,43,15,0.06976744186046512,0.3488372093023256
Izi,2,29,1,0.06896551724137931,0.034482758620689655
Bamboo,2,29,2,0.06896551724137931,0.06896551724137931
Jamiroquai,2,29,2,0.06896551724137931,0.06896551724137931
Klangkarussell,2,29,3,0.06896551724137931,0.10344827586206896
SaberZ,2,29,6,0.06896551724137931,0.20689655172413793
Black Moon,2,29,2,0.06896551724137931,0.06896551724137931
Ecko,2,29,4,0.06896551724137931,0.13793103448275862
Chris Mazuera,2,29,1,0.06896551724137931,0.034482758620689655
Amel Larrieux,2,29,5,0.06896551724137931,0.1724137931034483
Rich Gang,2,29,1,0.06896551724137931,0.034482758620689655
Haze & Mellow,2,29,2,0.06896551724137931,0.06896551724137931
Hot Boys,2,29,3,0.06896551724137931,0.10344827586206896
Eiffel 65,2,29,3,0.06896551724137931,0.10344827586206896
Heavy D & The Boyz,9,134,11,0.06716417910447761,0.08208955223880597
ZHU,3,45,8,0.06666666666666667,0.17777777777777778
Hunter Hunted,1,15,1,0.06666666666666667,0.06666666666666667
Rich Boy,1,15,4,0.06666666666666667,0.26666666666666666
Yung Gravy,1,15,2,0.06666666666666667,0.13333333333333333
Ron Suno,1,15,0,0.06666666666666667,0.0
Hogland,5,75,8,0.06666666666666667,0.10666666666666667
Ley Line,1,15,3,0.06666666666666667,0.2
James Gang,1,15,3,0.06666666666666667,0.2
Beach House,2,30,2,0.06666666666666667,0.06666666666666667
Louis Baker,1,15,1,0.06666666666666667,0.06666666666666667
King T,1,15,1,0.06666666666666667,0.06666666666666667
Buxxi,1,15,1,0.06666666666666667,0.06666666666666667
Dylan Sitts,1,15,0,0.06666666666666667,0.0
Father MC,4,60,11,0.06666666666666667,0.18333333333333332
Hoobastank,2,30,6,0.06666666666666667,0.2
Alter Bridge,1,15,1,0.06666666666666667,0.06666666666666667
Maribou State,1,15,0,0.06666666666666667,0.0
The Mowgli's,2,30,4,0.06666666666666667,0.13333333333333333
Faul & Wad Ad,1,15,3,0.06666666666666667,0.2
Manfred Mann's Earth Band,3,45,3,0.06666666666666667,0.06666666666666667
Far Out,1,15,1,0.06666666666666667,0.06666666666666667
"Emerson, Lake & Palmer",1,15,2,0.06666666666666667,0.13333333333333333
Elvis Costello,1,15,1,0.06666666666666667,0.06666666666666667
3030,1,15,4,0.06666666666666667,0.26666666666666666
Emmit Fenn,2,30,6,0.06666666666666667,0.2
Psylla,1,15,2,0.06666666666666667,0.13333333333333333
Lookas,1,15,0,0.06666666666666667,0.0
Carta,2,30,0,0.06666666666666667,0.0
Ant Saunders,1,15,2,0.06666666666666667,0.13333333333333333
Nana Mendoza,1,15,2,0.06666666666666667,0.13333333333333333
Paradis,1,15,4,0.06666666666666667,0.26666666666666666
Polo & Pan,1,15,1,0.06666666666666667,0.06666666666666667
Keo Nozari,1,15,1,0.06666666666666667,0.06666666666666667
POWERS,1,15,0,0.06666666666666667,0.0
Naughty Boy,1,15,3,0.06666666666666667,0.2
PRETTYMUCH,3,45,4,0.06666666666666667,0.08888888888888889
NUGAT,1,15,0,0.06666666666666667,0.0
Eve,1,15,1,0.06666666666666667,0.06666666666666667
Lstn,1,15,1,0.06666666666666667,0.06666666666666667
Theblackboyjohn,1,15,1,0.06666666666666667,0.06666666666666667
J. Cole,5,75,8,0.06666666666666667,0.10666666666666667
Shade,1,15,1,0.06666666666666667,0.06666666666666667
Poppy Ajudha,1,15,4,0.06666666666666667,0.26666666666666666
Bread,1,15,2,0.06666666666666667,0.13333333333333333
DeejaVu,1,15,2,0.06666666666666667,0.13333333333333333
FISHER,2,30,6,0.06666666666666667,0.2
Lin-Manuel Miranda,1,15,3,0.06666666666666667,0.2
Passenger,1,15,1,0.06666666666666667,0.06666666666666667
The Japanese House,1,15,0,0.06666666666666667,0.0
Kevin Abstract,1,15,1,0.06666666666666667,0.06666666666666667
Lil Whigga,1,15,2,0.06666666666666667,0.13333333333333333
Corona,1,15,3,0.06666666666666667,0.2
The Pussycat Dolls,2,30,1,0.06666666666666667,0.03333333333333333
Neon Trees,1,15,3,0.06666666666666667,0.2
Flatdisk,1,15,3,0.06666666666666667,0.2
Carl Thomas,2,30,2,0.06666666666666667,0.06666666666666667
Taylor Dayne,1,15,3,0.06666666666666667,0.2
Moonstar88,1,15,1,0.06666666666666667,0.06666666666666667
j mena,1,15,3,0.06666666666666667,0.2
Wankelmut,1,15,1,0.06666666666666667,0.06666666666666667
Spandau Ballet,2,30,2,0.06666666666666667,0.06666666666666667
Bahamas,1,15,5,0.06666666666666667,0.3333333333333333
Spada,1,15,0,0.06666666666666667,0.0
Sandwich,1,15,2,0.06666666666666667,0.13333333333333333
Crobot,1,15,0,0.06666666666666667,0.0
Phantoms,1,15,2,0.06666666666666667,0.13333333333333333
Charlotte Day Wilson,1,15,1,0.06666666666666667,0.06666666666666667
Project Pat,1,15,3,0.06666666666666667,0.2
Sentidos Opuestos,1,15,1,0.06666666666666667,0.06666666666666667
Alex Ubago,1,15,2,0.06666666666666667,0.13333333333333333
Eazy-E,5,76,11,0.06578947368421052,0.14473684210526316
Klingande,4,61,5,0.06557377049180328,0.08196721311475409
Montrose,3,46,5,0.06521739130434782,0.10869565217391304
Lost Kings,8,123,19,0.06504065040650407,0.15447154471544716
The Allman Brothers Band,8,123,12,0.06504065040650407,0.0975609756097561
The Cleverlys,2,31,2,0.06451612903225806,0.06451612903225806
Tvbuu,2,31,4,0.06451612903225806,0.12903225806451613
Tamar Braxton,2,31,2,0.06451612903225806,0.06451612903225806
ATYPISK,2,31,2,0.06451612903225806,0.06451612903225806
Bubba Sparxxx,2,31,5,0.06451612903225806,0.16129032258064516
Maná,4,62,9,0.06451612903225806,0.14516129032258066
El Gran Combo De Puerto Rico,2,31,4,0.06451612903225806,0.12903225806451613
Stepz,2,31,4,0.06451612903225806,0.12903225806451613
Kevin Roldan,3,47,7,0.06382978723404255,0.14893617021276595
Dirty South,3,47,4,0.06382978723404255,0.0851063829787234
Sech,5,79,9,0.06329113924050633,0.11392405063291139
Disturbed,6,95,20,0.06315789473684211,0.21052631578947367
Beto Cuevas,1,16,1,0.0625,0.0625
Squackett,1,16,2,0.0625,0.125
Coko,1,16,3,0.0625,0.1875
Miles Wesley,1,16,3,0.0625,0.1875
Rocco,1,16,3,0.0625,0.1875
Aero Chord,2,32,5,0.0625,0.15625
You Me At Six,11,176,24,0.0625,0.13636363636363635
Extreme Music,1,16,2,0.0625,0.125
South Circle,2,32,6,0.0625,0.1875
Elephante,1,16,1,0.0625,0.0625
Erica Campbell,1,16,0,0.0625,0.0
Bad Meets Evil,1,16,1,0.0625,0.0625
Cuva,1,16,2,0.0625,0.125
Bonez MC,2,32,1,0.0625,0.03125
Santos Suarez,1,16,4,0.0625,0.25
Pezet,1,16,0,0.0625,0.0
Lobo,1,16,0,0.0625,0.0
La Bouche,1,16,0,0.0625,0.0
Vice,1,16,0,0.0625,0.0
Janieck,1,16,1,0.0625,0.0625
Lords Of The Underground,1,16,0,0.0625,0.0
Hopsin,1,16,6,0.0625,0.375
E.S.G.,1,16,1,0.0625,0.0625
TaiMO,1,16,1,0.0625,0.0625
Safire,1,16,1,0.0625,0.0625
Saib,1,16,2,0.0625,0.125
Bridgit Mendler,1,16,3,0.0625,0.1875
City Girls,1,16,0,0.0625,0.0
Redondo,1,16,2,0.0625,0.125
Firetek,1,16,3,0.0625,0.1875
Rushin',1,16,0,0.0625,0.0
Gentle Bones,1,16,2,0.0625,0.125
Benji & Fede,1,16,5,0.0625,0.3125
Michael Schenker Group,1,16,2,0.0625,0.125
Triple Seven,1,16,2,0.0625,0.125
Deca,1,16,0,0.0625,0.0
Hippie Sabotage,1,16,3,0.0625,0.1875
The Babys,1,16,1,0.0625,0.0625
T-Dre,1,16,2,0.0625,0.125
Tymek,3,48,4,0.0625,0.08333333333333333
Emma,1,16,2,0.0625,0.125
Leona Lewis,1,16,1,0.0625,0.0625
George Strait,1,16,1,0.0625,0.0625
Mr. Probz,3,48,2,0.0625,0.041666666666666664
M83,1,16,4,0.0625,0.25
Mc Brains,1,16,1,0.0625,0.0625
Carlos Herrera Music,2,32,4,0.0625,0.125
Mr. Don,1,16,1,0.0625,0.0625
Gerry Rafferty,1,16,0,0.0625,0.0
Gabriel,1,16,1,0.0625,0.0625
Monchy & Alexandra,1,16,2,0.0625,0.125
Toni Lo,1,16,3,0.0625,0.1875
Hotel Apache,1,16,1,0.0625,0.0625
Julieta Venegas,2,32,2,0.0625,0.0625
Dosk,1,16,0,0.0625,0.0
Boz Scaggs,1,16,5,0.0625,0.3125
Rascal Flatts,1,16,4,0.0625,0.25
Knowsum,1,16,3,0.0625,0.1875
ShiShi,1,16,3,0.0625,0.1875
Groove Theory,2,32,3,0.0625,0.09375
Flying Lotus,1,16,5,0.0625,0.3125
DARKSIDE,1,16,1,0.0625,0.0625
GabrielRodriguezEMC,1,16,1,0.0625,0.0625
Elohim,1,16,1,0.0625,0.0625
Winne,1,16,1,0.0625,0.0625
The Kolors,1,16,1,0.0625,0.0625
Olmos,1,16,2,0.0625,0.125
Jim Seas,1,16,0,0.0625,0.0
IAMDDB,1,16,1,0.0625,0.0625
MEMBA,1,16,4,0.0625,0.25
Cuebrick,3,48,11,0.0625,0.22916666666666666
Mãolee,1,16,3,0.0625,0.1875
Slash,1,16,2,0.0625,0.125
Lil Cuete,1,16,2,0.0625,0.125
Mr Lock,1,16,0,0.0625,0.0
Lucy Neville,1,16,0,0.0625,0.0
Simon Field,1,16,3,0.0625,0.1875
Kimiko Kasai,1,16,1,0.0625,0.0625
Myron & E,1,16,2,0.0625,0.125
Modern English,1,16,2,0.0625,0.125
PayAttention,1,16,3,0.0625,0.1875
Shanice,2,32,9,0.0625,0.28125
Cat Dealers,3,49,2,0.061224489795918366,0.04081632653061224
Zero Theorem,5,82,5,0.06097560975609756,0.06097560975609756
DREAMERS,2,33,5,0.06060606060606061,0.15151515151515152
Tropixx,2,33,2,0.06060606060606061,0.06060606060606061
Freddy Moreira,2,33,4,0.06060606060606061,0.12121212121212122
Train,2,33,4,0.06060606060606061,0.12121212121212122
Shallou,2,33,2,0.06060606060606061,0.06060606060606061
Kenny Man,2,33,6,0.06060606060606061,0.18181818181818182
Gorgon City,2,33,5,0.06060606060606061,0.15151515151515152
Jason Mraz,2,33,7,0.06060606060606061,0.21212121212121213
Paula Abdul,2,33,1,0.06060606060606061,0.030303030303030304
Frozen Plasma,2,33,3,0.06060606060606061,0.09090909090909091
Mike Hawkins,2,33,2,0.06060606060606061,0.06060606060606061
Jasmine Ortiz,2,33,3,0.06060606060606061,0.09090909090909091
Rage Against The Machine,3,50,6,0.06,0.12
Madiel Lara,3,50,5,0.06,0.1
TWO LANES,3,50,5,0.06,0.1
Malik Montana,3,50,7,0.06,0.14
Kurupt,3,50,8,0.06,0.16
Karavelo,1,17,1,0.058823529411764705,0.058823529411764705
Romance and Rebellion,1,17,0,0.058823529411764705,0.0
Young Franco,1,17,6,0.058823529411764705,0.35294117647058826
DJ PV,1,17,0,0.058823529411764705,0.0
Ana Torroja,1,17,1,0.058823529411764705,0.058823529411764705
DJ DYLVN,1,17,2,0.058823529411764705,0.11764705882352941
Jonna Fraser,1,17,2,0.058823529411764705,0.11764705882352941
Kalash,1,17,3,0.058823529411764705,0.17647058823529413
Hayden James,1,17,1,0.058823529411764705,0.058823529411764705
Solitary Experiments,1,17,2,0.058823529411764705,0.11764705882352941
Zaz,1,17,1,0.058823529411764705,0.058823529411764705
Evaluna Montaner,1,17,2,0.058823529411764705,0.11764705882352941
Lunchmoney,1,17,3,0.058823529411764705,0.17647058823529413
VINNE,1,17,4,0.058823529411764705,0.23529411764705882
Mr. Pig,1,17,1,0.058823529411764705,0.058823529411764705
Sound Of Legend,1,17,1,0.058823529411764705,0.058823529411764705
Younotus,1,17,1,0.058823529411764705,0.058823529411764705
Fugees,2,34,6,0.058823529411764705,0.17647058823529413
Lvly,1,17,0,0.058823529411764705,0.0
Sole Sole,1,17,0,0.058823529411764705,0.0
Black Veil Brides,1,17,1,0.058823529411764705,0.058823529411764705
Bobby Delante,1,17,1,0.058823529411764705,0.058823529411764705
Full Force,1,17,3,0.058823529411764705,0.17647058823529413
Twin Atlantic,1,17,0,0.058823529411764705,0.0
Mitski,1,17,5,0.058823529411764705,0.29411764705882354
Nao,2,34,2,0.058823529411764705,0.058823529411764705
Buffalo Springfield,1,17,3,0.058823529411764705,0.17647058823529413
Salomón Beda,1,17,1,0.058823529411764705,0.058823529411764705
Tucka,3,51,8,0.058823529411764705,0.1568627450980392
Ady Suleiman,1,17,0,0.058823529411764705,0.0
Nellie Tiger Travis,1,17,1,0.058823529411764705,0.058823529411764705
PAWSA,1,17,2,0.058823529411764705,0.11764705882352941
RoulnDoors,1,17,6,0.058823529411764705,0.35294117647058826
Nohidea,1,17,1,0.058823529411764705,0.058823529411764705
Idealism,1,17,1,0.058823529411764705,0.058823529411764705
Walk Off the Earth,1,17,3,0.058823529411764705,0.17647058823529413
Mahalia,2,34,5,0.058823529411764705,0.14705882352941177
Rhys Lewis,2,34,3,0.058823529411764705,0.08823529411764706
Żabson,3,51,7,0.058823529411764705,0.13725490196078433
WHYLO,1,17,4,0.058823529411764705,0.23529411764705882
Klaxons,1,17,2,0.058823529411764705,0.11764705882352941
Makaveli,1,17,1,0.058823529411764705,0.058823529411764705
Lebrado,1,17,1,0.058823529411764705,0.058823529411764705
Shannon,1,17,0,0.058823529411764705,0.0
RUFUS,1,17,1,0.058823529411764705,0.058823529411764705
Rudeejay,1,17,3,0.058823529411764705,0.17647058823529413
Kharfi,1,17,2,0.058823529411764705,0.11764705882352941
The Amity Affliction,1,17,0,0.058823529411764705,0.0
Starkillers,1,17,1,0.058823529411764705,0.058823529411764705
Maxx,1,17,1,0.058823529411764705,0.058823529411764705
Capo Plaza,1,17,1,0.058823529411764705,0.058823529411764705
Grace Gracie,1,17,1,0.058823529411764705,0.058823529411764705
Trinere,1,17,4,0.058823529411764705,0.23529411764705882
Bakermat,3,51,4,0.058823529411764705,0.0784313725490196
Yeasayer,1,17,2,0.058823529411764705,0.11764705882352941
Dapuntobeat,1,17,1,0.058823529411764705,0.058823529411764705
Jovanotti,1,17,2,0.058823529411764705,0.11764705882352941
Bishop Briggs,1,17,1,0.058823529411764705,0.058823529411764705
SHY Martin,1,17,2,0.058823529411764705,0.11764705882352941
Swedish House Mafia,4,69,6,0.057971014492753624,0.08695652173913043
Of Monsters and Men,4,69,6,0.057971014492753624,0.08695652173913043
Diplo,3,52,4,0.057692307692307696,0.07692307692307693
The Doobie Brothers,3,52,6,0.057692307692307696,0.11538461538461539
Koen Groeneveld,2,35,4,0.05714285714285714,0.11428571428571428
BAYNK,2,35,3,0.05714285714285714,0.08571428571428572
The Colourist,2,35,7,0.05714285714285714,0.2
Dj Electrocimatic,2,35,5,0.05714285714285714,0.14285714285714285
Milonair,2,35,3,0.05714285714285714,0.08571428571428572
Mike Jones,2,35,2,0.05714285714285714,0.05714285714285714
Luis Miguel,2,35,9,0.05714285714285714,0.2571428571428571
for KING & COUNTRY,2,35,4,0.05714285714285714,0.11428571428571428
Surfaces,1,18,1,0.05555555555555555,0.05555555555555555
Pretenders,1,18,3,0.05555555555555555,0.16666666666666666
Beastie Boys,1,18,1,0.05555555555555555,0.05555555555555555
Borgore,1,18,3,0.05555555555555555,0.16666666666666666
Spieltape,1,18,0,0.05555555555555555,0.0
The Edgar Winter Group,1,18,0,0.05555555555555555,0.0
Whigfield,1,18,2,0.05555555555555555,0.1111111111111111
Becky Hill,1,18,1,0.05555555555555555,0.05555555555555555
Bee Gees,1,18,2,0.05555555555555555,0.1111111111111111
TOFFE,1,18,1,0.05555555555555555,0.05555555555555555
Mumford & Sons,1,18,2,0.05555555555555555,0.1111111111111111
MC Lyte,1,18,1,0.05555555555555555,0.05555555555555555
Tears For Fears,2,36,3,0.05555555555555555,0.08333333333333333
Damien Rice,1,18,1,0.05555555555555555,0.05555555555555555
Tiziano Ferro,2,36,5,0.05555555555555555,0.1388888888888889
Allie X,1,18,1,0.05555555555555555,0.05555555555555555
Alex Martura,1,18,3,0.05555555555555555,0.16666666666666666
Thousand Foot Krutch,3,54,5,0.05555555555555555,0.09259259259259259
Chanté Moore,1,18,3,0.05555555555555555,0.16666666666666666
Sueco the Child,1,18,1,0.05555555555555555,0.05555555555555555
Renato Enoch,1,18,0,0.05555555555555555,0.0
Mau y Ricky,3,54,7,0.05555555555555555,0.12962962962962962
Trillville,1,18,2,0.05555555555555555,0.1111111111111111
Roberto Marín Muñoz,2,36,7,0.05555555555555555,0.19444444444444445
Calboy,1,18,2,0.05555555555555555,0.1111111111111111
Phoebe Day,1,18,2,0.05555555555555555,0.1111111111111111
Steve Hackett,1,18,1,0.05555555555555555,0.05555555555555555
Majur,1,18,2,0.05555555555555555,0.1111111111111111
Blonde,1,18,1,0.05555555555555555,0.05555555555555555
INZO,1,18,0,0.05555555555555555,0.0
Freestyle,1,18,0,0.05555555555555555,0.0
SUNMI,1,18,2,0.05555555555555555,0.1111111111111111
Kevin Garrett,1,18,3,0.05555555555555555,0.16666666666666666
Robotaki,1,18,0,0.05555555555555555,0.0
EAUXMAR,1,18,3,0.05555555555555555,0.16666666666666666
n o r m a l,1,18,0,0.05555555555555555,0.0
Rednex,1,18,0,0.05555555555555555,0.0
Joe Jonas,1,18,2,0.05555555555555555,0.1111111111111111
Anitta,2,36,3,0.05555555555555555,0.08333333333333333
Szpaku,1,18,1,0.05555555555555555,0.05555555555555555
House Of Pain,2,36,6,0.05555555555555555,0.16666666666666666
YBS Skola,1,18,2,0.05555555555555555,0.1111111111111111
Young Cister,1,18,1,0.05555555555555555,0.05555555555555555
Kabah,1,18,1,0.05555555555555555,0.05555555555555555
DJ Bobo,1,18,1,0.05555555555555555,0.05555555555555555
N. Hardem,1,18,2,0.05555555555555555,0.1111111111111111
Loop Schrauber,1,18,2,0.05555555555555555,0.1111111111111111
Cher Lloyd,1,18,4,0.05555555555555555,0.2222222222222222
YFN Lucci,1,18,0,0.05555555555555555,0.0
bülow,2,36,3,0.05555555555555555,0.08333333333333333
Litvinenko,2,36,4,0.05555555555555555,0.1111111111111111
Mako,4,73,12,0.0547945205479452,0.1643835616438356
CamelPhat,3,56,3,0.05357142857142857,0.05357142857142857
America,3,56,9,0.05357142857142857,0.16071428571428573
Jodeci,8,150,19,0.05333333333333334,0.12666666666666668
Troy,1,19,3,0.05263157894736842,0.15789473684210525
Kaspiyskiy Gruz,4,76,12,0.05263157894736842,0.15789473684210525
Chachi,1,19,1,0.05263157894736842,0.05263157894736842
Thyse,1,19,1,0.05263157894736842,0.05263157894736842
Nate57,1,19,2,0.05263157894736842,0.10526315789473684
Sponge Cola,1,19,2,0.05263157894736842,0.10526315789473684
Wk,1,19,0,0.05263157894736842,0.0
Matthew Koma,1,19,2,0.05263157894736842,0.10526315789473684
Cynthia,1,19,4,0.05263157894736842,0.21052631578947367
FKJ,3,57,7,0.05263157894736842,0.12280701754385964
Twista,1,19,2,0.05263157894736842,0.10526315789473684
Lil Yachty,1,19,4,0.05263157894736842,0.21052631578947367
Radiology,1,19,2,0.05263157894736842,0.10526315789473684
Andrew Rayel,1,19,3,0.05263157894736842,0.15789473684210525
Maffio,1,19,1,0.05263157894736842,0.05263157894736842
Jean Juan,1,19,8,0.05263157894736842,0.42105263157894735
The Duhks,1,19,5,0.05263157894736842,0.2631578947368421
henrikz,1,19,3,0.05263157894736842,0.15789473684210525
The Pointer Sisters,1,19,3,0.05263157894736842,0.15789473684210525
La Fouine,1,19,1,0.05263157894736842,0.05263157894736842
The Wild Swans,1,19,2,0.05263157894736842,0.10526315789473684
Kamikazee,1,19,1,0.05263157894736842,0.05263157894736842
KEITA,1,19,2,0.05263157894736842,0.10526315789473684
Pete Flux,1,19,3,0.05263157894736842,0.15789473684210525
Gavin Haley,1,19,1,0.05263157894736842,0.05263157894736842
Roderic H,1,19,2,0.05263157894736842,0.10526315789473684
Gang Starr,2,38,2,0.05263157894736842,0.05263157894736842
Ilegales,1,19,3,0.05263157894736842,0.15789473684210525
The Blaze,1,19,2,0.05263157894736842,0.10526315789473684
Maiwan,1,19,3,0.05263157894736842,0.15789473684210525
Megan Thee Stallion,1,19,4,0.05263157894736842,0.21052631578947367
Grey,1,19,3,0.05263157894736842,0.15789473684210525
Watermät,1,19,1,0.05263157894736842,0.05263157894736842
Uriah Heep,2,38,7,0.05263157894736842,0.18421052631578946
Dave Mason,1,19,2,0.05263157894736842,0.10526315789473684
Lil Uzi Vert,3,58,12,0.05172413793103448,0.20689655172413793
Pop Evil,2,39,6,0.05128205128205128,0.15384615384615385
Digital Underground,2,39,2,0.05128205128205128,0.05128205128205128
Man Overboard,2,39,4,0.05128205128205128,0.10256410256410256
UCLÃ,2,39,3,0.05128205128205128,0.07692307692307693
Deniz Koyu,2,39,8,0.05128205128205128,0.20512820512820512
Kool Moe Dee,2,39,4,0.05128205128205128,0.10256410256410256
Doja Cat,3,59,5,0.05084745762711865,0.0847457627118644
Paperwhite,3,59,11,0.05084745762711865,0.1864406779661017
Jamaika,3,59,4,0.05084745762711865,0.06779661016949153
Mick Jenkins,1,20,4,0.05,0.2
The Prodigy,1,20,1,0.05,0.05
Flip Capella,1,20,2,0.05,0.1
Cozmoe,1,20,1,0.05,0.05
Christopher Cross,1,20,1,0.05,0.05
Max Frost,1,20,1,0.05,0.05
Maggie Lindemann,1,20,2,0.05,0.1
Roy Jones Jr.,1,20,4,0.05,0.2
Mente Sabia Crú,1,20,1,0.05,0.05
Sander Kleinenberg,1,20,2,0.05,0.1
Kexxy Pardo,1,20,2,0.05,0.1
Rich DietZ,1,20,3,0.05,0.15
Skytech,1,20,4,0.05,0.2
Orleans,1,20,4,0.05,0.2
Ranveer Singh,1,20,2,0.05,0.1
Shannon LaBrie,1,20,2,0.05,0.1
Fame on Fire,1,20,1,0.05,0.05
Throttle,1,20,1,0.05,0.05
Jamila Woods,1,20,6,0.05,0.3
Altamira,1,20,3,0.05,0.15
Beaumont,1,20,0,0.05,0.0
Familjen,1,20,1,0.05,0.05
Playaz Circle,1,20,3,0.05,0.15
Quinn XCII,1,20,1,0.05,0.05
Elettra Lamborghini,2,40,4,0.05,0.1
Beéle,1,20,2,0.05,0.1
PLÜM,1,20,0,0.05,0.0
Wiwek,1,20,3,0.05,0.15
Jeru The Damaja,1,20,2,0.05,0.1
Big Steve,1,20,1,0.05,0.05
Kalli,1,20,3,0.05,0.15
Jake Adkins,1,20,2,0.05,0.1
AWASAKI,1,20,2,0.05,0.1
Dimitri Vangelis & Wyman,1,20,2,0.05,0.1
Jonas Aden,1,20,0,0.05,0.0
Warren G,3,61,7,0.04918032786885246,0.11475409836065574
Pablo Alborán,2,41,3,0.04878048780487805,0.07317073170731707
Ryos,2,41,3,0.04878048780487805,0.07317073170731707
6LACK,7,144,19,0.04861111111111111,0.13194444444444445
Sofia Reyes,1,21,4,0.047619047619047616,0.19047619047619047
Fat Nick,1,21,1,0.047619047619047616,0.047619047619047616
Bastian Steven,1,21,1,0.047619047619047616,0.047619047619047616
Kalerous,1,21,1,0.047619047619047616,0.047619047619047616
Thalía,2,42,3,0.047619047619047616,0.07142857142857142
Night Riots,1,21,2,0.047619047619047616,0.09523809523809523
Binoy,1,21,0,0.047619047619047616,0.0
Christina Aguilera,1,21,1,0.047619047619047616,0.047619047619047616
Foxa,2,42,4,0.047619047619047616,0.09523809523809523
Chingy,1,21,2,0.047619047619047616,0.09523809523809523
Normani,1,21,3,0.047619047619047616,0.14285714285714285
Mel Waiters,2,42,4,0.047619047619047616,0.09523809523809523
Tommy Boysen,1,21,5,0.047619047619047616,0.23809523809523808
Lil Tjay,1,21,2,0.047619047619047616,0.09523809523809523
Travis,1,21,2,0.047619047619047616,0.09523809523809523
Christon Gray,1,21,1,0.047619047619047616,0.047619047619047616
Liu,1,21,0,0.047619047619047616,0.0
Neutro Shorty,1,21,1,0.047619047619047616,0.047619047619047616
Captain Cuts,1,21,2,0.047619047619047616,0.09523809523809523
Lil Peep,2,43,4,0.046511627906976744,0.09302325581395349
Far East Movement,2,43,1,0.046511627906976744,0.023255813953488372
Justin Quiles,2,43,5,0.046511627906976744,0.11627906976744186
Bell Biv DeVoe,6,131,15,0.04580152671755725,0.11450381679389313
Omarion,1,22,1,0.045454545454545456,0.045454545454545456
David Gray,1,22,1,0.045454545454545456,0.045454545454545456
SLVR,1,22,3,0.045454545454545456,0.13636363636363635
Arcade Fire,1,22,2,0.045454545454545456,0.09090909090909091
Lou Rawls,1,22,2,0.045454545454545456,0.09090909090909091
Potyguara Bardo,1,22,4,0.045454545454545456,0.18181818181818182
Anne Clark,1,22,0,0.045454545454545456,0.0
Stan Kolev,2,44,8,0.045454545454545456,0.18181818181818182
Pokey,1,22,3,0.045454545454545456,0.13636363636363635
PnB Rock,1,22,5,0.045454545454545456,0.22727272727272727
Frankie Valli & The Four Seasons,1,22,1,0.045454545454545456,0.045454545454545456
DZIARMA,1,22,0,0.045454545454545456,0.0
Smash Mouth,1,22,0,0.045454545454545456,0.0
Raga,1,22,3,0.045454545454545456,0.13636363636363635
Mr. Big,1,22,5,0.045454545454545456,0.22727272727272727
ANG,1,22,2,0.045454545454545456,0.09090909090909091
Sandro Silva,3,66,7,0.045454545454545456,0.10606060606060606
HELLYEAH,2,44,1,0.045454545454545456,0.022727272727272728
Jaz Karis,1,22,1,0.045454545454545456,0.045454545454545456
Cam’ron,2,44,6,0.045454545454545456,0.13636363636363635
Samra,1,22,1,0.045454545454545456,0.045454545454545456
Devin The Dude,1,22,1,0.045454545454545456,0.045454545454545456
Unknown Mortal Orchestra,1,22,5,0.045454545454545456,0.22727272727272727
Jaycob Duque,1,22,1,0.045454545454545456,0.045454545454545456
Echosmith,1,22,2,0.045454545454545456,0.09090909090909091
Soundgarden,2,44,5,0.045454545454545456,0.11363636363636363
Nurko,1,22,3,0.045454545454545456,0.13636363636363635
Dolo Tonight,1,22,3,0.045454545454545456,0.13636363636363635
Mike Vallas,1,22,5,0.045454545454545456,0.22727272727272727
Elley Duhé,1,22,1,0.045454545454545456,0.045454545454545456
Genesis,2,45,4,0.044444444444444446,0.08888888888888889
Labrinth,2,45,5,0.044444444444444446,0.1111111111111111
Erick Morillo,2,45,7,0.044444444444444446,0.15555555555555556
Smokepurpp,2,46,5,0.043478260869565216,0.10869565217391304
BUNT.,1,23,4,0.043478260869565216,0.17391304347826086
pewdiepie,1,23,2,0.043478260869565216,0.08695652173913043
Above The Law,1,23,2,0.043478260869565216,0.08695652173913043
Roco,1,23,1,0.043478260869565216,0.043478260869565216
BØRNS,1,23,1,0.043478260869565216,0.043478260869565216
Real McCoy,1,23,6,0.043478260869565216,0.2608695652173913
Mark Mendy,1,23,3,0.043478260869565216,0.13043478260869565
Isaiah Sharkey,1,23,3,0.043478260869565216,0.13043478260869565
Escape the Fate,1,23,2,0.043478260869565216,0.08695652173913043
Mc Davi,1,23,4,0.043478260869565216,0.17391304347826086
Saul,1,23,0,0.043478260869565216,0.0
Maria Muldaur,1,23,1,0.043478260869565216,0.043478260869565216
Coast Modern,1,24,2,0.041666666666666664,0.08333333333333333
Claude Deuce,1,24,5,0.041666666666666664,0.20833333333333334
Nokiaa,1,24,1,0.041666666666666664,0.041666666666666664
Gigolo Y La Exce,1,24,3,0.041666666666666664,0.125
Abdi,1,24,3,0.041666666666666664,0.125
Mike WiLL Made-It,2,48,12,0.041666666666666664,0.25
Andy Grammer,1,24,1,0.041666666666666664,0.041666666666666664
Elisa,1,24,1,0.041666666666666664,0.041666666666666664
Guaynaa,1,24,4,0.041666666666666664,0.16666666666666666
Amrit Maan,1,24,4,0.041666666666666664,0.16666666666666666
NAV,1,24,6,0.041666666666666664,0.25
lovelytheband,1,24,5,0.041666666666666664,0.20833333333333334
Local Natives,1,24,1,0.041666666666666664,0.041666666666666664
Grandtheft,1,24,5,0.041666666666666664,0.20833333333333334
MC Breed,1,24,0,0.041666666666666664,0.0
Razihel,1,24,4,0.041666666666666664,0.16666666666666666
Pop Smoke,1,24,3,0.041666666666666664,0.125
Minthaze,1,24,2,0.041666666666666664,0.08333333333333333
Vince Staples,1,24,4,0.041666666666666664,0.16666666666666666
Macross 82-99,3,73,5,0.0410958904109589,0.0684931506849315
twoloud,2,49,12,0.04081632653061224,0.24489795918367346
Alice Smith,1,25,5,0.04,0.2
Dillom,1,25,2,0.04,0.08
Molly Hatchet,1,25,4,0.04,0.16
From Ashes to New,1,25,2,0.04,0.08
Morgin Madison,1,25,1,0.04,0.04
Mitch Murder,1,25,3,0.04,0.12
Kadhja Bonet,1,25,1,0.04,0.04
Max M,1,25,1,0.04,0.04
Ingenia,1,25,1,0.04,0.04
Sammy C,1,25,1,0.04,0.04
The Friday Night Boys,2,50,4,0.04,0.08
Manila Killa,1,25,7,0.04,0.28
Crime Mob,1,25,4,0.04,0.16
Itchyworms,1,25,4,0.04,0.16
Silkk The Shocker,2,51,3,0.0392156862745098,0.058823529411764705
TooManyLeftHands,2,51,7,0.0392156862745098,0.13725490196078433
ONEFOUR,1,26,1,0.038461538461538464,0.038461538461538464
Disclosure,2,52,2,0.038461538461538464,0.038461538461538464
Lil' Troy,1,26,1,0.038461538461538464,0.038461538461538464
Marvin Sease,1,26,3,0.038461538461538464,0.11538461538461539
Charles Ans,1,26,4,0.038461538461538464,0.15384615384615385
Marvin Gaye,1,26,7,0.038461538461538464,0.2692307692307692
King Lil G,1,26,2,0.038461538461538464,0.07692307692307693
Chevelle,1,26,6,0.038461538461538464,0.23076923076923078
"Gotay ""El Autentiko""",1,26,4,0.038461538461538464,0.15384615384615385
CeCe Peniston,1,26,0,0.038461538461538464,0.0
Jai Wolf,1,26,2,0.038461538461538464,0.07692307692307693
Xzibit,1,26,6,0.038461538461538464,0.23076923076923078
Cosmo Pyke,1,26,2,0.038461538461538464,0.07692307692307693
Skrillex,2,53,8,0.03773584905660377,0.1509433962264151
NLSN,2,53,3,0.03773584905660377,0.05660377358490566
will.i.am,1,27,1,0.037037037037037035,0.037037037037037035
Rombai,1,27,1,0.037037037037037035,0.037037037037037035
Tori Kelly,1,27,2,0.037037037037037035,0.07407407407407407
San Holo,2,54,7,0.037037037037037035,0.12962962962962962
Waft Of Myst,1,27,3,0.037037037037037035,0.1111111111111111
Silky Signs,1,27,6,0.037037037037037035,0.2222222222222222
Ibranovski,1,27,1,0.037037037037037035,0.037037037037037035
INTERSECTION,1,27,4,0.037037037037037035,0.14814814814814814
Carl Wave,1,27,4,0.037037037037037035,0.14814814814814814
Mondo Grosso,1,27,4,0.037037037037037035,0.14814814814814814
Digital Farm Animals,1,27,5,0.037037037037037035,0.18518518518518517
SiR,2,55,4,0.03636363636363636,0.07272727272727272
Fler,1,28,3,0.03571428571428571,0.10714285714285714
Fivio Foreign,1,28,1,0.03571428571428571,0.03571428571428571
Olly James,2,56,4,0.03571428571428571,0.07142857142857142
Lana Del Rey,2,56,2,0.03571428571428571,0.03571428571428571
Klave,1,28,3,0.03571428571428571,0.10714285714285714
Cage The Elephant,1,28,3,0.03571428571428571,0.10714285714285714
Leozin,1,28,6,0.03571428571428571,0.21428571428571427
Ghostface Killah,1,28,3,0.03571428571428571,0.10714285714285714
Keane,1,28,2,0.03571428571428571,0.07142857142857142
Justin Timberlake,3,84,13,0.03571428571428571,0.15476190476190477
MIKA,1,28,4,0.03571428571428571,0.14285714285714285
Mike Moonnight,1,28,4,0.03571428571428571,0.14285714285714285
goosetaf,1,28,2,0.03571428571428571,0.07142857142857142
Chris Stapleton,1,28,4,0.03571428571428571,0.14285714285714285
Joe Public,1,29,2,0.034482758620689655,0.06896551724137931
Carpenter Brut,1,29,5,0.034482758620689655,0.1724137931034483
DJ Magic Mike,1,29,2,0.034482758620689655,0.06896551724137931
Wallaby,1,29,3,0.034482758620689655,0.10344827586206896
Cali Life Style,1,29,4,0.034482758620689655,0.13793103448275862
benny blanco,2,58,3,0.034482758620689655,0.05172413793103448
Two Feet,2,58,10,0.034482758620689655,0.1724137931034483
Danilo Parra,1,29,4,0.034482758620689655,0.13793103448275862
Lil Dicky,1,29,6,0.034482758620689655,0.20689655172413793
Leela James,1,29,3,0.034482758620689655,0.10344827586206896
Kizo,1,30,5,0.03333333333333333,0.16666666666666666
YBN Nahmir,1,30,4,0.03333333333333333,0.13333333333333333
The Neighbourhood,1,30,3,0.03333333333333333,0.1
The Score,1,30,2,0.03333333333333333,0.06666666666666667
Nick Cave & The Bad Seeds,1,30,3,0.03333333333333333,0.1
Adventure Club,1,30,4,0.03333333333333333,0.13333333333333333
Iggy Azalea,1,30,7,0.03333333333333333,0.23333333333333334
VIZE,1,30,4,0.03333333333333333,0.13333333333333333
Diego & Victor Hugo,1,30,5,0.03333333333333333,0.16666666666666666
MR TOUT LE MONDE,1,30,4,0.03333333333333333,0.13333333333333333
Rockie Fresh,1,30,2,0.03333333333333333,0.06666666666666667
Headhunterz,2,61,9,0.03278688524590164,0.14754098360655737
Free,2,61,5,0.03278688524590164,0.08196721311475409
Vengaboys,1,31,1,0.03225806451612903,0.03225806451612903
Zac Brown Band,1,31,2,0.03225806451612903,0.06451612903225806
Løyd,1,31,3,0.03225806451612903,0.0967741935483871
Aloe Blacc,1,32,4,0.03125,0.125
Bea Miller,1,32,3,0.03125,0.09375
gnash,1,32,4,0.03125,0.125
VNV Nation,1,33,4,0.030303030303030304,0.12121212121212122
JETFIRE,1,34,3,0.029411764705882353,0.08823529411764706
Musiko,1,34,4,0.029411764705882353,0.11764705882352941
Hidden Empire,1,34,5,0.029411764705882353,0.14705882352941177
Queens of the Stone Age,1,34,6,0.029411764705882353,0.17647058823529413
Jovem Dex,1,34,4,0.029411764705882353,0.11764705882352941
Silvestre Dangond,1,35,6,0.02857142857142857,0.17142857142857143
Lee Fields & The Expressions,1,35,3,0.02857142857142857,0.08571428571428572
Blueface,1,36,5,0.027777777777777776,0.1388888888888889
SLANDER,1,37,3,0.02702702702702703,0.08108108108108109
Roosevelt,1,37,8,0.02702702702702703,0.21621621621621623
Red Velvet,1,38,5,0.02631578947368421,0.13157894736842105
EDEN,1,39,3,0.02564102564102564,0.07692307692307693
Seryoga,1,39,6,0.02564102564102564,0.15384615384615385
Caravan Palace,1,40,4,0.025,0.1
boy pablo,1,40,4,0.025,0.1
Chad Cooper,1,42,2,0.023809523809523808,0.047619047619047616
Wink,1,42,4,0.023809523809523808,0.09523809523809523
Grouplove,1,42,4,0.023809523809523808,0.09523809523809523
Andery Toronto,1,44,3,0.022727272727272728,0.06818181818181818
Saliva,1,45,1,0.022222222222222223,0.022222222222222223
AJ Mitchell,1,46,6,0.021739130434782608,0.13043478260869565
White 2115,1,46,3,0.021739130434782608,0.06521739130434782
Dynoro,1,50,2,0.02,0.04
The Lebron Brothers Orchestra,0,2,2,0.0,1.0
Clear Mortifee,0,7,1,0.0,0.14285714285714285
Cole Plante,0,6,1,0.0,0.16666666666666666
Conways feat. The Nick Straker Band,0,5,0,0.0,0.0
Cleo Sol,0,13,1,0.0,0.07692307692307693
Claude Fontaine,0,2,2,0.0,1.0
Colony 5,0,6,0,0.0,0.0
Clément Leroux,0,8,0,0.0,0.0
Chynna,0,16,1,0.0,0.0625
Clément Bcx,0,4,1,0.0,0.25
Clubfeet,0,13,5,0.0,0.38461538461538464
Copycattz,0,5,2,0.0,0.4
The Neon Judgement,0,2,0,0.0,0.0
The Magician,0,3,0,0.0,0.0
The National,0,8,0,0.0,0.0
The Luka State,0,6,0,0.0,0.0
Conya Doss,0,8,2,0.0,0.25
Chystemc,0,7,1,0.0,0.14285714285714285
Corey Hart,0,9,2,0.0,0.2222222222222222
Churupaca,0,6,1,0.0,0.16666666666666666
The Power Station,0,8,0,0.0,0.0
The New Roses,0,8,1,0.0,0.125
Coko Yamasaki,0,10,0,0.0,0.0
Cotone,0,6,0,0.0,0.0
The Rural Alberta Advantage,0,6,1,0.0,0.16666666666666666
The Pineapple Thief,0,5,1,0.0,0.2
The Joneses,0,6,0,0.0,0.0
The Pale White,0,7,1,0.0,0.14285714285714285
The Kemist,0,7,0,0.0,0.0
The Only,0,9,0,0.0,0.0
The Old Americana Band,0,8,2,0.0,0.25
Christina Grimmie,0,10,0,0.0,0.0
Clouds,0,4,1,0.0,0.25
The Keymakers,0,11,1,0.0,0.09090909090909091
The Lacs,0,5,1,0.0,0.2
Cornpop,0,14,0,0.0,0.0
Clever,0,3,0,0.0,0.0
The Hunts,0,4,2,0.0,0.5
Cosmo Sheldrake,0,6,2,0.0,0.3333333333333333
Chromeo,0,7,1,0.0,0.14285714285714285
City Girl,0,8,0,0.0,0.0
Costa Leon,0,12,3,0.0,0.25
Clarens,0,7,2,0.0,0.2857142857142857
Citna,0,18,1,0.0,0.05555555555555555
Cincere,0,10,0,0.0,0.0
Coone,0,6,2,0.0,0.3333333333333333
The Restless Age,0,8,0,0.0,0.0
The Ransom Collective,0,2,1,0.0,0.5
Closed Doors,0,22,1,0.0,0.045454545454545456
Conan Gray,0,21,3,0.0,0.14285714285714285
Con Brio,0,8,1,0.0,0.125
The Rudeboyz,0,3,2,0.0,0.6666666666666666
The Molly Ringwalds,0,8,3,0.0,0.375
Coastal,0,8,0,0.0,0.0
Coastlines,0,10,1,0.0,0.1
Coasts,0,6,1,0.0,0.16666666666666666
The Runaways,0,11,0,0.0,0.0
The Marías,0,10,0,0.0,0.0
The Psychedelic Aliens,0,3,1,0.0,0.3333333333333333
The Mamas,0,8,1,0.0,0.125
The Magnetic Fields,0,7,2,0.0,0.2857142857142857
The Jets,0,11,2,0.0,0.18181818181818182
Combo Chimbita,0,8,1,0.0,0.125
The Jacksons,0,24,1,0.0,0.041666666666666664
Comedy of Errors,0,6,3,0.0,0.5
The Jackson 5,0,17,2,0.0,0.11764705882352941
The Innocence,0,8,1,0.0,0.125
Comet Blue,0,4,1,0.0,0.25
Clairmont,0,3,1,0.0,0.3333333333333333
The Impressions,0,12,1,0.0,0.08333333333333333
Company B,0,5,0,0.0,0.0
The Janitor,0,6,1,0.0,0.16666666666666666
Cityzen,0,13,0,0.0,0.0
City Wolf,0,7,1,0.0,0.14285714285714285
Code 64,0,6,0,0.0,0.0
Diane Birch,0,14,2,0.0,0.14285714285714285
TV Rock,0,4,1,0.0,0.25
Demon Hunter,0,8,0,0.0,0.0
Delta Rae,0,11,1,0.0,0.09090909090909091
Delivio Reavon,0,5,2,0.0,0.4
TPE featuring Adam Marano,0,7,0,0.0,0.0
Derian,0,10,4,0.0,0.4
Derek Wise,0,6,0,0.0,0.0
Dadá Boladão,0,3,0,0.0,0.0
Denzal Park,0,9,2,0.0,0.2222222222222222
Destiny Rogers,0,13,2,0.0,0.15384615384615385
Despistaos,0,10,2,0.0,0.2
Desert Minds,0,9,2,0.0,0.2222222222222222
Descemer Bueno,0,15,3,0.0,0.2
Debórah Bond,0,17,2,0.0,0.11764705882352941
Dele Sosimi Afrobeat Orchestra,0,5,2,0.0,0.4
Delaossa,0,5,2,0.0,0.4
Delano,0,13,0,0.0,0.0
Depdramez,0,5,0,0.0,0.0
Dillon Nathaniel,0,10,0,0.0,0.0
Diljit Dosanjh,0,5,0,0.0,0.0
Dieter Spitz,0,12,0,0.0,0.0
Diego Torres,0,8,1,0.0,0.125
THIEVES,0,8,3,0.0,0.375
THE HARA,0,4,1,0.0,0.25
TEMPOREX,0,9,1,0.0,0.1111111111111111
TAEYEON,0,12,0,0.0,0.0
Dion Timmer,0,7,3,0.0,0.42857142857142855
Dido,0,14,1,0.0,0.07142857142857142
Dino,0,9,2,0.0,0.2222222222222222
Dewo,0,7,2,0.0,0.2857142857142857
Dewey da Don,0,5,2,0.0,0.4
Devon Gilfillian,0,7,2,0.0,0.2857142857142857
Devendra Banhart,0,9,1,0.0,0.1111111111111111
TOMORROW X TOGETHER,0,10,2,0.0,0.2
Diego Miranda,0,3,1,0.0,0.3333333333333333
Diego El Cigala,0,13,0,0.0,0.0
Die Atzen,0,8,1,0.0,0.125
Dino James,0,5,1,0.0,0.2
Tanja La Croix,0,9,1,0.0,0.1111111111111111
Tane,0,5,1,0.0,0.2
Talking Heads,0,25,2,0.0,0.08
Deaf Rat,0,6,1,0.0,0.16666666666666666
Dead Prez,0,13,1,0.0,0.07692307692307693
DeBarge,0,7,1,0.0,0.14285714285714285
De La Soul,0,7,3,0.0,0.42857142857142855
De Hofnar,0,4,1,0.0,0.25
Dave Nazza,0,5,1,0.0,0.2
Dejota2021,0,7,3,0.0,0.42857142857142855
Tavo,0,9,0,0.0,0.0
Tatyana Ali,0,8,1,0.0,0.125
Tash Sultana,0,7,1,0.0,0.14285714285714285
Tarro,0,5,0,0.0,0.0
David Fesser,0,6,1,0.0,0.16666666666666666
David Chief,0,10,0,0.0,0.0
David Blanco,0,8,0,0.0,0.0
Dateless,0,5,1,0.0,0.2
Das Ich,0,5,1,0.0,0.2
Dav the Ninja,0,17,2,0.0,0.11764705882352941
Taco Hemingway,0,6,0,0.0,0.0
Tacabro,0,5,0,0.0,0.0
TYFI,0,6,2,0.0,0.3333333333333333
TY1,0,3,0,0.0,0.0
TXYLOR,0,7,1,0.0,0.14285714285714285
TWICE,0,16,1,0.0,0.0625
Deborah Dworshipper,0,11,4,0.0,0.36363636363636365
Debi Nova,0,10,1,0.0,0.1
Deauxnuts,0,24,7,0.0,0.2916666666666667
Davide Cristofori,0,9,2,0.0,0.2222222222222222
Tale Of Us,0,10,0,0.0,0.0
Tainted Youth,0,6,0,0.0,0.0
Tafi,0,6,2,0.0,0.3333333333333333
TaeyoungBoy,0,9,1,0.0,0.1111111111111111
Deemz,0,8,3,0.0,0.375
Deem Spencer,0,6,2,0.0,0.3333333333333333
DeeWunn,0,1,2,0.0,2.0
Daydream Nation,0,7,1,0.0,0.14285714285714285
Daxten,0,18,4,0.0,0.2222222222222222
Talisman,0,10,0,0.0,0.0
Dr. Hook,0,6,1,0.0,0.16666666666666666
Dr Zeus,0,9,0,0.0,0.0
Donna Summer,0,6,2,0.0,0.3333333333333333
Don Patricio,0,5,0,0.0,0.0
Don Mills,0,13,0,0.0,0.0
Don Kalavera,0,5,0,0.0,0.0
Don Henley,0,8,1,0.0,0.125
Sure Sure,0,7,0,0.0,0.0
Surahn,0,6,0,0.0,0.0
DiRTY RADiO,0,3,1,0.0,0.3333333333333333
Super Whatevr,0,9,0,0.0,0.0
Super Flu,0,6,0,0.0,0.0
Supacooks,0,10,2,0.0,0.2
Sunny State,0,6,0,0.0,0.0
Double You,0,12,0,0.0,0.0
Domo Genesis,0,5,0,0.0,0.0
Dombresky,0,3,1,0.0,0.3333333333333333
Dolla,0,9,0,0.0,0.0
Dolapdere Big Gang,0,7,0,0.0,0.0
Superheart,0,10,2,0.0,0.2
Sugarloaf,0,6,1,0.0,0.16666666666666666
Sugar,0,7,0,0.0,0.0
Sudan Archives,0,1,0,0.0,0.0
Such,0,8,1,0.0,0.125
Subliminals,0,5,0,0.0,0.0
Dreamville,0,13,4,0.0,0.3076923076923077
Dream Theater,0,8,0,0.0,0.0
Dream State,0,9,1,0.0,0.1111111111111111
Dorrough Music,0,5,0,0.0,0.0
Dr.ive,0,7,2,0.0,0.2857142857142857
Doris,0,6,0,0.0,0.0
Dopeamean,0,5,1,0.0,0.2
DopeNation,0,2,2,0.0,1.0
Dope,0,8,0,0.0,0.0
Donwill,0,5,3,0.0,0.6
Sunfish,0,7,0,0.0,0.0
Sundara Karma,0,7,0,0.0,0.0
Sumwun,0,2,3,0.0,1.5
Summerella,0,7,1,0.0,0.14285714285714285
Dorothy Moore,0,4,3,0.0,0.75
Sylvester,0,10,0,0.0,0.0
Sylvan,0,13,3,0.0,0.23076923076923078
Divite,0,8,1,0.0,0.125
Division | North,0,4,1,0.0,0.25
Divino,0,6,1,0.0,0.16666666666666666
Diskord,0,2,0,0.0,0.0
Diskay,0,14,3,0.0,0.21428571428571427
Disiz La Peste,0,6,0,0.0,0.0
Discopolis,0,4,2,0.0,0.5
Dojo Cuts,0,5,1,0.0,0.2
T.R.U.,0,9,0,0.0,0.0
T-Wayne,0,14,0,0.0,0.0
T-4-2,0,7,1,0.0,0.14285714285714285
T'via,0,6,0,0.0,0.0
Sündenklang,0,6,0,0.0,0.0
Dirty South & Alesso,0,7,1,0.0,0.14285714285714285
Dirty Rush,0,6,0,0.0,0.0
Dirty Honey,0,2,2,0.0,1.0
Dirty Heads,0,6,1,0.0,0.16666666666666666
Dimatik,0,14,1,0.0,0.07142857142857142
Sweet Sensation,0,6,1,0.0,0.16666666666666666
Swede Dreams,0,10,0,0.0,0.0
Swayday,0,10,0,0.0,0.0
Swati Bhatt,0,5,2,0.0,0.4
Suvenir,0,4,1,0.0,0.25
Susie Suh,0,3,0,0.0,0.0
Dog Blood,0,8,3,0.0,0.375
Doc Thor,0,6,1,0.0,0.16666666666666666
Djumpers,0,11,2,0.0,0.18181818181818182
Systema Solar,0,8,0,0.0,0.0
Dj Iceman,0,7,0,0.0,0.0
Dj Guuga,0,11,0,0.0,0.0
Dizzy Wright,0,20,1,0.0,0.05
Sydney Yungins,0,12,0,0.0,0.0
Syd Barrett,0,6,1,0.0,0.16666666666666666
Sworn Virgins,0,8,1,0.0,0.125
Swizz Beatz,0,4,1,0.0,0.25
Swing Republic,0,19,3,0.0,0.15789473684210525
Sílvia Pérez Cruz,0,10,1,0.0,0.1
Dj Rogerinho do Quero,0,4,1,0.0,0.25
The Cocktails,0,9,1,0.0,0.1111111111111111
The Click Five,0,9,3,0.0,0.3333333333333333
The Claypool Lennon Delirium,0,8,0,0.0,0.0
The Civil Wars,0,4,0,0.0,0.0
DJ Counselling,0,3,2,0.0,0.6666666666666666
DJ Casper,0,10,2,0.0,0.2
Cyrus Chestnut,0,9,1,0.0,0.1111111111111111
Cypress Hill featuring Tego Calderon,0,11,1,0.0,0.09090909090909091
Darlingside,0,3,1,0.0,0.3333333333333333
The D.O.C.,0,17,0,0.0,0.0
The Crüxshadows,0,6,1,0.0,0.16666666666666666
D.O.D,0,4,1,0.0,0.25
D.L.G.,0,6,1,0.0,0.16666666666666666
DI-RECT,0,6,0,0.0,0.0
DEAN,0,12,1,0.0,0.08333333333333333
DDG,0,8,2,0.0,0.25
The English Beat,0,14,3,0.0,0.21428571428571427
The Dynamics,0,6,0,0.0,0.0
The Delfonics,0,4,0,0.0,0.0
The Black Madonna,0,13,1,0.0,0.07692307692307693
The Bergamot,0,7,1,0.0,0.14285714285714285
DJs@Work,0,7,0,0.0,0.0
DJ C Club,0,8,0,0.0,0.0
DINKS,0,2,0,0.0,0.0
The Charlie Daniels Band,0,7,2,0.0,0.2857142857142857
The Charlatans,0,7,1,0.0,0.14285714285714285
The Chain Gang Of 1974,0,11,1,0.0,0.09090909090909091
The C90s,0,8,1,0.0,0.125
The Cousins,0,6,1,0.0,0.16666666666666666
DJ Jazzy Jeff,0,25,4,0.0,0.16
DJ F.R.A.N.K,0,8,0,0.0,0.0
DJ Dow Jones,0,9,0,0.0,0.0
DJ Den,0,8,0,0.0,0.0
DAY26,0,12,1,0.0,0.08333333333333333
DAY,0,9,0,0.0,0.0
DAVI,0,9,1,0.0,0.1111111111111111
DAOKO,0,10,1,0.0,0.1
DAF,0,10,0,0.0,0.0
The Byrds,0,8,0,0.0,0.0
Crazy P,0,8,1,0.0,0.125
The Greg Mayo Band,0,16,2,0.0,0.125
The Gourds,0,8,2,0.0,0.25
The Globetroddas,0,10,0,0.0,0.0
The Glitch Mob,0,7,0,0.0,0.0
Crumb,0,12,0,0.0,0.0
Cruels,0,5,3,0.0,0.6
Cross My Heart Hope To Die,0,6,1,0.0,0.16666666666666666
"Crosby, Stills, Nash & Young",0,8,2,0.0,0.25
The Driver Era,0,12,0,0.0,0.0
Cory Wong,0,8,2,0.0,0.25
The Honeydrippers,0,4,0,0.0,0.0
The Holiday Soul,0,8,1,0.0,0.125
The HillBenders,0,5,2,0.0,0.4
The High School of Music & Art,0,5,1,0.0,0.2
The Herbaliser,0,9,1,0.0,0.1111111111111111
Cranberry Dolphin,0,6,0,0.0,0.0
Craig David,0,38,4,0.0,0.10526315789473684
Covenants,0,1,2,0.0,2.0
Crooklyn Dodgers,0,5,0,0.0,0.0
The Dream Academy,0,11,1,0.0,0.09090909090909091
The Divine Comedy,0,4,1,0.0,0.25
D'zyre,0,6,1,0.0,0.16666666666666666
D'african,0,2,2,0.0,1.0
D'Nell,0,5,0,0.0,0.0
D'Koncep,0,5,0,0.0,0.0
D'Angello & Francis,0,11,0,0.0,0.0
Cytrax,0,7,0,0.0,0.0
Cult To Follow,0,5,0,0.0,0.0
Cree Summer,0,12,1,0.0,0.08333333333333333
Crystal Tides,0,8,0,0.0,0.0
Crystal Rock,0,9,1,0.0,0.1111111111111111
The Fratellis,0,4,2,0.0,0.5
The Four Owls,0,6,1,0.0,0.16666666666666666
The Fixx,0,7,1,0.0,0.14285714285714285
The Fame,0,9,1,0.0,0.1111111111111111
The Essence,0,8,1,0.0,0.125
Crime Zcene,0,8,0,0.0,0.0
Crew Cardinal,0,7,1,0.0,0.14285714285714285
Cub Sport,0,5,0,0.0,0.0
Tep No,0,33,6,0.0,0.18181818181818182
Teo Moss,0,6,2,0.0,0.3333333333333333
Ten Years After,0,4,1,0.0,0.25
Teminite,0,9,0,0.0,0.0
Telmary,0,2,1,0.0,0.5
Tellow,0,5,0,0.0,0.0
Tektrik,0,5,2,0.0,0.4
Danny Boy,0,6,1,0.0,0.16666666666666666
Dan Croll,0,6,3,0.0,0.5
The Blue Nile,0,5,0,0.0,0.0
Dan Bravo,0,13,0,0.0,0.0
Dan Auerbach,0,8,2,0.0,0.25
Dama,0,6,2,0.0,0.3333333333333333
Dalua,0,4,1,0.0,0.25
Tessa,0,17,1,0.0,0.058823529411764705
Tess Posner,0,17,1,0.0,0.058823529411764705
Tess Parks,0,8,3,0.0,0.375
Tertia May,0,5,3,0.0,0.6
Terrence North,0,14,0,0.0,0.0
Dan Bremnes,0,5,0,0.0,0.0
Darlene McCoy,0,7,1,0.0,0.14285714285714285
Darlene Love,0,7,1,0.0,0.14285714285714285
Team Deep,0,6,1,0.0,0.16666666666666666
Tdot illdude,0,14,1,0.0,0.07142857142857142
Tchelo Gomez,0,2,0,0.0,0.0
Daniel Santacruz,0,7,2,0.0,0.2857142857142857
Daniel Sabaterr,0,10,0,0.0,0.0
Tei Shi,0,6,1,0.0,0.16666666666666666
Tegan and Sara,0,5,1,0.0,0.2
Teresa Jae,0,8,0,0.0,0.0
Tears of a fallen hero,0,11,1,0.0,0.09090909090909091
Darkly,0,5,1,0.0,0.2
Dark Polo Gang,0,11,1,0.0,0.09090909090909091
Darius Rucker,0,2,0,0.0,0.0
Danny Howard,0,8,2,0.0,0.25
Dani Fernández,0,5,0,0.0,0.0
Danelly Elly,0,9,1,0.0,0.1111111111111111
Dan Hill,0,12,2,0.0,0.16666666666666666
Teri Miko,0,11,1,0.0,0.09090909090909091
Teedra Moses,0,20,0,0.0,0.0
DY,0,7,1,0.0,0.14285714285714285
DWNTWN,0,6,1,0.0,0.16666666666666666
DVN,0,4,3,0.0,0.75
DJ Valdi,0,5,1,0.0,0.2
DJ Tune,0,5,3,0.0,0.6
DJ Sammy,0,4,2,0.0,0.5
DJ Razé,0,7,0,0.0,0.0
The Beach Boys,0,8,3,0.0,0.375
The Baskervilles,0,6,0,0.0,0.0
Terrace Martin,0,5,2,0.0,0.4
DR. KUCHO!,0,3,2,0.0,0.6666666666666666
DONATTO,0,6,1,0.0,0.16666666666666666
DON x LEE x BARBER,0,4,3,0.0,0.75
DJ Paul,0,8,1,0.0,0.125
DJ Mes,0,6,2,0.0,0.3333333333333333
DJ Max Star,0,7,0,0.0,0.0
DJ Khalid,0,13,1,0.0,0.07692307692307693
The Breed,0,3,0,0.0,0.0
The Bones of J.R. Jones,0,3,0,0.0,0.0
The Bamboos,0,11,1,0.0,0.09090909090909091
Daniel Leseman,0,7,2,0.0,0.2857142857142857
Daniel Garrick,0,8,0,0.0,0.0
Daniel Adams-Ray,0,14,0,0.0,0.0
DSN,0,6,3,0.0,0.5
Daley,0,11,3,0.0,0.2727272727272727
Daichi Miura,0,7,1,0.0,0.14285714285714285
Church & AP,0,8,1,0.0,0.125
Dabow,0,9,1,0.0,0.1111111111111111
The Afghan Whigs,0,4,0,0.0,0.0
Da Hool,0,5,1,0.0,0.2
Tharyk,0,6,0,0.0,0.0
Tez Cadey,0,5,0,0.0,0.0
DOLF,0,8,0,0.0,0.0
DMN,0,11,0,0.0,0.0
The Anix,0,11,0,0.0,0.0
The Amazons,0,7,2,0.0,0.2857142857142857
The Alchemist,0,5,1,0.0,0.2
The Alarm,0,18,1,0.0,0.05555555555555555
Da Organization,0,4,2,0.0,0.5
The Academic,0,18,1,0.0,0.05555555555555555
Aoife O'Donovan,0,7,1,0.0,0.14285714285714285
Any Victoria,0,6,0,0.0,0.0
Antwillz,0,2,3,0.0,1.5
Yael Naim,0,13,1,0.0,0.07692307692307693
Yady,0,7,0,0.0,0.0
YUCIFER,0,5,5,0.0,1.0
YSN Flow,0,1,0,0.0,0.0
YOUNGJAE,0,3,1,0.0,0.3333333333333333
Arcis,0,8,0,0.0,0.0
Archie Eversole,0,5,1,0.0,0.2
Arcando,0,6,0,0.0,0.0
Aranda,0,11,1,0.0,0.09090909090909091
Tsuko G.,0,2,1,0.0,0.5
Antonio Garcia Isaac,0,11,0,0.0,0.0
Antoine Villoutreix,0,11,2,0.0,0.18181818181818182
Antoine Delvig,0,12,0,0.0,0.0
Anti Up,0,11,1,0.0,0.09090909090909091
Anti Lilly,0,5,0,0.0,0.0
Anthony Phillips,0,7,2,0.0,0.2857142857142857
Yaw,0,5,2,0.0,0.4
Yannc,0,9,0,0.0,0.0
Yanda,0,7,1,0.0,0.14285714285714285
Ape Drums,0,7,1,0.0,0.14285714285714285
Apashe,0,2,0,0.0,0.0
Ann Marie,0,9,2,0.0,0.2222222222222222
Antranig,0,8,0,0.0,0.0
Artin,0,7,3,0.0,0.42857142857142855
Artigeardit,0,2,1,0.0,0.5
X-Vertigo,0,8,0,0.0,0.0
Ashley Slater,0,7,1,0.0,0.14285714285714285
Ashim,0,13,3,0.0,0.23076923076923078
Ashford & Simpson,0,10,0,0.0,0.0
Ashes to Embers,0,8,1,0.0,0.125
Argui,0,12,2,0.0,0.16666666666666666
Arthur Conley,0,6,1,0.0,0.16666666666666666
Arrested Development,0,6,3,0.0,0.5
Arnold Palmer,0,8,1,0.0,0.125
Xuitcasecity,0,11,1,0.0,0.09090909090909091
Ariel Ramírez,0,8,1,0.0,0.125
Xotox,0,4,1,0.0,0.25
Xcellence!,0,5,0,0.0,0.0
Asaf Avidan & the Mojos,0,5,0,0.0,0.0
As I May,0,7,3,0.0,0.42857142857142855
Aquariuz,0,10,0,0.0,0.0
April Wine,0,10,0,0.0,0.0
YOSA & TAAR,0,4,1,0.0,0.25
YNG Martyr,0,2,1,0.0,0.5
YELLOW MAGIC ORCHESTRA,0,8,1,0.0,0.125
YBN Cordae,0,39,4,0.0,0.10256410256410256
YACHT,0,10,1,0.0,0.1
Arin Ray,0,7,1,0.0,0.14285714285714285
Aries,0,7,0,0.0,0.0
Xuinn,0,9,1,0.0,0.1111111111111111
Andreya Triana,0,3,1,0.0,0.3333333333333333
Andrew W. Boss,0,10,2,0.0,0.2
Andrew Roman,0,4,0,0.0,0.0
Young Fathers,0,9,0,0.0,0.0
Young Empires,0,6,4,0.0,0.6666666666666666
Young Bleed,0,8,1,0.0,0.125
YounG (KO),0,2,0,0.0,0.0
Angus Maude,0,16,0,0.0,0.0
Amyntas,0,7,0,0.0,0.0
Amplify Worship,0,2,1,0.0,0.5
Young Rising Sons,0,16,4,0.0,0.25
Young Joshua,0,12,2,0.0,0.16666666666666666
Anju,0,6,0,0.0,0.0
Andrew McMahon in the Wilderness,0,12,1,0.0,0.08333333333333333
Andrew Bird,0,4,0,0.0,0.0
Andrea Consoli,0,6,0,0.0,0.0
Andy Hart,0,6,0,0.0,0.0
Yung Buda,0,12,1,0.0,0.08333333333333333
Yubin,0,7,1,0.0,0.14285714285714285
Yousef,0,10,1,0.0,0.1
Younha,0,9,0,0.0,0.0
Youngheart,0,23,0,0.0,0.0
Andeeno Damassy,0,7,2,0.0,0.2857142857142857
Analogik,0,7,0,0.0,0.0
Anakena,0,9,1,0.0,0.1111111111111111
Young G Freezy,0,2,1,0.0,0.5
Anja Kotar,0,5,2,0.0,0.4
Yo La Tengo,0,12,2,0.0,0.16666666666666666
Ylvis,0,5,2,0.0,0.4
Yeyo,0,8,1,0.0,0.125
Yello,0,7,3,0.0,0.42857142857142855
Yella Beezy,0,9,0,0.0,0.0
Anson Seabra,0,3,1,0.0,0.3333333333333333
Anonimus,0,5,2,0.0,0.4
Annika Grace,0,8,1,0.0,0.125
Annie Lux,0,4,1,0.0,0.25
Angelika Vee,0,9,0,0.0,0.0
Anfa Rose,0,8,0,0.0,0.0
Andrés Calamaro,0,9,0,0.0,0.0
Andy Rivera,0,3,0,0.0,0.0
Andy Mcgirr,0,5,0,0.0,0.0
Yotam Avni,0,16,0,0.0,0.0
Yoshi Flower,0,11,0,0.0,0.0
YonYon,0,11,1,0.0,0.09090909090909091
Yolanda Be Cool,0,14,0,0.0,0.0
Yoke Lore,0,10,2,0.0,0.2
Yogi Lang,0,7,0,0.0,0.0
Yo-Sea,0,7,2,0.0,0.2857142857142857
Annalisa,0,11,1,0.0,0.09090909090909091
Anna Carina,0,7,1,0.0,0.14285714285714285
Andy Aguilera,0,5,2,0.0,0.4
Andréza,0,5,0,0.0,0.0
Aneesh Chengappa,0,5,1,0.0,0.2
BYNON,0,8,1,0.0,0.125
When In Rome,0,6,1,0.0,0.16666666666666666
Wheatus,0,6,1,0.0,0.16666666666666666
Wenzel,0,10,0,0.0,0.0
Bad Feelings,0,8,2,0.0,0.25
Bad Boys The Original Motion Picture Soundtrack,0,7,4,0.0,0.5714285714285714
Wild Cherry,0,3,0,0.0,0.0
BONNIE X CLYDE,0,15,2,0.0,0.13333333333333333
BONIK,0,6,6,0.0,1.0
BLVK SWVN,0,3,0,0.0,0.0
BLVK JVCK,0,7,5,0.0,0.7142857142857143
BLENDER,0,6,2,0.0,0.3333333333333333
Artists for Peace and Justice,0,14,0,0.0,0.0
White Arrows,0,6,0,0.0,0.0
BVNDIT,0,9,1,0.0,0.1111111111111111
BRÅVO,0,9,0,0.0,0.0
BROMYGO,0,7,1,0.0,0.14285714285714285
BROHUG,0,22,0,0.0,0.0
William Bell,0,8,2,0.0,0.25
BB Diamond,0,8,2,0.0,0.25
BANNERS,0,10,0,0.0,0.0
BADBADNOTGOOD,0,9,1,0.0,0.1111111111111111
BABY-T,0,3,0,0.0,0.0
B3 The Third,0,7,0,0.0,0.0
Will Prime,0,12,0,0.0,0.0
Whitney,0,13,2,0.0,0.15384615384615385
Bayonne,0,8,0,0.0,0.0
Baxter Dury,0,2,2,0.0,1.0
Baustelle,0,7,0,0.0,0.0
Band&dos,0,10,2,0.0,0.2
Bananarama,0,2,2,0.0,1.0
Banana Club,0,8,2,0.0,0.25
Wasback,0,21,3,0.0,0.14285714285714285
Was (Not Was),0,6,1,0.0,0.16666666666666666
Wanna Wake,0,6,1,0.0,0.16666666666666666
Wanna One,0,9,0,0.0,0.0
Walter Eagan,0,8,0,0.0,0.0
Bascur,0,1,2,0.0,2.0
Baby Bash,0,11,1,0.0,0.09090909090909091
Bad Actor,0,11,0,0.0,0.0
Wendy Rene,0,4,0,0.0,0.0
Wells*,0,8,3,0.0,0.375
Weisser Quiff,0,10,1,0.0,0.1
Weedthief,0,12,0,0.0,0.0
Waxwane,0,5,0,0.0,0.0
Wax Motif,0,15,3,0.0,0.2
Badshah,0,21,1,0.0,0.047619047619047616
Badrapper,0,8,1,0.0,0.125
Banoffee,0,7,1,0.0,0.14285714285714285
Baby Keem,0,6,1,0.0,0.16666666666666666
Baby Huey & The Baby Sitters,0,9,3,0.0,0.3333333333333333
Baby Blue,0,6,1,0.0,0.16666666666666666
Barrio Sónico,0,6,1,0.0,0.16666666666666666
Wonderful Humans,0,6,1,0.0,0.16666666666666666
Wolvero,0,8,1,0.0,0.125
Wolf Jaw,0,4,1,0.0,0.25
Avant,0,9,1,0.0,0.1111111111111111
AvaGrace,0,11,0,0.0,0.0
Autoerotique,0,4,1,0.0,0.25
Australia United,0,4,1,0.0,0.25
Awon,0,4,1,0.0,0.25
Awake At Last,0,3,3,0.0,1.0
Aviscerall,0,6,1,0.0,0.16666666666666666
Atreyu,0,9,2,0.0,0.2222222222222222
Atmosphere,0,11,0,0.0,0.0
Wildstylez,0,6,1,0.0,0.16666666666666666
Atlas For Infinity,0,12,0,0.0,0.0
Atlantic Starr,0,11,2,0.0,0.18181818181818182
Atlanta Rhythm Section,0,17,1,0.0,0.058823529411764705
Ata Kak,0,12,1,0.0,0.08333333333333333
Aston Martinez,0,9,1,0.0,0.1111111111111111
X-Change,0,6,0,0.0,0.0
Wynardtage,0,25,6,0.0,0.24
Wyclef Jean,0,8,0,0.0,0.0
Aunty Social,0,8,1,0.0,0.125
August Wahh,0,7,2,0.0,0.2857142857142857
Aryue,0,2,0,0.0,0.0
Arva,0,18,2,0.0,0.1111111111111111
Atlas in Motion,0,13,0,0.0,0.0
Wilderlife,0,11,1,0.0,0.09090909090909091
Wildcrow,0,5,0,0.0,0.0
Axian,0,5,1,0.0,0.2
B.G.,0,4,2,0.0,0.5
B.B. King,0,7,0,0.0,0.0
Azzy,0,8,1,0.0,0.125
Azzi Memo,0,4,1,0.0,0.25
Azide,0,7,0,0.0,0.0
Wilson Pickett,0,14,2,0.0,0.14285714285714285
Wilson,0,2,1,0.0,0.5
Willy William,0,10,3,0.0,0.3
Willie Peyote,0,6,0,0.0,0.0
Audrey Mika,0,14,3,0.0,0.21428571428571427
William Singe,0,5,0,0.0,0.0
Averdeck,0,4,1,0.0,0.25
Average White Band,0,10,1,0.0,0.1
Within The Grey,0,6,1,0.0,0.16666666666666666
Within Temptation,0,23,1,0.0,0.043478260869565216
Wish & Fonda Rae,0,8,2,0.0,0.25
Winter Havens,0,2,1,0.0,0.5
Winona Oak,0,10,0,0.0,0.0
Winger,0,4,1,0.0,0.25
Aystar,0,9,0,0.0,0.0
AyiTe,0,6,0,0.0,0.0
Axollo,0,9,1,0.0,0.1111111111111111
August Roads,0,3,0,0.0,0.0
Willie Clayton,0,21,2,0.0,0.09523809523809523
Aaron Neville,0,3,1,0.0,0.3333333333333333
jame,0,6,1,0.0,0.16666666666666666
j'san,0,4,0,0.0,0.0
illusionize,0,8,3,0.0,0.375
ANIMAL HACK,0,7,0,0.0,0.0
ANAVITÓRIA,0,13,0,0.0,0.0
AMiR,0,4,2,0.0,0.5
AMARI,0,2,0,0.0,0.0
AM & Shawn Lee,0,5,0,0.0,0.0
AW,0,4,3,0.0,0.75
AAAMYYY,0,8,1,0.0,0.125
A-Trak,0,4,1,0.0,0.25
Anaesthesia,0,8,0,0.0,0.0
laye,0,6,1,0.0,0.16666666666666666
keshi,0,13,4,0.0,0.3076923076923077
keko.the.dog,0,9,2,0.0,0.2222222222222222
k?d,0,11,1,0.0,0.09090909090909091
k.d. lang,0,7,0,0.0,0.0
ALLEGRØ,0,6,2,0.0,0.3333333333333333
AKI,0,7,2,0.0,0.2857142857142857
AKA,0,7,1,0.0,0.14285714285714285
AJR,0,11,0,0.0,0.0
A L E X,0,4,0,0.0,0.0
A Killer's Confession,0,2,0,0.0,0.0
A Day To Remember,0,5,0,0.0,0.0
A&G,0,4,1,0.0,0.25
Adia Victoria,0,6,3,0.0,0.5
Adesha,0,6,0,0.0,0.0
Adara,0,6,0,0.0,0.0
Adaptiv,0,7,1,0.0,0.14285714285714285
Adam Neely,0,11,1,0.0,0.09090909090909091
Adam K,0,5,2,0.0,0.4
AZTX,0,8,1,0.0,0.125
AZIA,0,6,0,0.0,0.0
AZ'1,0,14,3,0.0,0.21428571428571427
AZ,0,9,2,0.0,0.2222222222222222
AYA A.K.A PANDA,0,6,0,0.0,0.0
AWAY,0,4,2,0.0,0.5
Aaron Taylor,0,16,1,0.0,0.0625
Abram Mahoney,0,16,3,0.0,0.1875
Abraham Mateo,0,19,2,0.0,0.10526315789473684
AVEC,0,7,0,0.0,0.0
AVA,0,11,0,0.0,0.0
ATEEZ,0,6,0,0.0,0.0
ASADI,0,5,0,0.0,0.0
AS IT IS,0,6,0,0.0,0.0
ARVVB,0,5,0,0.0,0.0
iamSHUM,0,4,2,0.0,0.5
iZaak,0,6,0,0.0,0.0
iSHi,0,8,1,0.0,0.125
iKON,0,9,1,0.0,0.1111111111111111
gracie,0,8,0,0.0,0.0
Abstract Orchestra,0,5,0,0.0,0.0
sky pedro,0,9,1,0.0,0.1111111111111111
6ixbuzz,0,11,0,0.0,0.0
"50 Cent, DJ Whoo Kid",0,10,1,0.0,0.1
4Minute,0,11,1,0.0,0.09090909090909091
4FOXSAKE,0,7,1,0.0,0.14285714285714285
95 South,0,5,2,0.0,0.4
Бардак,0,8,1,0.0,0.125
БРДК,0,8,1,0.0,0.125
ØZWALD,0,10,1,0.0,0.1
2 Brothers On The 4th Floor,0,18,2,0.0,0.1111111111111111
1takejay,0,7,1,0.0,0.14285714285714285
1PLAYY,0,4,0,0.0,0.0
oofoe,0,11,0,0.0,0.0
13-Side,0,10,0,0.0,0.0
2K,0,9,1,0.0,0.1111111111111111
03 Greedo,0,8,0,0.0,0.0
015B,0,9,1,0.0,0.1111111111111111
Max Keeble,0,7,3,0.0,0.42857142857142855
Max Jury,0,5,2,0.0,0.4
Max Graef,0,7,1,0.0,0.14285714285714285
Maybon,0,8,1,0.0,0.125
Maxiolly,0,3,1,0.0,0.3333333333333333
Maxess,0,5,2,0.0,0.4
Max Styler,0,10,1,0.0,0.1
Max Shaun,0,6,1,0.0,0.16666666666666666
1A.m.,0,2,1,0.0,0.5
offrami,0,6,1,0.0,0.16666666666666666
o k h o,0,5,0,0.0,0.0
nourii,0,9,0,0.0,0.0
nej!las,0,11,1,0.0,0.09090909090909091
mädmäx,0,14,0,0.0,0.0
mt. fujitive,0,5,0,0.0,0.0
morgxn,0,3,1,0.0,0.3333333333333333
maye,0,9,4,0.0,0.4444444444444444
ABG Neal,0,6,4,0.0,0.6666666666666666
AATA,0,6,0,0.0,0.0
88rising,0,27,1,0.0,0.037037037037037035
8 Graves,0,11,5,0.0,0.45454545454545453
st. august,0,4,0,0.0,0.0
7715,0,10,0,0.0,0.0
sapientdream,0,6,2,0.0,0.3333333333333333
ripmattblack,0,6,0,0.0,0.0
ren,0,7,1,0.0,0.14285714285714285
redz,0,5,0,0.0,0.0
"quickly, quickly",0,9,1,0.0,0.1111111111111111
phai,0,8,2,0.0,0.25
oomiee,0,2,0,0.0,0.0
3 Tenores,0,9,1,0.0,0.1111111111111111
3 Are Legend,0,7,0,0.0,0.0
2nd Exit,0,3,0,0.0,0.0
2milly,0,7,0,0.0,0.0
starRo,0,4,1,0.0,0.25
7UBO,0,11,1,0.0,0.09090909090909091
Altoparlante,0,17,1,0.0,0.058823529411764705
Alrahim Wright III,0,8,1,0.0,0.125
Alma Negra,0,16,0,0.0,0.0
Zaturno,0,7,1,0.0,0.14285714285714285
Zanny Don,0,8,0,0.0,0.0
Zack Knight,0,5,2,0.0,0.4
Zach Farache,0,4,1,0.0,0.25
Zac Efron,0,21,1,0.0,0.047619047619047616
Amber,0,12,1,0.0,0.08333333333333333
Amarok,0,7,1,0.0,0.14285714285714285
Alison Crockett,0,9,0,0.0,0.0
Alisha,0,14,1,0.0,0.07142857142857142
Academics,0,3,1,0.0,0.3333333333333333
Alien Ant Farm,0,23,5,0.0,0.21739130434782608
Alicia Madison,0,8,0,0.0,0.0
Alice Russell,0,8,0,0.0,0.0
Zen/it,0,12,0,0.0,0.0
Zelooperz,0,6,0,0.0,0.0
Alle Farben,0,32,3,0.0,0.09375
All That Remains,0,4,0,0.0,0.0
All Star Brasil,0,9,1,0.0,0.1111111111111111
Alexis Chaires,0,6,1,0.0,0.16666666666666666
Alexander Popov,0,4,2,0.0,0.5
Alexander 23,0,6,2,0.0,0.3333333333333333
Zoe Gotusso,0,6,1,0.0,0.16666666666666666
Alina Amuri,0,14,0,0.0,0.0
Ana Tijoux,0,7,1,0.0,0.14285714285714285
Ana Guerra,0,9,2,0.0,0.2222222222222222
An21,0,4,2,0.0,0.5
Amigos Raros,0,6,2,0.0,0.3333333333333333
American Sin,0,19,2,0.0,0.10526315789473684
Amelie Lens,0,6,5,0.0,0.8333333333333334
YunginReckless,0,7,0,0.0,0.0
Yungeen Ace,0,5,1,0.0,0.2
Yung Wacho,0,9,2,0.0,0.2222222222222222
Yung Ralph,0,10,2,0.0,0.2
Yung Pinch,0,7,1,0.0,0.14285714285714285
Yung L.A.,0,8,1,0.0,0.125
All Good Things,0,4,2,0.0,0.5
Amanaz,0,10,1,0.0,0.1
Aly & AJ,0,6,1,0.0,0.16666666666666666
Alvita,0,7,0,0.0,0.0
Alvin Marquis,0,5,1,0.0,0.2
Alveole,0,5,1,0.0,0.2
Alvaro Rod,0,4,2,0.0,0.5
ZOE Worship,0,6,1,0.0,0.16666666666666666
ZK,0,9,1,0.0,0.1111111111111111
ZIGGY X,0,5,2,0.0,0.4
ZEROFREQ,0,8,1,0.0,0.125
Yxng Le,0,7,1,0.0,0.14285714285714285
Amparanoia,0,2,0,0.0,0.0
Amos Lee,0,13,4,0.0,0.3076923076923077
Yung Heazy,0,5,0,0.0,0.0
Ahzee,0,6,0,0.0,0.0
Agnes Nunes,0,4,1,0.0,0.25
Afterlight,0,4,0,0.0,0.0
autumn keys,0,11,2,0.0,0.18181818181818182
Akira Terao,0,8,2,0.0,0.25
Akim,0,4,1,0.0,0.25
Akane,0,2,0,0.0,0.0
Aiwass,0,5,1,0.0,0.2
Albert Hammond,0,11,0,0.0,0.0
Adrinaline,0,8,0,0.0,0.0
Adrenalina Latina,0,11,3,0.0,0.2727272727272727
Adon,0,22,1,0.0,0.045454545454545456
Zinko,0,6,0,0.0,0.0
courtship.,0,7,1,0.0,0.14285714285714285
coldrain,0,7,2,0.0,0.2857142857142857
c7oud,0,6,0,0.0,0.0
Afluen,0,9,1,0.0,0.1111111111111111
Aerreo,0,5,1,0.0,0.2
Aeris Roves,0,20,2,0.0,0.1
Aer,0,10,0,0.0,0.0
Air Supply,0,23,4,0.0,0.17391304347826086
dvine,0,4,0,0.0,0.0
dopeSMOOTHIES,0,4,1,0.0,0.25
Aczino,0,9,0,0.0,0.0
Accept,0,11,2,0.0,0.18181818181818182
Adina Howard,0,10,0,0.0,0.0
Alice Francis,0,7,1,0.0,0.14285714285714285
Alice Deejay,0,12,0,0.0,0.0
AlgoRythmik,0,6,0,0.0,0.0
Alkaline,0,7,1,0.0,0.14285714285714285
Alive City,0,6,0,0.0,0.0
Alessi Brothers,0,9,1,0.0,0.1111111111111111
Alenn,0,6,0,0.0,0.0
Zuma.,0,6,0,0.0,0.0
Zoology,0,18,0,0.0,0.0
Zombie Nation,0,8,0,0.0,0.0
Alex Vargas,0,7,2,0.0,0.2857142857142857
Alex Turner,0,6,0,0.0,0.0
Ailee,0,4,1,0.0,0.25
Alex Mattson,0,1,0,0.0,0.0
Alex Jacke,0,9,0,0.0,0.0
Alexx Mack,0,3,0,0.0,0.0
Alan Silvestri,0,4,0,0.0,0.0
area3,0,11,1,0.0,0.09090909090909091
a-ha,0,18,1,0.0,0.05555555555555555
[ocean jams],0,14,0,0.0,0.0
[ALEXANDROS],0,6,1,0.0,0.16666666666666666
Aldous Harding,0,3,3,0.0,1.0
Alberto Dimeo,0,2,0,0.0,0.0
Alberto Ciccarini,0,9,1,0.0,0.1111111111111111
Alex Eugenio,0,6,2,0.0,0.3333333333333333
Alex Adair,0,10,0,0.0,0.0
Alex Parker,0,13,3,0.0,0.23076923076923078
Casiio,0,11,2,0.0,0.18181818181818182
Cashetano la Merluza,0,13,0,0.0,0.0
Cappella,0,4,0,0.0,0.0
Carl Sims,0,11,0,0.0,0.0
Carl Marshall,0,7,2,0.0,0.2857142857142857
Carl Anderson,0,5,0,0.0,0.0
Tom Novy,0,8,0,0.0,0.0
Tom Noize,0,3,0,0.0,0.0
Tom Jones,0,7,1,0.0,0.14285714285714285
Tom Goss,0,6,1,0.0,0.16666666666666666
Tom Doolie,0,7,1,0.0,0.14285714285714285
Tom Cochrane,0,6,1,0.0,0.16666666666666666
Wake Me,0,9,1,0.0,0.1111111111111111
Capo Life Family,0,5,0,0.0,0.0
Canyon Hills Worship,0,6,1,0.0,0.16666666666666666
CantoParaBailar,0,12,1,0.0,0.08333333333333333
Candyman,0,17,0,0.0,0.0
Candace Sosa,0,5,0,0.0,0.0
Tommy Ice,0,7,0,0.0,0.0
Tommaso Paradiso,0,5,1,0.0,0.2
Cardenales De Nuevo León,0,3,1,0.0,0.3333333333333333
Captives,0,8,1,0.0,0.125
Café Amargo,0,6,0,0.0,0.0
Cam Meekins,0,7,4,0.0,0.5714285714285714
Calle 13,0,3,0,0.0,0.0
Tom Aspaul,0,6,1,0.0,0.16666666666666666
Timbiriche,0,3,1,0.0,0.3333333333333333
Tim O'Brien,0,4,0,0.0,0.0
Tim Hox,0,6,1,0.0,0.16666666666666666
Tim Gordon,0,11,0,0.0,0.0
Tim Dup,0,4,0,0.0,0.0
Carter,0,6,0,0.0,0.0
Carson Lueders,0,4,1,0.0,0.25
Carrie Underwood,0,5,2,0.0,0.4
Tiny Fighter,0,6,0,0.0,0.0
Tino El Pingüino,0,8,0,0.0,0.0
Tina Moore,0,6,0,0.0,0.0
Timna Momentus,0,5,1,0.0,0.2
Carly and Martina,0,3,2,0.0,0.6666666666666666
Casual T,0,10,1,0.0,0.1
Castlecomer,0,7,0,0.0,0.0
Castion,0,13,1,0.0,0.07692307692307693
Cast Of Camp Rock,0,9,0,0.0,0.0
Tom & Dexx,0,7,0,0.0,0.0
Tohaj,0,7,1,0.0,0.14285714285714285
Toddla T,0,11,0,0.0,0.0
Toby Beck,0,6,1,0.0,0.16666666666666666
Caroline Polachek,0,7,0,0.0,0.0
Carolina Ross,0,7,1,0.0,0.14285714285714285
Carolina Camacho,0,2,0,0.0,0.0
Carmen López,0,21,1,0.0,0.047619047619047616
Carmada,0,10,1,0.0,0.1
Catdra Catthien,0,5,3,0.0,0.6
Tori Templet,0,7,2,0.0,0.2857142857142857
Toploader,0,8,0,0.0,0.0
Toothgrinder,0,3,2,0.0,0.6666666666666666
Toonorth,0,3,2,0.0,0.6666666666666666
Ca$h Out,0,7,0,0.0,0.0
CHROM,0,9,1,0.0,0.1111111111111111
CHO,0,5,0,0.0,0.0
CHAD,0,7,2,0.0,0.2857142857142857
Trampled by Turtles,0,5,1,0.0,0.2
Tragedy Channel,0,7,0,0.0,0.0
Tracie Spencer,0,5,2,0.0,0.4
Town Mountain,0,11,1,0.0,0.09090909090909091
Cali,0,4,1,0.0,0.25
Tovaritch,0,6,0,0.0,0.0
CORSAK,0,11,1,0.0,0.09090909090909091
CMK,0,6,0,0.0,0.0
By Chance,0,4,0,0.0,0.0
Bush,0,4,3,0.0,0.75
Buscabulla,0,12,0,0.0,0.0
Burrito Brown,0,7,2,0.0,0.2857142857142857
Burnos,0,6,1,0.0,0.16666666666666666
Trebol Clan,0,16,2,0.0,0.125
Travis Greene,0,7,1,0.0,0.14285714285714285
Traumer,0,8,1,0.0,0.125
CARSTN,0,10,1,0.0,0.1
Tower Of Power,0,8,2,0.0,0.25
Tone Depth,0,7,0,0.0,0.0
Tommy Tutone,0,20,1,0.0,0.05
Tommy Mc,0,10,1,0.0,0.1
Camilo & Grande,0,15,3,0.0,0.2
Camille,0,7,1,0.0,0.14285714285714285
Camila,0,34,4,0.0,0.11764705882352941
Cami,0,10,0,0.0,0.0
Cameo,0,6,1,0.0,0.16666666666666666
CVPELLV,0,4,0,0.0,0.0
CURTI$Y,0,6,1,0.0,0.16666666666666666
CPsilencer,0,5,0,0.0,0.0
CPRCRN,0,7,1,0.0,0.14285714285714285
Torio,0,10,1,0.0,0.1
Tony Terry,0,4,0,0.0,0.0
Tony Castles,0,7,1,0.0,0.14285714285714285
Tonny Tun Tun,0,6,0,0.0,0.0
Caleborate,0,6,1,0.0,0.16666666666666666
Caleb Hawley,0,5,2,0.0,0.4
Caleb Belkin,0,8,0,0.0,0.0
Caitlyn Smith,0,4,2,0.0,0.5
CLRFL,0,6,1,0.0,0.16666666666666666
CLMD,0,17,5,0.0,0.29411764705882354
CL,0,5,1,0.0,0.2
CKY,0,8,0,0.0,0.0
CIRRRCLE,0,6,3,0.0,0.5
Total,0,6,0,0.0,0.0
Tony Tspoon,0,8,3,0.0,0.375
The Unfits,0,7,0,0.0,0.0
The Twinz,0,9,0,0.0,0.0
The Turtles,0,5,1,0.0,0.2
The Trammps,0,6,1,0.0,0.16666666666666666
The Tragic Thrills,0,7,0,0.0,0.0
The Tony Rich Project,0,11,0,0.0,0.0
The Temper Trap,0,7,2,0.0,0.2857142857142857
Chris G.,0,10,0,0.0,0.0
Chris Espo,0,5,2,0.0,0.4
Chill Children,0,8,0,0.0,0.0
ChildsPlay,0,5,1,0.0,0.2
The Wailin' Jennys,0,3,1,0.0,0.3333333333333333
Time Bandits,0,3,4,0.0,1.3333333333333333
The Veronicas,0,7,2,0.0,0.2857142857142857
The Ventures,0,7,0,0.0,0.0
Chris Anderson,0,5,0,0.0,0.0
Chriilz,0,9,0,0.0,0.0
Chongo de Colombia,0,8,0,0.0,0.0
Chon Arauza Y Su Furia Colombiana,0,5,1,0.0,0.2
Choklate,0,6,0,0.0,0.0
Choker,0,16,4,0.0,0.25
Choice,0,20,2,0.0,0.1
Chocoholic,0,6,0,0.0,0.0
Chicano Batman,0,11,2,0.0,0.18181818181818182
Chet Porter,0,5,2,0.0,0.4
The Vicious Vic,0,5,1,0.0,0.2
Chucho Flash,0,13,3,0.0,0.23076923076923078
Chris Linton,0,6,1,0.0,0.16666666666666666
Chris Lewis,0,4,1,0.0,0.25
The Spacies,0,9,0,0.0,0.0
The Semi Colon,0,9,0,0.0,0.0
Christian Gregory,0,11,0,0.0,0.0
Christian Burghardt,0,7,1,0.0,0.14285714285714285
Chris2pher,0,15,0,0.0,0.0
Chris de Burgh,0,8,3,0.0,0.375
Christopher Shayne,0,7,0,0.0,0.0
Chris Callovar,0,10,1,0.0,0.1
Chris Botti,0,4,2,0.0,0.5
The Unlikely Candidates,0,8,0,0.0,0.0
The Tea Party,0,7,0,0.0,0.0
The Swinghoppers,0,7,2,0.0,0.2857142857142857
The Summercamp,0,9,1,0.0,0.1111111111111111
The Sugarhill Gang,0,7,1,0.0,0.14285714285714285
The Strumbellas,0,7,1,0.0,0.14285714285714285
The Staple Singers,0,6,1,0.0,0.16666666666666666
Chris River,0,8,0,0.0,0.0
Chris Read,0,7,1,0.0,0.14285714285714285
Chris Odd,0,9,1,0.0,0.1111111111111111
Chloé Gisele,0,6,0,0.0,0.0
Chloe x Halle,0,7,0,0.0,0.0
Chito Miranda,0,7,2,0.0,0.2857142857142857
Chita,0,6,3,0.0,0.5
Chris Blackburger,0,11,0,0.0,0.0
Thorbjørn Risager,0,5,0,0.0,0.0
Thomston,0,6,2,0.0,0.3333333333333333
Thompson Twins,0,11,3,0.0,0.2727272727272727
Thomas Schumacher,0,12,2,0.0,0.16666666666666666
Thomas Sanders,0,9,1,0.0,0.1111111111111111
Charlie Wilson,0,8,2,0.0,0.25
Charles Jenkins & Fellowship Chicago,0,15,1,0.0,0.06666666666666667
Tim Curry,0,10,0,0.0,0.0
Cesqeaux,0,13,2,0.0,0.15384615384615385
Certain Animals,0,6,0,0.0,0.0
Cerrone,0,7,0,0.0,0.0
Celina Sharma,0,4,2,0.0,0.5
Chester Young,0,8,1,0.0,0.125
Tight Rhymes,0,8,1,0.0,0.125
Tiffany,0,10,2,0.0,0.2
Tierra Whack,0,9,2,0.0,0.2222222222222222
Thutmose,0,8,0,0.0,0.0
Thundercat,0,10,1,0.0,0.1
Throw The Fight,0,7,1,0.0,0.14285714285714285
Casper Magico,0,30,4,0.0,0.13333333333333333
Cedric Gervais,0,4,0,0.0,0.0
Ceaese,0,3,0,0.0,0.0
Catiso,0,12,3,0.0,0.25
Cathercist,0,9,2,0.0,0.2222222222222222
Timeless Legend,0,6,0,0.0,0.0
Celestial Ruin,0,5,2,0.0,0.4
Chessboxer,0,6,0,0.0,0.0
Cherokee,0,24,1,0.0,0.041666666666666664
The White Raven,0,10,1,0.0,0.1
Chinx,0,6,0,0.0,0.0
China Mac,0,7,0,0.0,0.0
China Crisis,0,6,0,0.0,0.0
Chillinit,0,11,1,0.0,0.09090909090909091
Chernobyl,0,6,1,0.0,0.16666666666666666
Cheo,0,5,1,0.0,0.2
Chemise,0,1,1,0.0,1.0
Cheka featuring Michael Stuart,0,8,0,0.0,0.0
Cheerleader,0,5,3,0.0,0.6
Chalky,0,8,1,0.0,0.125
Thelma Aoyama,0,2,0,0.0,0.0
TheFatRat,0,9,0,0.0,0.0
The fire ants,0,3,0,0.0,0.0
Chiiild,0,4,0,0.0,0.0
Charles Bradley,0,6,1,0.0,0.16666666666666666
Thilo,0,8,1,0.0,0.125
Theresa Rex,0,23,2,0.0,0.08695652173913043
Thepoolboi,0,7,1,0.0,0.14285714285714285
Chasing Desolation,0,6,0,0.0,0.0
Chasing Deer,0,10,0,0.0,0.0
Chase,0,8,0,0.0,0.0
Charly Black,0,9,1,0.0,0.1111111111111111
Thrice,0,7,3,0.0,0.42857142857142855
Checco Zalone,0,5,1,0.0,0.2
Black girl,0,6,1,0.0,0.16666666666666666
Blaque,0,14,0,0.0,0.0
Bimoud,0,8,1,0.0,0.125
Veronica Maggio,0,5,1,0.0,0.2
Veridian,0,12,1,0.0,0.08333333333333333
Vera Pedro,0,10,1,0.0,0.1
Vera Blue,0,14,0,0.0,0.0
Vegas Jones,0,12,3,0.0,0.25
Vega,0,7,2,0.0,0.2857142857142857
Black Paisley,0,3,2,0.0,0.6666666666666666
Black Josh,0,9,1,0.0,0.1111111111111111
Black Bonzo,0,8,0,0.0,0.0
CAMO,0,7,1,0.0,0.14285714285714285
Billy Kenny,0,4,2,0.0,0.5
Billy Bueffer,0,10,3,0.0,0.3
Bill Conti,0,7,2,0.0,0.2857142857142857
Vicente Cifuentes,0,4,1,0.0,0.25
Vettafaen,0,3,2,0.0,0.6666666666666666
Björk,0,7,1,0.0,0.14285714285714285
Bizzey,0,17,2,0.0,0.11764705882352941
Big Baby Tape,0,10,0,0.0,0.0
Big Moe featuring Ronnetta Spencer,0,8,2,0.0,0.25
Big Moe featuring E.S.G. & Big Pokey,0,7,3,0.0,0.42857142857142855
Big Mike,0,13,1,0.0,0.07692307692307693
Viigo,0,8,1,0.0,0.125
Billy Raffoul,0,5,3,0.0,0.6
VSNS,0,10,0,0.0,0.0
VRSTY,0,7,0,0.0,0.0
VOLLÉSTAD,0,9,1,0.0,0.1111111111111111
VIVID,0,11,5,0.0,0.45454545454545453
VITIZE,0,12,0,0.0,0.0
VINCINT,0,8,1,0.0,0.125
Blues Image,0,8,0,0.0,0.0
Bluedoom,0,14,0,0.0,0.0
Blanke,0,16,1,0.0,0.0625
Blanco Brown,0,8,1,0.0,0.125
Blanca,0,9,1,0.0,0.1111111111111111
Blake Rose,0,8,0,0.0,0.0
BlackRoy,0,7,4,0.0,0.5714285714285714
Valerie Broussard,0,7,0,0.0,0.0
Bloodshot216,0,5,1,0.0,0.2
Bloodlights,0,10,2,0.0,0.2
Bloodhound Gang,0,9,1,0.0,0.1111111111111111
BloodPop®,0,7,0,0.0,0.0
Blac Youngsta,0,18,5,0.0,0.2777777777777778
Bl4ck,0,7,1,0.0,0.14285714285714285
Veerus,0,12,3,0.0,0.25
Varrick Frost,0,12,0,0.0,0.0
Vargas & Lagola,0,10,3,0.0,0.3
Vangelis Kostoxenakis,0,6,1,0.0,0.16666666666666666
Vanessa Hudgens,0,5,0,0.0,0.0
Vanessa Carlton,0,3,1,0.0,0.3333333333333333
ValsBezig,0,8,2,0.0,0.25
Ben Rainey,0,7,0,0.0,0.0
Beat Dealer,0,6,0,0.0,0.0
Beasts With No Name,0,12,1,0.0,0.08333333333333333
WALWIN,0,4,3,0.0,0.75
WALLA,0,12,1,0.0,0.08333333333333333
VÉRITÉ,0,10,0,0.0,0.0
Beko,0,9,2,0.0,0.2222222222222222
Beckett,0,7,2,0.0,0.2857142857142857
Ben Harper And The Innocent Criminals,0,6,2,0.0,0.3333333333333333
Ben Harper,0,4,1,0.0,0.25
Ben Esser,0,6,4,0.0,0.6666666666666666
Battle Tapes,0,7,1,0.0,0.14285714285714285
Vide,0,7,2,0.0,0.2857142857142857
WITCH,0,9,1,0.0,0.1111111111111111
WILL K,0,15,1,0.0,0.06666666666666667
WHIPPED CREAM,0,7,1,0.0,0.14285714285714285
WEN,0,5,1,0.0,0.2
WELL$,0,3,1,0.0,0.3333333333333333
Beatriz Luengo,0,5,2,0.0,0.4
Beathunterz,0,3,0,0.0,0.0
Barenaked Ladies,0,9,4,0.0,0.4444444444444444
Barbie's Cradle,0,20,0,0.0,0.0
Banx & Ranx,0,9,1,0.0,0.1111111111111111
Bantu,0,7,1,0.0,0.14285714285714285
Wallows,0,9,2,0.0,0.2222222222222222
WOS,0,14,0,0.0,0.0
Victors,0,11,1,0.0,0.09090909090909091
Victor Tellagio,0,8,0,0.0,0.0
Bildjan,0,5,1,0.0,0.2
Bigg Robb,0,10,3,0.0,0.3
Bigg Rich,0,11,0,0.0,0.0
Ben Platt,0,9,1,0.0,0.1111111111111111
Ben Lee,0,7,4,0.0,0.5714285714285714
Vinyl Theatre,0,13,0,0.0,0.0
Village People,0,7,1,0.0,0.14285714285714285
Besomorph,0,16,2,0.0,0.125
Beverlay,0,6,3,0.0,0.5
Betty Moon,0,9,0,0.0,0.0
Ben Yoo Suk,0,8,3,0.0,0.375
Beth Hart,0,9,1,0.0,0.1111111111111111
Big Daddy Kane,0,10,0,0.0,0.0
Big Brother & The Holding Company,0,6,0,0.0,0.0
Ben Böhmer,0,8,1,0.0,0.125
Bembeya Jazz National,0,2,0,0.0,0.0
Belve,0,10,0,0.0,0.0
Belly,0,16,3,0.0,0.1875
Vivid Color,0,9,2,0.0,0.2222222222222222
Vitya AK,0,6,2,0.0,0.3333333333333333
Vitamin Z,0,9,1,0.0,0.1111111111111111
Violent Idols,0,2,1,0.0,0.5
Benjamín Amadeo,0,3,3,0.0,1.0
Benita,0,6,0,0.0,0.0
Betoko,0,9,0,0.0,0.0
Tropkillaz,0,5,0,0.0,0.0
Bruer,0,6,0,0.0,0.0
Brray,0,4,2,0.0,0.5
Brothers,0,11,2,0.0,0.18181818181818182
Brooks & Dunn,0,9,1,0.0,0.1111111111111111
Brookii,0,7,1,0.0,0.14285714285714285
Bubbatrees,0,7,2,0.0,0.2857142857142857
Breakwater,0,3,0,0.0,0.0
Breaking Beattz,0,3,0,0.0,0.0
Tutto Duran,0,4,4,0.0,1.0
Tunebased,0,5,0,0.0,0.0
Tune In Crew,0,6,1,0.0,0.16666666666666666
Bob Dylan,0,33,4,0.0,0.12121212121212122
Bright Ones,0,10,1,0.0,0.1
Bright City,0,9,0,0.0,0.0
Boy In Space,0,4,2,0.0,0.5
Box Car Racer,0,6,0,0.0,0.0
Two Can,0,5,0,0.0,0.0
Twerkteam,0,12,2,0.0,0.16666666666666666
Breakbot,0,8,1,0.0,0.125
Brandon Seibert,0,9,1,0.0,0.1111111111111111
Brewski,0,5,1,0.0,0.2
Brenky,0,18,4,0.0,0.2222222222222222
Bottleneck,0,20,3,0.0,0.15
Boslen,0,5,1,0.0,0.2
Tuff Crew,0,7,1,0.0,0.14285714285714285
CALVIN,0,10,1,0.0,0.1
Bunbury,0,9,2,0.0,0.2222222222222222
Bullistik,0,5,1,0.0,0.2
Bulletboys,0,10,2,0.0,0.2
Built By Titan,0,5,1,0.0,0.2
Bugzy Malone,0,10,0,0.0,0.0
Buddy Miles,0,4,0,0.0,0.0
Triggerfinger,0,6,1,0.0,0.16666666666666666
Trial & Error,0,4,0,0.0,0.0
Treyy G,0,6,0,0.0,0.0
Trevor Omoto,0,4,2,0.0,0.5
Trevor Dahl,0,6,0,0.0,0.0
Troy Murray,0,12,0,0.0,0.0
Bubba,0,8,1,0.0,0.125
Bryan Dalton,0,6,1,0.0,0.16666666666666666
Bryan Boliver,0,9,2,0.0,0.2222222222222222
Bruto Chr,0,11,0,0.0,0.0
Trog'low,0,5,0,0.0,0.0
Trobi,0,11,2,0.0,0.18181818181818182
Tristam,0,8,1,0.0,0.125
Burning Fierce,0,6,0,0.0,0.0
Burna Bandz,0,14,0,0.0,0.0
Brooke Sierra,0,6,3,0.0,0.5
Brooke Lanziner,0,15,2,0.0,0.13333333333333333
Broken Baby,0,9,1,0.0,0.1111111111111111
Dozer,0,8,1,0.0,0.125
Trending,0,3,0,0.0,0.0
Boothed,0,5,3,0.0,0.6
Bo Saris,0,5,3,0.0,0.6
Blvk,0,6,3,0.0,0.5
Blvck O,0,12,2,0.0,0.16666666666666666
Urban Praise Project,0,8,1,0.0,0.125
Urba y Rome,0,7,1,0.0,0.14285714285714285
Uplink,0,14,1,0.0,0.07142857142857142
Unzucht,0,6,1,0.0,0.16666666666666666
Unwork,0,5,1,0.0,0.2
Unter Null,0,11,2,0.0,0.18181818181818182
Unodavid,0,13,1,0.0,0.07692307692307693
Unk,0,18,1,0.0,0.05555555555555555
Bosca,0,11,1,0.0,0.09090909090909091
Bokassa,0,16,1,0.0,0.0625
Blue Hawaii,0,4,0,0.0,0.0
Blu Cantrell,0,11,0,0.0,0.0
Blu & Exile,0,7,2,0.0,0.2857142857142857
Blow Money Fast,0,6,1,0.0,0.16666666666666666
VAN DUO,0,5,0,0.0,0.0
V.I.C.,0,11,0,0.0,0.0
V-Sag,0,7,0,0.0,0.0
Urchin,0,6,4,0.0,0.6666666666666666
Bobbie Gentry,0,5,0,0.0,0.0
Bob Mould,0,11,1,0.0,0.09090909090909091
Bob Moses,0,12,1,0.0,0.08333333333333333
Underworld,0,7,1,0.0,0.14285714285714285
Borrowed Identity,0,7,0,0.0,0.0
Type4,0,3,1,0.0,0.3333333333333333
Tyler Bryant & the Shakedown,0,11,0,0.0,0.0
Tyler Boone,0,5,1,0.0,0.2
Brad Blackburn,0,4,1,0.0,0.25
Boy Untitled,0,38,1,0.0,0.02631578947368421
Boy Kiss Girl,0,7,0,0.0,0.0
Boonz,0,10,0,0.0,0.0
Booker T. & the M.G.'s,0,4,1,0.0,0.25
Boo Riley,0,5,2,0.0,0.4
Boney M.,0,13,2,0.0,0.15384615384615385
UOAK,0,16,1,0.0,0.0625
Bombay Bicycle Club,0,7,2,0.0,0.2857142857142857
UNDRESSD,0,4,0,0.0,0.0
U-niq,0,6,2,0.0,0.3333333333333333
Bohnes,0,7,0,0.0,0.0
Boef,0,3,0,0.0,0.0
Bobby V.,0,10,0,0.0,0.0
Bobby Shmurda,0,4,1,0.0,0.25
Undacava,0,2,0,0.0,0.0
Ulises Hadjis,0,5,0,0.0,0.0
Ulises Bueno,0,9,2,0.0,0.2222222222222222
UV Pop,0,12,1,0.0,0.08333333333333333
Bonesteel,0,5,0,0.0,0.0
Bone Crusher,0,11,0,0.0,0.0
Bon Lui,0,7,1,0.0,0.14285714285714285
UNOMAS,0,10,1,0.0,0.1
Kreature,0,6,0,0.0,0.0
Krazyp,0,2,1,0.0,0.5
Kumiho,0,6,1,0.0,0.16666666666666666
Kulturerbe Achim,0,8,1,0.0,0.125
Kulbir Jhinjer,0,13,1,0.0,0.07692307692307693
Koji.,0,4,1,0.0,0.25
Kojey Radical,0,7,1,0.0,0.14285714285714285
Omar Souleyman,0,6,1,0.0,0.16666666666666666
Omar Cunningham,0,30,2,0.0,0.06666666666666667
Omar Apollo,0,4,1,0.0,0.25
Olszakumpel,0,10,1,0.0,0.1
Ollie Wade,0,12,0,0.0,0.0
Olivia Rodrigo,0,6,3,0.0,0.5
Shermanology,0,6,0,0.0,0.0
Kosling,0,22,2,0.0,0.09090909090909091
Koralle,0,6,0,0.0,0.0
Kodie Shane,0,8,0,0.0,0.0
Knife Party,0,24,3,0.0,0.125
Kløn,0,6,0,0.0,0.0
Kllo,0,8,1,0.0,0.125
Onda Vaga,0,9,0,0.0,0.0
Omy de Oro,0,24,6,0.0,0.25
Omega,0,5,0,0.0,0.0
Omaure,0,16,0,0.0,0.0
Omara Portuondo,0,10,1,0.0,0.1
King Deco,0,6,0,0.0,0.0
Kindrid,0,5,1,0.0,0.2
Kota Banks,0,7,1,0.0,0.14285714285714285
Oceans,0,8,0,0.0,0.0
Obie Trice,0,4,0,0.0,0.0
L E O,0,6,1,0.0,0.16666666666666666
L Devine,0,10,0,0.0,0.0
Kyu Sakamoto,0,6,0,0.0,0.0
Kymara,0,9,0,0.0,0.0
Kylie Minogue,0,11,0,0.0,0.0
Kyle Watson,0,5,0,0.0,0.0
Ksenia,0,7,3,0.0,0.42857142857142855
Krystal Klear,0,11,1,0.0,0.09090909090909091
Krys Talk,0,7,0,0.0,0.0
Kroshwell,0,6,0,0.0,0.0
Okvsho,0,5,1,0.0,0.2
Krimsonn,0,3,1,0.0,0.3333333333333333
Oilix,0,6,2,0.0,0.3333333333333333
Oh Honey,0,12,0,0.0,0.0
Ofenbach,0,4,0,0.0,0.0
Kydd Jones,0,7,1,0.0,0.14285714285714285
Kwame And A New Beginning,0,5,2,0.0,0.4
Kush Kush,0,10,0,0.0,0.0
Koos,0,6,1,0.0,0.16666666666666666
Olivia Creutzer,0,5,1,0.0,0.2
Oliver Twizt,0,6,2,0.0,0.3333333333333333
Oleg Kenzov,0,7,1,0.0,0.14285714285714285
Old & In The Way,0,9,0,0.0,0.0
Ol' Burger Beats,0,4,0,0.0,0.0
Kriss Raize,0,8,1,0.0,0.125
Oki,0,4,0,0.0,0.0
Kina Grannis,0,4,1,0.0,0.25
Kina,0,10,2,0.0,0.2
Kimberlee Ramirez,0,6,1,0.0,0.16666666666666666
Kim Viera,0,3,1,0.0,0.3333333333333333
Khea;Omar Varela,0,1,2,0.0,2.0
Keys of Philadelphia,0,5,0,0.0,0.0
Key Crashers,0,6,1,0.0,0.16666666666666666
Kevoe West,0,7,0,0.0,0.0
Outr3ach,0,4,1,0.0,0.25
Out Of Sound,0,3,0,0.0,0.0
Our Last Night,0,5,0,0.0,0.0
Otherwise Fine,0,10,0,0.0,0.0
Kid Buu,0,10,0,0.0,0.0
Kinder Malo,0,9,1,0.0,0.1111111111111111
Kevin Krust,0,9,0,0.0,0.0
Kevcody,0,7,0,0.0,0.0
Kevaz,0,7,1,0.0,0.14285714285714285
Ketama126,0,15,1,0.0,0.06666666666666667
P.MO,0,10,0,0.0,0.0
P.M.B.,0,4,2,0.0,0.5
P.A.F.F.,0,4,1,0.0,0.25
P$C,0,10,1,0.0,0.1
P I A (Players In Action),0,6,2,0.0,0.3333333333333333
Ozoyo,0,7,2,0.0,0.2857142857142857
Kent Jones,0,10,0,0.0,0.0
Kenny Wayne Shepherd,0,5,0,0.0,0.0
Kenny Loggins,0,10,1,0.0,0.1
Kiana Ledé,0,10,0,0.0,0.0
Oran Juice Jones,0,8,1,0.0,0.125
Oracle,0,8,1,0.0,0.125
Oomloud,0,18,3,0.0,0.16666666666666666
Ontayd'artist,0,6,0,0.0,0.0
Only The Family,0,13,1,0.0,0.07692307692307693
Klaypex,0,7,1,0.0,0.14285714285714285
Klasico,0,4,0,0.0,0.0
Kirmont,0,7,2,0.0,0.2857142857142857
Killrude,0,4,0,0.0,0.0
Orrin,0,17,1,0.0,0.058823529411764705
Orjan Nilsen,0,10,0,0.0,0.0
Orion Sun,0,3,0,0.0,0.0
Orion Paxx,0,7,0,0.0,0.0
Ortzy,0,5,2,0.0,0.4
Oriel Poole,0,8,0,0.0,0.0
Orheyn,0,10,0,0.0,0.0
Orgânico,0,35,4,0.0,0.11428571428571428
Orange & Lemons,0,3,4,0.0,1.3333333333333333
Kinto Sol,0,4,1,0.0,0.25
Kill Paris,0,7,0,0.0,0.0
Kiki Gyan,0,7,0,0.0,0.0
Kike Pavón,0,6,1,0.0,0.16666666666666666
Kidnap,0,4,1,0.0,0.25
Kid Massive,0,11,2,0.0,0.18181818181818182
Ostblockschlampen,0,5,3,0.0,0.6
Oscar Louis,0,10,1,0.0,0.1
Oscar G & Ralph Falcon,0,10,0,0.0,0.0
Os Barões Da Pisadinha,0,18,4,0.0,0.2222222222222222
Oriente,0,24,1,0.0,0.041666666666666664
Noa Jamir,0,3,1,0.0,0.3333333333333333
NoMBe,0,13,0,0.0,0.0
NoBodyGHY,0,10,2,0.0,0.2
No Love For The Middle Child,0,9,1,0.0,0.1111111111111111
Niwel,0,7,1,0.0,0.14285714285714285
Laurent Wolf,0,15,1,0.0,0.06666666666666667
Lauren Aquilina,0,8,1,0.0,0.125
Lauren,0,6,1,0.0,0.16666666666666666
Lamin,0,4,2,0.0,0.5
Lake People,0,8,1,0.0,0.125
Laissez Faire,0,4,2,0.0,0.5
Laila,0,4,0,0.0,0.0
Noisettes,0,12,0,0.0,0.0
Ocxho,0,4,1,0.0,0.25
Noir,0,6,4,0.0,0.6666666666666666
Nocera,0,9,0,0.0,0.0
Noah Levi,0,5,1,0.0,0.2
Noah Fabray,0,5,2,0.0,0.4
Laura Jansen,0,10,2,0.0,0.2
Laura Cox,0,8,1,0.0,0.125
Lack Of Afro,0,5,1,0.0,0.2
Lacandona Social Sound,0,7,0,0.0,0.0
Lab's Cloud,0,15,0,0.0,0.0
LaMorris Williams,0,6,2,0.0,0.3333333333333333
LaCrème,0,4,1,0.0,0.25
Noora Noor,0,6,0,0.0,0.0
Nonsens,0,14,0,0.0,0.0
NoiseMakers,0,7,0,0.0,0.0
Lebo,0,6,3,0.0,0.5
Nina Tribus,0,10,2,0.0,0.2
Nina Nesbitt,0,10,3,0.0,0.3
Nimo,0,15,5,0.0,0.3333333333333333
Nil Moliner,0,6,0,0.0,0.0
Niko Eme,0,6,1,0.0,0.16666666666666666
Niki & The Dove,0,8,0,0.0,0.0
Nightstop,0,4,1,0.0,0.25
Leon Timbo,0,8,3,0.0,0.375
Leo Fressato,0,7,0,0.0,0.0
Laureano,0,5,0,0.0,0.0
Laura Marling,0,3,0,0.0,0.0
Niva,0,5,3,0.0,0.6
Larris V,0,5,1,0.0,0.2
Ninjaneers,0,7,0,0.0,0.0
Ninetoes,0,3,2,0.0,0.6666666666666666
Nine Lashes,0,12,2,0.0,0.16666666666666666
League of Legends,0,19,3,0.0,0.15789473684210525
Lead,0,14,2,0.0,0.14285714285714285
Lea Rue,0,22,1,0.0,0.045454545454545456
Lawrence Rothman,0,7,1,0.0,0.14285714285714285
Lefty Sm,0,5,1,0.0,0.2
Latmun,0,3,3,0.0,1.0
Latin Fresh,0,15,1,0.0,0.06666666666666667
Latin Alliance,0,6,2,0.0,0.3333333333333333
Last Night On Earth,0,7,1,0.0,0.14285714285714285
Lasso,0,8,0,0.0,0.0
Larry Smith,0,5,2,0.0,0.4
"Nisse, Ture och Schtekarn",0,11,1,0.0,0.09090909090909091
LEVZ,0,8,3,0.0,0.375
LEVEREVE,0,6,0,0.0,0.0
LATENIGHTJIGGY,0,6,1,0.0,0.16666666666666666
O.S.U.,0,9,1,0.0,0.1111111111111111
O.G.C.,0,8,1,0.0,0.125
Nymano,0,8,0,0.0,0.0
LOYZ,0,8,0,0.0,0.0
LOUDPVCK,0,7,1,0.0,0.14285714285714285
LOUD ABOUT US!,0,2,1,0.0,0.5
LOS PILOTOS,0,5,0,0.0,0.0
LMNTRX,0,6,1,0.0,0.16666666666666666
Kyle Kinch,0,6,1,0.0,0.16666666666666666
Kyle Dion,0,9,2,0.0,0.2222222222222222
Nonni,0,9,0,0.0,0.0
OK Go,0,10,4,0.0,0.4
OJ Da Juiceman,0,3,0,0.0,0.0
L3N,0,3,0,0.0,0.0
L1ND,0,8,1,0.0,0.125
L0uie L0u,0,16,1,0.0,0.0625
L. Young,0,9,2,0.0,0.2222222222222222
L'Orange,0,7,0,0.0,0.0
L'Epee,0,3,0,0.0,0.0
LISTENBEE,0,6,0,0.0,0.0
Kuriosity,0,11,1,0.0,0.09090909090909091
Kurd Maverick,0,6,1,0.0,0.16666666666666666
Kuranes,0,10,1,0.0,0.1
Of Virtue,0,7,1,0.0,0.14285714285714285
OYABUN,0,6,3,0.0,0.5
Nomy,0,9,0,0.0,0.0
Nomad Carlos,0,4,0,0.0,0.0
Nolan van Lith,0,5,1,0.0,0.2
"Noke D, D-Gotti, D-Reck, Tyte Eyes & Mike D",0,8,0,0.0,0.0
Noizu,0,7,2,0.0,0.2857142857142857
Landon Sears,0,5,1,0.0,0.2
La Ley,0,9,1,0.0,0.1111111111111111
La Isla Centeno,0,6,0,0.0,0.0
Notifi,0,7,0,0.0,0.0
Northlane,0,9,1,0.0,0.1111111111111111
Northend,0,9,2,0.0,0.2222222222222222
Norde,0,5,0,0.0,0.0
Norah Jones,0,10,0,0.0,0.0
La Secta,0,5,1,0.0,0.2
Lady Bee,0,18,4,0.0,0.2222222222222222
Lady Antebellum,0,11,2,0.0,0.18181818181818182
La Capone,0,8,0,0.0,0.0
LX,0,3,0,0.0,0.0
LVDS,0,3,1,0.0,0.3333333333333333
LUCY,0,9,1,0.0,0.1111111111111111
LUCKY TAPES,0,23,3,0.0,0.13043478260869565
LU KALA,0,3,1,0.0,0.3333333333333333
Nuria Saba,0,6,0,0.0,0.0
Nu Aspect,0,7,0,0.0,0.0
Novoa,0,8,0,0.0,0.0
Novalima,0,5,0,0.0,0.0
La+ch,0,7,0,0.0,0.0
La Suite,0,8,1,0.0,0.125
Lagum,0,11,4,0.0,0.36363636363636365
Julia Medina,0,10,0,0.0,0.0
Juju,0,6,0,0.0,0.0
Juhn,0,15,0,0.0,0.0
Jorge Blanco,0,9,1,0.0,0.1111111111111111
Jordan Pruitt,0,7,0,0.0,0.0
Phoria,0,3,1,0.0,0.3333333333333333
Phony Ppl,0,9,0,0.0,0.0
Phoebe Bridgers,0,4,1,0.0,0.25
Phillipi & Rodrigo,0,8,0,0.0,0.0
Phil Dee,0,4,0,0.0,0.0
Joseph Tilley,0,3,0,0.0,0.0
Joules,0,12,1,0.0,0.08333333333333333
Joni Haastrup,0,14,1,0.0,0.07142857142857142
Kenneth G,0,5,1,0.0,0.2
Pilot,0,6,1,0.0,0.16666666666666666
Pillows,0,13,2,0.0,0.15384615384615385
Pietro Lombardi,0,8,1,0.0,0.125
Pieter Ellis,0,10,1,0.0,0.1
Piet van Dongen,0,10,0,0.0,0.0
Piem,0,7,3,0.0,0.42857142857142855
Pickle,0,13,0,0.0,0.0
Picco,0,11,3,0.0,0.2727272727272727
Pia Mia,0,21,1,0.0,0.047619047619047616
Josef Og Elias,0,6,3,0.0,0.5
Jose Carlos Garcia,0,3,1,0.0,0.3333333333333333
Jorge Gill,0,7,0,0.0,0.0
Jon Secada,0,11,1,0.0,0.09090909090909091
Pimp C,0,5,1,0.0,0.2
Percance,0,5,3,0.0,0.6
People Like Us,0,14,0,0.0,0.0
Penthox,0,5,1,0.0,0.2
Pengwin,0,5,3,0.0,0.6
Junkyard Drive,0,10,0,0.0,0.0
Junior Sanchez,0,8,1,0.0,0.125
Jungle Animals,0,7,0,0.0,0.0
June Jissle,0,5,2,0.0,0.4
Jé Santiago,0,8,1,0.0,0.125
JØRD,0,6,0,0.0,0.0
Juyen Sebulba,0,3,0,0.0,0.0
Jubël,0,5,1,0.0,0.2
Pete Townshend,0,8,0,0.0,0.0
Peter Luts,0,4,1,0.0,0.25
Pete Philly & Perquisite,0,13,2,0.0,0.15384615384615385
Pete Perignon,0,7,1,0.0,0.14285714285714285
Pete Heller,0,8,0,0.0,0.0
Pesho,0,4,0,0.0,0.0
Perturbator,0,6,0,0.0,0.0
Julie Myers,0,9,1,0.0,0.1111111111111111
Julie Bergan,0,9,0,0.0,0.0
Julian Perretta,0,12,3,0.0,0.25
Jota Y Leo,0,10,2,0.0,0.2
Juan Rios,0,8,1,0.0,0.125
Joyce Santana,0,7,0,0.0,0.0
Joy Kills Sorrow,0,10,1,0.0,0.1
Phay,0,5,1,0.0,0.2
Pezzner,0,4,1,0.0,0.25
Pete Rock,0,12,3,0.0,0.25
Pomo,0,6,2,0.0,0.3333333333333333
John Clark,0,3,1,0.0,0.3333333333333333
John Belthoff,0,10,0,0.0,0.0
Joey Purp,0,7,2,0.0,0.2857142857142857
Joan Ember,0,5,0,0.0,0.0
Joakim Molitor,0,7,2,0.0,0.2857142857142857
Joaco Terán,0,6,1,0.0,0.16666666666666666
Joachim L,0,7,2,0.0,0.2857142857142857
Joachim Garraud,0,9,0,0.0,0.0
Prem Dhillon,0,6,1,0.0,0.16666666666666666
Praizee,0,5,0,0.0,0.0
Power Supply,0,3,1,0.0,0.3333333333333333
Power Peralta,0,6,1,0.0,0.16666666666666666
Jon Hopkins,0,9,0,0.0,0.0
Jmss,0,7,0,0.0,0.0
Jive Me,0,10,1,0.0,0.1
Jiory,0,7,1,0.0,0.14285714285714285
Jimmy Sabater,0,9,2,0.0,0.2222222222222222
Jimmy Clash,0,9,2,0.0,0.2222222222222222
Jimmie Vaughan,0,6,0,0.0,0.0
Jimilian,0,11,0,0.0,0.0
Jim James,0,10,1,0.0,0.1
Prison,0,6,0,0.0,0.0
Princesa Alba,0,5,2,0.0,0.4
Prince Kane,0,3,0,0.0,0.0
Primo Son,0,4,0,0.0,0.0
Prigida,0,3,1,0.0,0.3333333333333333
Power Glove,0,9,1,0.0,0.1111111111111111
Piélago,0,9,0,0.0,0.0
Pink Sweat$,0,32,1,0.0,0.03125
Pink Martini,0,1,3,0.0,3.0
Pineapple StormTv,0,18,1,0.0,0.05555555555555555
Jordan Burns,0,7,0,0.0,0.0
Joomanji,0,8,0,0.0,0.0
Jonth,0,4,2,0.0,0.5
Jonny Lang,0,9,0,0.0,0.0
John Denver,0,17,0,0.0,0.0
Johnny Hates Jazz,0,12,0,0.0,0.0
Johnnie Floss,0,6,0,0.0,0.0
John Travolta,0,10,1,0.0,0.1
John The Blind,0,9,2,0.0,0.2222222222222222
Pompeya,0,13,1,0.0,0.07692307692307693
Pk,0,13,1,0.0,0.07692307692307693
Jonas Langer,0,2,0,0.0,0.0
Joey Busse,0,5,0,0.0,0.0
Polo Montañez,0,13,1,0.0,0.07692307692307693
Polaris,0,3,1,0.0,0.3333333333333333
Pol Del Sur,0,8,2,0.0,0.25
Poison Clan,0,5,0,0.0,0.0
John Nonny,0,15,0,0.0,0.0
John Lee Hooker,0,3,0,0.0,0.0
John Hartford,0,6,3,0.0,0.5
Joe Jackson,0,3,0,0.0,0.0
Joe Arroyo,0,12,1,0.0,0.08333333333333333
Poolside,0,13,4,0.0,0.3076923076923077
Ponzu Island,0,9,0,0.0,0.0
Plastiscines,0,5,3,0.0,0.6
Pantac,0,11,0,0.0,0.0
Panama,0,3,3,0.0,1.0
Pam Sengh,0,9,1,0.0,0.1111111111111111
Palmertrees,0,2,1,0.0,0.5
Palm Vision,0,8,1,0.0,0.125
Pallas,0,7,2,0.0,0.2857142857142857
Pale,0,9,0,0.0,0.0
Ke Personajes,0,7,0,0.0,0.0
Kazy Lambist,0,15,4,0.0,0.26666666666666666
Kazura,0,6,1,0.0,0.16666666666666666
Kay Slice,0,10,0,0.0,0.0
Karma Kid,0,11,0,0.0,0.0
Karlos Rosé,0,9,2,0.0,0.2222222222222222
Perquisite,0,2,0,0.0,0.0
Karim Mika,0,9,2,0.0,0.2222222222222222
Karibe Orquesta,0,20,2,0.0,0.1
Kari Faux,0,2,2,0.0,1.0
Papichamp,0,8,0,0.0,0.0
Paolo Pellegrino,0,9,2,0.0,0.2222222222222222
Pantera,0,5,0,0.0,0.0
Kate Candela,0,13,2,0.0,0.15384615384615385
Katashi Kaitō,0,7,2,0.0,0.2857142857142857
Kat Holland,0,9,1,0.0,0.1111111111111111
Kany Garcia,0,4,0,0.0,0.0
Kamp!,0,8,1,0.0,0.125
Kambi,0,6,1,0.0,0.16666666666666666
Particle House,0,7,1,0.0,0.14285714285714285
Karkara,0,6,2,0.0,0.3333333333333333
Kennedy Jones,0,7,0,0.0,0.0
PNAU,0,3,1,0.0,0.3333333333333333
PLVTINUM,0,13,2,0.0,0.15384615384615385
PJ Morton,0,9,1,0.0,0.1111111111111111
PAST,0,5,2,0.0,0.4
PARTY SHIRT,0,7,2,0.0,0.2857142857142857
Kevin Lavitt,0,12,0,0.0,0.0
Ken Takano,0,10,0,0.0,0.0
Kemo The Blaxican,0,8,0,0.0,0.0
Kelypso,0,10,1,0.0,0.1
Kelmitt,0,6,0,0.0,0.0
PYRMDPLAZA,0,12,0,0.0,0.0
PWR CPL,0,8,1,0.0,0.125
Kasta,0,7,2,0.0,0.2857142857142857
PULLER,0,3,0,0.0,0.0
PRODUCE 48,0,7,0,0.0,0.0
Ketama,0,7,1,0.0,0.14285714285714285
Kenza Blanka,0,10,0,0.0,0.0
Kay One,0,5,1,0.0,0.2
Kavinsky,0,3,0,0.0,0.0
Kausion,0,9,0,0.0,0.0
Palaye Royale,0,11,0,0.0,0.0
Paky,0,6,1,0.0,0.16666666666666666
Paige,0,8,0,0.0,0.0
Pac Div,0,8,3,0.0,0.375
Pablo López,0,9,0,0.0,0.0
Pablo Dueñas,0,7,0,0.0,0.0
Keith Washington,0,6,0,0.0,0.0
PVRIS,0,5,2,0.0,0.4
Paul Stanley,0,9,3,0.0,0.3333333333333333
Paul Ritch,0,9,2,0.0,0.2222222222222222
Paul Laurence,0,4,0,0.0,0.0
Paul Johnson,0,5,2,0.0,0.4
KT Tunstall,0,4,2,0.0,0.5
KRYPTO9095,0,8,1,0.0,0.125
KRU172,0,3,0,0.0,0.0
KASIMIR1441,0,9,0,0.0,0.0
KALEO,0,18,1,0.0,0.05555555555555555
KAKTOV,0,13,0,0.0,0.0
KAJ,0,9,2,0.0,0.2222222222222222
KAATO,0,11,1,0.0,0.09090909090909091
Peachy!,0,8,1,0.0,0.125
Parra for Cuva,0,4,2,0.0,0.5
KEVVO,0,17,2,0.0,0.11764705882352941
KEV,0,6,0,0.0,0.0
KESI,0,12,2,0.0,0.16666666666666666
Justin Jesso,0,9,0,0.0,0.0
Penguin Prison,0,24,1,0.0,0.041666666666666664
Peita,0,8,0,0.0,0.0
Pedro Capó,0,19,1,0.0,0.05263157894736842
K7,0,5,0,0.0,0.0
K3L,0,8,1,0.0,0.125
K.Flay,0,14,2,0.0,0.14285714285714285
K-Y-O,0,4,1,0.0,0.25
KAZZANOVA,0,15,1,0.0,0.06666666666666667
Julian Kerins,0,9,0,0.0,0.0
KHEMIS,0,7,0,0.0,0.0
Parquet Courts,0,7,1,0.0,0.14285714285714285
Parkway Drive,0,9,2,0.0,0.2222222222222222
Paris Music,0,8,1,0.0,0.125
Pardison Fontaine,0,19,1,0.0,0.05263157894736842
Paraleven,0,10,0,0.0,0.0
Kasabian,0,11,0,0.0,0.0
Kajagoogoo,0,5,2,0.0,0.4
Kaian Muniz,0,12,2,0.0,0.16666666666666666
Pasto Flocco,0,2,1,0.0,0.5
Pashanim,0,9,1,0.0,0.1111111111111111
Karan Aujlaa,0,4,1,0.0,0.25
Karamar,0,1,0,0.0,0.0
Kaptan,0,5,1,0.0,0.2
Paul Wall,0,8,2,0.0,0.25
Paul Butcher,0,13,0,0.0,0.0
Pau Muro,0,10,1,0.0,0.1
Paty Cantú,0,11,3,0.0,0.2727272727272727
Patrick Hagenaar,0,10,2,0.0,0.2
Patrice,0,7,0,0.0,0.0
Kacey Musgraves,0,3,1,0.0,0.3333333333333333
Kabe,0,17,4,0.0,0.23529411764705882
Kaash Paige,0,6,0,0.0,0.0
KaZo,0,5,1,0.0,0.2
KYOTI,0,7,0,0.0,0.0
KEN THE 390,0,11,0,0.0,0.0
KDrew,0,7,2,0.0,0.2857142857142857
KBM,0,15,0,0.0,0.0
Paul van Dyk,0,7,0,0.0,0.0
Kaotix,0,5,1,0.0,0.2
Majical Cloudz,0,7,0,0.0,0.0
Majed Al Esa,0,10,0,0.0,0.0
MaisonDe,0,6,1,0.0,0.16666666666666666
Maiara & Maraisa,0,9,2,0.0,0.2222222222222222
Mahogany Jones,0,7,0,0.0,0.0
Miliyah,0,7,0,0.0,0.0
Miles Casper,0,8,1,0.0,0.125
Mile Twelve,0,11,3,0.0,0.2727272727272727
Milano The Don,0,9,1,0.0,0.1111111111111111
Mahan Moin,0,4,1,0.0,0.25
Mahalo,0,3,1,0.0,0.3333333333333333
Maha Quest,0,10,0,0.0,0.0
Magnificence,0,26,4,0.0,0.15384615384615385
"Lee ""Shot"" Williams",0,6,4,0.0,0.6666666666666666
Magnate,0,6,0,0.0,0.0
Magic Sword,0,4,1,0.0,0.25
Magic Man,0,9,1,0.0,0.1111111111111111
Milly Quezada,0,2,1,0.0,0.5
Milli,0,10,2,0.0,0.2
Milk for Two,0,8,0,0.0,0.0
Makes My Blood Dance,0,11,1,0.0,0.09090909090909091
Maes,0,9,0,0.0,0.0
Madson Project.,0,7,1,0.0,0.14285714285714285
Madsen,0,4,1,0.0,0.25
Madlib,0,6,0,0.0,0.0
Mishaal,0,10,2,0.0,0.2
Miscél,0,6,0,0.0,0.0
Magneto,0,14,3,0.0,0.21428571428571427
Mane de la Parra,0,4,0,0.0,0.0
Mando,0,14,0,0.0,0.0
Mandi Macias,0,6,2,0.0,0.3333333333333333
Midget Loco,0,5,1,0.0,0.2
Micro Tdh,0,34,2,0.0,0.058823529411764705
Mickey Then,0,7,2,0.0,0.2857142857142857
Mickey 3d,0,5,2,0.0,0.4
Manwolves,0,12,1,0.0,0.08333333333333333
Mantronix,0,6,1,0.0,0.16666666666666666
Malow Mac,0,29,2,0.0,0.06896551724137931
Malo,0,12,1,0.0,0.08333333333333333
Mallory Merk,0,4,1,0.0,0.25
Mike Cervello,0,10,0,0.0,0.0
Majid Jordan,0,29,6,0.0,0.20689655172413793
Mija,0,4,0,0.0,0.0
Miguel Dias,0,3,1,0.0,0.3333333333333333
Midtown Jack,0,7,1,0.0,0.14285714285714285
Midsplit,0,9,0,0.0,0.0
Midoracks,0,7,0,0.0,0.0
Mankirt Aulakh,0,6,0,0.0,0.0
Miki Ratsula,0,4,1,0.0,0.25
Miki Howard,0,4,2,0.0,0.5
Mikey A,0,9,0,0.0,0.0
Mike Zombie,0,8,0,0.0,0.0
Mike Stanley,0,7,0,0.0,0.0
Malibu,0,12,1,0.0,0.08333333333333333
Man Parrish,0,13,1,0.0,0.07692307692307693
Majik,0,8,2,0.0,0.25
Mike Casey,0,7,1,0.0,0.14285714285714285
MRKIZ,0,4,0,0.0,0.0
MOÜGLI,0,2,0,0.0,0.0
Molife,0,8,0,0.0,0.0
Moli,0,9,1,0.0,0.1111111111111111
Molars,0,9,0,0.0,0.0
Moja xx,0,4,1,0.0,0.25
Moish,0,9,1,0.0,0.1111111111111111
Machine Gunners,0,6,1,0.0,0.16666666666666666
Machel Montano,0,11,3,0.0,0.2727272727272727
MESSIAH!,0,8,2,0.0,0.25
Montel Jordan,0,5,1,0.0,0.2
Monolink,0,6,0,0.0,0.0
Monma,0,11,2,0.0,0.18181818181818182
Mischa Daniels,0,12,2,0.0,0.16666666666666666
MOSKA,0,11,1,0.0,0.09090909090909091
MOE KI,0,7,0,0.0,0.0
MIST,0,3,1,0.0,0.3333333333333333
MISSIO,0,8,2,0.0,0.25
MC JottaPê,0,13,1,0.0,0.07692307692307693
MC Gustta,0,4,1,0.0,0.25
MC Gkimpakos,0,7,1,0.0,0.14285714285714285
Moonkey,0,1,1,0.0,1.0
Moonfall,0,12,0,0.0,0.0
MIMO,0,2,4,0.0,2.0
MILCK,0,7,0,0.0,0.0
MIKE,0,23,0,0.0,0.0
MHD,0,12,0,0.0,0.0
Monica Casagrande,0,5,1,0.0,0.2
Miranda Cosgrove,0,8,4,0.0,0.5
Minnie Riperton,0,5,1,0.0,0.2
Mada,0,9,1,0.0,0.1111111111111111
Mad Crow,0,6,0,0.0,0.0
Macy Martin,0,9,0,0.0,0.0
Macy Gray,0,2,1,0.0,0.5
Mackieaveliko,0,8,5,0.0,0.625
Miyo,0,13,0,0.0,0.0
MiyaGi & Endspiel,0,6,2,0.0,0.3333333333333333
MiyaGi,0,7,1,0.0,0.14285714285714285
Mitú,0,12,1,0.0,0.08333333333333333
Mitzi,0,8,1,0.0,0.125
Mitchel Musso,0,10,1,0.0,0.1
MW Vibes,0,7,0,0.0,0.0
Miss Kill,0,5,2,0.0,0.4
Macaco,0,2,1,0.0,0.5
Mac DeMarco,0,20,4,0.0,0.2
Mabryx,0,12,0,0.0,0.0
Maarten de Jong,0,7,1,0.0,0.14285714285714285
Moh Flow,0,7,0,0.0,0.0
Moe Dollaz,0,9,0,0.0,0.0
Modo Diablo,0,7,0,0.0,0.0
Modhayan,0,17,0,0.0,0.0
Mo Thugs,0,5,0,0.0,0.0
Mlodyskiny,0,7,3,0.0,0.42857142857142855
MadeinTYO,0,17,1,0.0,0.058823529411764705
Madden,0,2,1,0.0,0.5
MINST,0,6,0,0.0,0.0
Mister One,0,5,1,0.0,0.2
Maze,0,16,0,0.0,0.0
Massface,0,6,0,0.0,0.0
Maski & Banga,0,3,0,0.0,0.0
Megaloh,0,3,1,0.0,0.3333333333333333
Megabeat,0,12,0,0.0,0.0
Medhane,0,11,0,0.0,0.0
Me & My,0,6,0,0.0,0.0
McKlopedia,0,7,1,0.0,0.14285714285714285
Matt Quentin,0,16,3,0.0,0.1875
Matt Moore,0,11,1,0.0,0.09090909090909091
Matstubs,0,8,3,0.0,0.375
Matisse,0,14,1,0.0,0.07142857142857142
Mathilda Homer,0,6,1,0.0,0.16666666666666666
Mangabey,0,8,2,0.0,0.25
Masakoi,0,6,1,0.0,0.16666666666666666
María y José,0,4,1,0.0,0.25
María Parrado,0,5,0,0.0,0.0
María Caneda,0,6,0,0.0,0.0
Mellow Fellow,0,10,1,0.0,0.1
Melleefresh,0,12,0,0.0,0.0
Megastylez,0,8,1,0.0,0.125
Megarock Hits,0,11,0,0.0,0.0
Matheus Queiroz,0,13,2,0.0,0.15384615384615385
Mat.Joe,0,5,0,0.0,0.0
Mastodon,0,12,3,0.0,0.25
Mastermind,0,7,2,0.0,0.2857142857142857
Masta Ace Incorporated,0,5,1,0.0,0.2
Mashmex,0,4,1,0.0,0.25
Тихон Новокузнецкий,0,5,5,0.0,1.0
広瀬大地,0,7,1,0.0,0.14285714285714285
片寄涼太,0,10,1,0.0,0.1
3 Years Hollow,0,7,0,0.0,0.0
2 Man Embassy,0,11,0,0.0,0.0
2 Hyped Brothers & A Dog,0,5,0,0.0,0.0
真之介,0,8,1,0.0,0.125
!!!,0,16,2,0.0,0.125
$IFRA,0,4,1,0.0,0.25
2 Eivissa,0,16,1,0.0,0.0625
xJK.,0,10,0,0.0,0.0
why mona,0,11,0,0.0,0.0
vicrossor,0,8,0,0.0,0.0
Mazoulew,0,10,2,0.0,0.2
4B,0,5,1,0.0,0.2
38 Special,0,21,2,0.0,0.09523809523809523
3582,0,7,0,0.0,0.0
(G)I-DLE,0,5,0,0.0,0.0
Mattia Pironti,0,5,2,0.0,0.4
Matthew Nash,0,7,1,0.0,0.14285714285714285
Matthew Mole,0,7,0,0.0,0.0
Matthew Miller,0,6,2,0.0,0.3333333333333333
"Matthew ""Mdot"" Finley",0,8,3,0.0,0.375
Matter Of Tact,0,3,1,0.0,0.3333333333333333
Matt Watkins,0,7,1,0.0,0.14285714285714285
Mc Rebecca,0,8,0,0.0,0.0
Mc Leo da Baixada,0,10,0,0.0,0.0
Maître Gims,0,13,1,0.0,0.07692307692307693
um..,0,10,0,0.0,0.0
Marielle Hazlo,0,8,0,0.0,0.0
Marlowe,0,9,0,0.0,0.0
MarllDexx,0,4,1,0.0,0.25
Marcus & Martinus,0,6,0,0.0,0.0
Marco Mengoni,0,11,0,0.0,0.0
Marco McKinnis,0,9,1,0.0,0.1111111111111111
Michael June,0,3,1,0.0,0.3333333333333333
Michael Brun,0,23,3,0.0,0.13043478260869565
Michael Anthony,0,14,2,0.0,0.14285714285714285
Marian Hill,0,2,0,0.0,0.0
Maria Hazell,0,7,1,0.0,0.14285714285714285
Maria Daniela Y Su Sonido Lasser,0,5,0,0.0,0.0
Mari Louis,0,5,1,0.0,0.2
Martin Miller,0,1,1,0.0,1.0
Margaret Durante,0,12,1,0.0,0.08333333333333333
Manny,0,9,1,0.0,0.1111111111111111
Marcia Griffiths,0,9,2,0.0,0.2222222222222222
Marc Korn,0,10,0,0.0,0.0
Marc Kiss,0,8,1,0.0,0.125
Mick Flannery,0,8,0,0.0,0.0
Michel'le,0,13,0,0.0,0.0
Michaell D,0,8,2,0.0,0.25
Michael Shynes,0,6,1,0.0,0.16666666666666666
Michael Patrick Kelly,0,6,1,0.0,0.16666666666666666
Marcus Muscogee,0,11,3,0.0,0.2727272727272727
Marcus Bornold,0,5,0,0.0,0.0
Manic Twister,0,12,1,0.0,0.08333333333333333
Marginal Supply,0,11,2,0.0,0.18181818181818182
Martin Hygard,0,7,3,0.0,0.42857142857142855
Merchant,0,5,2,0.0,0.4
Mercer,0,16,1,0.0,0.0625
Meno Tody,0,29,2,0.0,0.06896551724137931
Mennska,0,6,0,0.0,0.0
Menace ll Society,0,10,0,0.0,0.0
Men of Vizion,0,3,3,0.0,1.0
Melvin Ayala,0,7,1,0.0,0.14285714285714285
Marky Mark And The Funky Bunch,0,8,1,0.0,0.125
Markus Klee,0,11,1,0.0,0.09090909090909091
Marko Silva,0,9,2,0.0,0.2222222222222222
Mark Sixma,0,17,2,0.0,0.11764705882352941
Metronomy,0,9,2,0.0,0.2222222222222222
Marina Yers,0,3,1,0.0,0.3333333333333333
Messiah,0,7,1,0.0,0.14285714285714285
Marsha Ambrosius,0,8,1,0.0,0.125
Mars Today,0,11,0,0.0,0.0
Marrakesh,0,7,1,0.0,0.14285714285714285
Marracash,0,10,1,0.0,0.1
Marnage,0,11,0,0.0,0.0
Maren Morris,0,10,1,0.0,0.1
Maredatruth,0,9,0,0.0,0.0
Marcy Playground,0,8,0,0.0,0.0
Michael Aasen,0,4,0,0.0,0.0
Micha Moor,0,8,1,0.0,0.125
Mg Poet,0,7,2,0.0,0.2857142857142857
Metrush,0,4,0,0.0,0.0
Mario Guerrero,0,11,0,0.0,0.0
Metodi Hristov,0,12,1,0.0,0.08333333333333333
Ljung,0,9,1,0.0,0.1111111111111111
Living Legends,0,17,3,0.0,0.17647058823529413
Live,0,10,1,0.0,0.1
Liv Warfield,0,8,0,0.0,0.0
Liv Dawson,0,12,1,0.0,0.08333333333333333
LittleKings,0,5,0,0.0,0.0
Little el Crack,0,12,0,0.0,0.0
Little Richard,0,4,0,0.0,0.0
Nayobe,0,8,1,0.0,0.125
Navv Inder,0,2,0,0.0,0.0
Nature Sounds Nature Music,0,6,2,0.0,0.3333333333333333
Nature Sounds,0,7,0,0.0,0.0
Nathy Peluso,0,26,2,0.0,0.07692307692307693
M3:LO,0,7,2,0.0,0.2857142857142857
Lissat,0,5,2,0.0,0.4
Lisbon,0,6,1,0.0,0.16666666666666666
Lisa Shaw,0,11,1,0.0,0.09090909090909091
Neha Kakkar,0,4,0,0.0,0.0
Neelo,0,11,0,0.0,0.0
Nebraska,0,9,0,0.0,0.0
Nebbra,0,12,0,0.0,0.0
Lizandra,0,10,0,0.0,0.0
Lime Cordiale,0,13,1,0.0,0.07692307692307693
Limahl,0,6,1,0.0,0.16666666666666666
Neon Feather,0,9,0,0.0,0.0
Neneh Cherry,0,6,1,0.0,0.16666666666666666
Nena,0,22,4,0.0,0.18181818181818182
Linear,0,9,0,0.0,0.0
Naked Eyes,0,8,2,0.0,0.25
Naira Marley,0,9,2,0.0,0.2222222222222222
Nafthaly Ramona,0,9,0,0.0,0.0
Naffar,0,7,0,0.0,0.0
Loom:ngs,0,6,1,0.0,0.16666666666666666
Look Project DJ,0,9,1,0.0,0.1111111111111111
Lonely The Brave,0,6,2,0.0,0.3333333333333333
London Grammar,0,7,0,0.0,0.0
Lizz Wright,0,7,0,0.0,0.0
Loka,0,11,0,0.0,0.0
Logan Pollard,0,1,0,0.0,0.0
Loco Escrito,0,8,0,0.0,0.0
Local Sound,0,5,3,0.0,0.6
Lloyd Cole,0,6,0,0.0,0.0
LoNaranjaDeLaLuz,0,9,2,0.0,0.2222222222222222
Natalie Cole,0,4,0,0.0,0.0
Natalia Jiménez,0,9,0,0.0,0.0
Natali Felicia,0,6,1,0.0,0.16666666666666666
Nat King Cole,0,6,0,0.0,0.0
Narada Michael Walden,0,3,2,0.0,0.6666666666666666
Napkey,0,2,1,0.0,0.5
Nathassia,0,10,1,0.0,0.1
Nathaniel Stewart,0,3,0,0.0,0.0
Nathan Grisdale,0,8,0,0.0,0.0
Natan El Profeta,0,7,0,0.0,0.0
Natalie Imbruglia,0,9,1,0.0,0.1111111111111111
Lluvia del Bosque,0,5,2,0.0,0.4
Lloyd Cole and the Commotions,0,8,1,0.0,0.125
LoaX,0,11,0,0.0,0.0
Ni Munhoz,0,6,2,0.0,0.3333333333333333
Nhyx,0,15,1,0.0,0.06666666666666667
Lia Marquis,0,5,1,0.0,0.2
Leslie Odom Jr.,0,16,1,0.0,0.0625
Leslie Grace,0,12,2,0.0,0.16666666666666666
Lescop,0,6,0,0.0,0.0
Les Gordon,0,6,1,0.0,0.16666666666666666
Les Deux Love Orchestra,0,7,1,0.0,0.14285714285714285
Leoni Torres,0,19,2,0.0,0.10526315789473684
Nicola Cruz,0,6,0,0.0,0.0
Nico Vega,0,12,1,0.0,0.08333333333333333
Nick Strand,0,6,1,0.0,0.16666666666666666
Nick Marcus,0,8,1,0.0,0.125
Nell Widmer,0,4,0,0.0,0.0
Lewis Monbarn,0,4,1,0.0,0.25
Lewis Del Mar,0,8,2,0.0,0.25
Lemonface,0,8,1,0.0,0.125
Night Moves,0,6,0,0.0,0.0
Night Cap,0,17,1,0.0,0.058823529411764705
Niconé,0,7,0,0.0,0.0
Nicole Scherzinger,0,8,1,0.0,0.125
Nicole Chambers,0,9,1,0.0,0.1111111111111111
Nicolas Nerva,0,6,1,0.0,0.16666666666666666
Nicolas Jaar,0,5,1,0.0,0.2
Letters To Cleo,0,8,0,0.0,0.0
Leslie Shaw,0,8,1,0.0,0.125
Lee Fields,0,10,1,0.0,0.1
Lexi Todd,0,11,1,0.0,0.09090909090909091
Lisa LeBlanc,0,7,0,0.0,0.0
Lisa Gey,0,2,1,0.0,0.5
Lipps Inc.,0,10,2,0.0,0.2
Linier,0,5,2,0.0,0.4
Lil Toe,0,4,0,0.0,0.0
Lil Skies,0,14,1,0.0,0.07142857142857142
Lil Silvio & El Vega,0,11,2,0.0,0.18181818181818182
New Radicals,0,6,2,0.0,0.3333333333333333
New Model Army,0,10,1,0.0,0.1
New Medicine,0,8,2,0.0,0.25
Neto Reyno,0,4,1,0.0,0.25
Neto Peña,0,13,0,0.0,0.0
Lindsey Stirling,0,29,3,0.0,0.10344827586206896
Nice & Smooth,0,6,2,0.0,0.3333333333333333
Lil Blacky,0,8,2,0.0,0.25
Lights Of Euphoria,0,6,1,0.0,0.16666666666666666
Newday,0,11,1,0.0,0.09090909090909091
Newcleus,0,10,1,0.0,0.1
New World Sound,0,35,7,0.0,0.2
New Vegas,0,5,1,0.0,0.2
Lil Menace,0,6,0,0.0,0.0
Lil Uno,0,7,1,0.0,0.14285714285714285
Leventina,0,14,0,0.0,0.0
Leven Kali,0,10,0,0.0,0.0
Nick Luebke,0,8,0,0.0,0.0
Nick Kamen,0,13,1,0.0,0.07692307692307693
Nick Hames,0,7,1,0.0,0.14285714285714285
Nick Broadhurst,0,5,1,0.0,0.2
Lindsay Lohan,0,13,2,0.0,0.15384615384615385
M O P,0,12,0,0.0,0.0
M Huncho,0,7,5,0.0,0.7142857142857143
Lyfe Jennings,0,10,2,0.0,0.2
Lyente,0,7,0,0.0,0.0
LxngCat,0,8,1,0.0,0.125
Lvne,0,11,2,0.0,0.18181818181818182
Luz Pinos,0,6,1,0.0,0.16666666666666666
Luuk Van Dijk,0,7,2,0.0,0.2857142857142857
Luude,0,7,0,0.0,0.0
Mudvayne,0,4,2,0.0,0.5
Muddy Waters,0,11,0,0.0,0.0
Mudd Bughatti,0,4,1,0.0,0.25
Mster Gab,0,6,2,0.0,0.3333333333333333
Nancy Fletcher,0,9,1,0.0,0.1111111111111111
Luna Shadows,0,13,1,0.0,0.07692307692307693
Lulleaux,0,17,0,0.0,0.0
Muskoka,0,4,2,0.0,0.5
Murdbrain,0,11,0,0.0,0.0
Munch,0,9,2,0.0,0.2222222222222222
Lyn Collins,0,8,0,0.0,0.0
Lylos,0,5,2,0.0,0.4
"Lukrative, hyperforms, COSMIC, Night Grind, Noax, SYNC, vowl., NOIXES",0,8,2,0.0,0.25
Luke Helmond,0,9,2,0.0,0.2222222222222222
Luke Coulson,0,4,3,0.0,0.75
Luke Bryan,0,17,2,0.0,0.11764705882352941
Luke Bond,0,8,0,0.0,0.0
Mylky,0,5,1,0.0,0.2
Ms Nina,0,6,3,0.0,0.5
MC Eiht,0,7,1,0.0,0.14285714285714285
MATH,0,4,1,0.0,0.25
MASE,0,5,0,0.0,0.0
Mosh36,0,5,0,0.0,0.0
Mosby & Stinson,0,8,0,0.0,0.0
Morphine,0,5,0,0.0,0.0
Morgan Saint,0,11,0,0.0,0.0
MC Loma e As Gêmeas Lacração,0,4,1,0.0,0.25
MC Kevin o Chris,0,13,2,0.0,0.15384615384615385
Lérica,0,25,0,0.0,0.0
Mr Jham,0,9,0,0.0,0.0
Mr Eazi,0,11,1,0.0,0.09090909090909091
Moussa Doumbia,0,6,2,0.0,0.3333333333333333
M.O.P.,0,6,0,0.0,0.0
Motionless In White,0,18,1,0.0,0.05555555555555555
MARIA,0,7,1,0.0,0.14285714285714285
MADDOW,0,9,0,0.0,0.0
MAD M.A.C.,0,7,1,0.0,0.14285714285714285
MACHADO,0,4,1,0.0,0.25
Mr. Popular,0,5,1,0.0,0.2
Mr. Mister,0,19,1,0.0,0.05263157894736842
Mr. Mike,0,26,1,0.0,0.038461538461538464
Mr. Knightowl,0,12,4,0.0,0.3333333333333333
Mr. Da-Nos,0,4,0,0.0,0.0
Mr. Collage,0,12,0,0.0,0.0
Mr. Capo Los Presents…,0,8,0,0.0,0.0
Mr. Brackets,0,3,0,0.0,0.0
Mr Tropical,0,5,1,0.0,0.2
Mott The Hoople,0,13,0,0.0,0.0
NANG,0,10,0,0.0,0.0
NAIZA,0,11,1,0.0,0.09090909090909091
N3WPORT,0,5,1,0.0,0.2
Loverboy,0,10,4,0.0,0.4
LoveLeo,0,9,1,0.0,0.1111111111111111
Love and Rockets,0,6,1,0.0,0.16666666666666666
Los Espiritus,0,5,3,0.0,0.6
Los Cadillac's,0,7,1,0.0,0.14285714285714285
NIMMO,0,5,0,0.0,0.0
NIKI,0,2,0,0.0,0.0
Lou Ella,0,12,2,0.0,0.16666666666666666
Lou Bega,0,13,1,0.0,0.07692307692307693
Lost Years,0,2,1,0.0,0.5
My Buddy Mike,0,6,0,0.0,0.0
Los Aguas Aguas,0,3,0,0.0,0.0
Lorn,0,2,2,0.0,1.0
Lorena Blume,0,7,0,0.0,0.0
Loredana,0,9,0,0.0,0.0
Nadia Grace,0,10,2,0.0,0.2
Nada Surf,0,11,0,0.0,0.0
NaBrisa,0,5,1,0.0,0.2
NONDO,0,10,3,0.0,0.3
Los Rabanes,0,7,1,0.0,0.14285714285714285
Los Hitmen,0,7,0,0.0,0.0
Los Hijos Del Pueblo,0,11,2,0.0,0.18181818181818182
Nano Cabrera,0,5,1,0.0,0.2
Nancy Martinez,0,5,0,0.0,0.0
Lost My Name,0,4,2,0.0,0.5
Musqitone,0,4,1,0.0,0.25
Luther Ingram,0,6,1,0.0,0.16666666666666666
Lustra,0,7,1,0.0,0.14285714285714285
Luscious-235,0,7,3,0.0,0.42857142857142855
Lusca061,0,9,2,0.0,0.2222222222222222
Luccas Carlos,0,5,0,0.0,0.0
Luis DH,0,6,0,0.0,0.0
Luh Kel,0,25,2,0.0,0.08
Ludomir,0,8,1,0.0,0.125
Ludmilla,0,9,3,0.0,0.3333333333333333
Lucy Dacus,0,16,1,0.0,0.0625
Lucus,0,3,0,0.0,0.0
Måns Zelmerlöw,0,10,1,0.0,0.1
NCT 127,0,8,1,0.0,0.125
Myon,0,12,1,0.0,0.08333333333333333
Love Beans,0,6,0,0.0,0.0
Lous and The Yakuza,0,9,1,0.0,0.1111111111111111
Møme,0,9,0,0.0,0.0
Lucas Lucco,0,10,1,0.0,0.1
Lucas Coe,0,5,0,0.0,0.0
Lucah,0,4,1,0.0,0.25
Luca Testa,0,3,0,0.0,0.0
Luca C,0,3,0,0.0,0.0
Lucky Kilimanjaro,0,9,0,0.0,0.0
Luche,0,7,1,0.0,0.14285714285714285
Lost Child,0,3,1,0.0,0.3333333333333333
Lost Chameleon,0,6,0,0.0,0.0
NEEVE,0,3,2,0.0,0.6666666666666666
Myzica,0,9,2,0.0,0.2222222222222222
Shannon K,0,4,1,0.0,0.25
Shannon Chapman,0,6,4,0.0,0.6666666666666666
Shana,0,7,0,0.0,0.0
Shamrock,0,5,1,0.0,0.2
Foy Vance,0,8,3,0.0,0.375
Foxx,0,7,1,0.0,0.14285714285714285
Four Year Strong,0,8,0,0.0,0.0
Fly By Midnight,0,8,0,0.0,0.0
Fly,0,6,2,0.0,0.3333333333333333
Flughand,0,21,2,0.0,0.09523809523809523
Sheek Louch,0,6,1,0.0,0.16666666666666666
Shazalakazoo,0,5,0,0.0,0.0
Shay Lia,0,9,2,0.0,0.2222222222222222
Jodie Abacus,0,7,2,0.0,0.2857142857142857
Sharon Van Etten,0,10,2,0.0,0.2
Format:B,0,8,0,0.0,0.0
Foley,0,11,0,0.0,0.0
Foghat,0,29,2,0.0,0.06896551724137931
Focus the Truth,0,6,1,0.0,0.16666666666666666
Florence + The Machine,0,20,1,0.0,0.05
Flora Martínez,0,6,0,0.0,0.0
Flo & Eddie,0,6,0,0.0,0.0
Fljúga,0,7,0,0.0,0.0
Fliptrix,0,5,1,0.0,0.2
Shinn Yamada,0,6,0,0.0,0.0
Shindy,0,21,1,0.0,0.047619047619047616
Sheryl Crow,0,7,1,0.0,0.14285714285714285
Sharp Man,0,7,0,0.0,0.0
Seramic,0,6,0,0.0,0.0
Fran Lover,0,7,1,0.0,0.14285714285714285
Framing Hanley,0,8,0,0.0,0.0
Fractite,0,7,0,0.0,0.0
Sf Spanish Fly,0,9,2,0.0,0.2222222222222222
Sexto Sentido,0,6,0,0.0,0.0
Sevyn Streeter,0,26,0,0.0,0.0
Sevin,0,7,2,0.0,0.2857142857142857
Sevenn,0,22,0,0.0,0.0
Sevdaliza,0,7,1,0.0,0.14285714285714285
Franky Rizardo,0,6,2,0.0,0.3333333333333333
Frankie Goes To Hollywood,0,16,2,0.0,0.125
Fredo,0,4,4,0.0,1.0
Shark,0,5,0,0.0,0.0
Fortuno,0,7,1,0.0,0.14285714285714285
Fort Minor,0,18,7,0.0,0.3888888888888889
Formell,0,5,1,0.0,0.2
Shaman,0,3,1,0.0,0.3333333333333333
Shaggy,0,17,4,0.0,0.23529411764705882
Sha Mula,0,8,0,0.0,0.0
Sfven,0,9,2,0.0,0.2222222222222222
Frank Cherryman,0,7,0,0.0,0.0
Frank Carter & The Rattlesnakes,0,5,1,0.0,0.2
Frank Brinelle,0,6,1,0.0,0.16666666666666666
Francisca Valenzuela,0,3,3,0.0,1.0
Focus,0,6,1,0.0,0.16666666666666666
Flynn,0,10,4,0.0,0.4
Sharlene,0,9,2,0.0,0.2222222222222222
Fouli,0,13,0,0.0,0.0
Fever Feel,0,15,2,0.0,0.13333333333333333
Ferry Corsten feat. Jenny Wahlstrom,0,5,1,0.0,0.2
Ferreck Dawn,0,10,2,0.0,0.2
Fero47,0,4,0,0.0,0.0
Fermin IV,0,10,0,0.0,0.0
Fer Palacio,0,8,2,0.0,0.25
Femina,0,8,3,0.0,0.375
Faye Webster,0,18,2,0.0,0.1111111111111111
Faye Meana,0,12,1,0.0,0.08333333333333333
Faydee,0,21,3,0.0,0.14285714285714285
Favored Nations,0,5,1,0.0,0.2
Simon Fava,0,4,0,0.0,0.0
Silverstein,0,8,1,0.0,0.125
Нагора,0,9,2,0.0,0.2222222222222222
Silo,0,7,1,0.0,0.14285714285714285
Felon,0,3,0,0.0,0.0
Fella,0,5,1,0.0,0.2
Fatai,0,3,0,0.0,0.0
Fat Joe,0,24,2,0.0,0.08333333333333333
Fat Freddy's Drop,0,8,0,0.0,0.0
Faster Pussycat,0,6,0,0.0,0.0
Siouxsie and the Banshees,0,16,3,0.0,0.1875
Sin Bandera,0,9,0,0.0,0.0
Simpson Ahuevo,0,2,4,0.0,2.0
Simply Red,0,8,1,0.0,0.125
Simon Green,0,6,1,0.0,0.16666666666666666
Fefe Dobson,0,4,1,0.0,0.25
Silvera,0,16,1,0.0,0.0625
Sheppard,0,17,2,0.0,0.11764705882352941
Shenseea,0,7,1,0.0,0.14285714285714285
Flyboiz,0,5,0,0.0,0.0
Firehouse,0,6,2,0.0,0.3333333333333333
Finley Quaye,0,10,0,0.0,0.0
Shuya Okino,0,4,0,0.0,0.0
Shuta Sueyoshi,0,7,1,0.0,0.14285714285714285
Showbiz & A.G.,0,6,0,0.0,0.0
Shiv-R,0,10,2,0.0,0.2
Flipsyde,0,7,0,0.0,0.0
Fletcher Reed,0,6,0,0.0,0.0
Fleet Foxes,0,10,0,0.0,0.0
Flatt Lonesome,0,5,0,0.0,0.0
Sie7e,0,6,2,0.0,0.3333333333333333
Filipek,0,8,0,0.0,0.0
Filipe Catto,0,8,1,0.0,0.125
Sidney Samson & Martin Garrix,0,6,1,0.0,0.16666666666666666
Sidney Housen,0,18,1,0.0,0.05555555555555555
Side Baby,0,6,1,0.0,0.16666666666666666
Shy Glizzy,0,7,1,0.0,0.14285714285714285
Fiya,0,3,3,0.0,1.0
Firewoodisland,0,4,1,0.0,0.25
Felix & Dean,0,7,0,0.0,0.0
Felix,0,6,1,0.0,0.16666666666666666
Felibena,0,3,1,0.0,0.3333333333333333
Feindflug,0,11,0,0.0,0.0
Silencer,0,6,2,0.0,0.3333333333333333
Siks,0,20,3,0.0,0.15
Fine Young Cannibals,0,5,2,0.0,0.4
Geassassin,0,7,1,0.0,0.14285714285714285
San Joe,0,7,0,0.0,0.0
Sammy Milo,0,8,1,0.0,0.125
George Ogilvie,0,7,0,0.0,0.0
Geoffroy,0,8,4,0.0,0.5
Gas Lab,0,7,1,0.0,0.14285714285714285
Gary Numan / Tubeway Army,0,1,2,0.0,2.0
Gary Numan,0,39,1,0.0,0.02564102564102564
Santa Maradona F.C.,0,12,1,0.0,0.08333333333333333
Sansixto,0,4,0,0.0,0.0
Sandy Congendo,0,9,3,0.0,0.3333333333333333
Sandronyc,0,10,1,0.0,0.1
Sandra Lynn,0,11,1,0.0,0.09090909090909091
Sergeant Jay,0,7,0,0.0,0.0
Generation X,0,7,1,0.0,0.14285714285714285
Generation DJ,0,8,0,0.0,0.0
General Public,0,4,0,0.0,0.0
Gabriel Garzón-Montano,0,7,0,0.0,0.0
Gabri V,0,7,1,0.0,0.14285714285714285
GRAVEDGR,0,6,1,0.0,0.16666666666666666
Sasha Keable,0,8,1,0.0,0.125
Sarah Jarosz,0,12,1,0.0,0.08333333333333333
Sara Hartman,0,11,1,0.0,0.09090909090909091
Santoz,0,10,0,0.0,0.0
Gangsta Boo,0,7,1,0.0,0.14285714285714285
"Galante ""El Emperador""",0,10,2,0.0,0.2
G Unit,0,16,2,0.0,0.125
Genessis & Nikki,0,7,1,0.0,0.14285714285714285
Sakurako Ohara,0,9,3,0.0,0.3333333333333333
Saito,0,4,0,0.0,0.0
Saint Punk,0,8,1,0.0,0.125
Gilligan Moss,0,7,1,0.0,0.14285714285714285
Gilli,0,17,0,0.0,0.0
Gilbert O'Sullivan,0,3,2,0.0,0.6666666666666666
Gil Sanders,0,3,0,0.0,0.0
Gigi D'Agostino,0,12,1,0.0,0.08333333333333333
Gerald Levert,0,6,2,0.0,0.3333333333333333
Gepe,0,13,2,0.0,0.15384615384615385
Georgia Dutton,0,5,0,0.0,0.0
Sam Shure,0,3,0,0.0,0.0
Sam & Dave,0,5,0,0.0,0.0
Gemma Ray,0,4,0,0.0,0.0
Ghost like girlfriend,0,11,2,0.0,0.18181818181818182
Ghost Town DJs,0,11,0,0.0,0.0
Ghost Rider,0,7,0,0.0,0.0
Ghost Loft,0,11,1,0.0,0.09090909090909091
Ghost,0,12,2,0.0,0.16666666666666666
Genital Motors,0,9,3,0.0,0.3333333333333333
Genio,0,7,2,0.0,0.2857142857142857
Sammy Boyle,0,8,0,0.0,0.0
Samm Henshaw,0,5,0,0.0,0.0
Samantha Gervasio,0,7,0,0.0,0.0
Sam Tsui,0,9,0,0.0,0.0
Sam Spiegel,0,6,0,0.0,0.0
Sam Sky,0,5,1,0.0,0.2
Getfar,0,4,2,0.0,0.5
Gian Marco,0,28,2,0.0,0.07142857142857142
Fuse ODG,0,18,2,0.0,0.1111111111111111
FreeG,0,8,1,0.0,0.125
Free Nationals,0,8,1,0.0,0.125
Sebastian Park,0,2,1,0.0,0.5
Sebastian Mikael,0,13,2,0.0,0.15384615384615385
Front Country,0,7,2,0.0,0.2857142857142857
Friendzone,0,9,1,0.0,0.1111111111111111
Friends in Tokyo,0,9,0,0.0,0.0
Friday/Dr. Dre,0,10,2,0.0,0.2
Freya Ridings,0,12,1,0.0,0.08333333333333333
Fresh Faces,0,8,1,0.0,0.125
September,0,7,1,0.0,0.14285714285714285
Semisonic,0,3,0,0.0,0.0
Fytch,0,10,3,0.0,0.3
Selda,0,3,2,0.0,0.6666666666666666
Seizo,0,9,0,0.0,0.0
Seduction,0,6,1,0.0,0.16666666666666666
French 79,0,7,1,0.0,0.14285714285714285
Fremmed,0,6,0,0.0,0.0
Freedumb,0,16,2,0.0,0.125
Freddie Gibbs,0,13,1,0.0,0.07692307692307693
Fred V & Grafix,0,5,0,0.0,0.0
Fred Falke,0,9,1,0.0,0.1111111111111111
Set Mo,0,9,2,0.0,0.2222222222222222
Set It Off,0,6,0,0.0,0.0
Sesco,0,14,1,0.0,0.07142857142857142
Serhat Durmus,0,9,1,0.0,0.1111111111111111
Self Sabotage,0,15,1,0.0,0.06666666666666667
Future Islands,0,5,3,0.0,0.6
Saweetie,0,7,2,0.0,0.2857142857142857
Savoir Adore,0,11,0,0.0,0.0
Satin Jackets,0,7,2,0.0,0.2857142857142857
Satchmode,0,10,1,0.0,0.1
GLDN,0,9,2,0.0,0.2222222222222222
GEOTHEORY,0,8,0,0.0,0.0
GD X TAEYANG,0,7,5,0.0,0.7142857142857143
Gagan Kokri,0,10,0,0.0,0.0
Funky DL,0,5,1,0.0,0.2
Funkstar De Luxe,0,4,1,0.0,0.25
Funkmaster Flex,0,6,0,0.0,0.0
Funker Vogt,0,4,2,0.0,0.5
Fushou.,0,4,2,0.0,0.5
Schokk,0,8,1,0.0,0.125
Scarub,0,4,2,0.0,0.5
Scallops Hotel,0,6,0,0.0,0.0
G. Dot & Born,0,6,0,0.0,0.0
Fullbeta,0,6,3,0.0,0.5
Frosty,0,9,1,0.0,0.1111111111111111
Sean Leon,0,8,1,0.0,0.125
Sean Kingston,0,13,2,0.0,0.15384615384615385
Seal,0,8,0,0.0,0.0
Seafret,0,7,1,0.0,0.14285714285714285
Scotty Sire,0,5,0,0.0,0.0
Scott Stapp,0,5,1,0.0,0.2
Scott Paul,0,7,1,0.0,0.14285714285714285
Scott Krokoff,0,4,1,0.0,0.25
Schustin,0,7,1,0.0,0.14285714285714285
Electro-Light,0,8,2,0.0,0.25
Stadiumx,0,6,2,0.0,0.3333333333333333
Stacey Q,0,8,1,0.0,0.125
Squired,0,8,1,0.0,0.125
Squeeze,0,4,0,0.0,0.0
Elko,0,12,0,0.0,0.0
Elijah Midjord,0,3,2,0.0,0.6666666666666666
Elias Diaz,0,8,1,0.0,0.125
Elias,0,4,0,0.0,0.0
Eliades Ochoa,0,21,2,0.0,0.09523809523809523
El Chombo,0,14,2,0.0,0.14285714285714285
Eklo,0,24,1,0.0,0.041666666666666664
Starsick System,0,8,1,0.0,0.125
Feenixpawl,0,27,8,0.0,0.2962962962962963
Staind,0,28,0,0.0,0.0
Elbow,0,5,0,0.0,0.0
El Último Vecino,0,8,1,0.0,0.125
El Super Nuevo,0,10,0,0.0,0.0
El Profesor,0,12,0,0.0,0.0
El Otro Polo,0,11,1,0.0,0.09090909090909091
El Nene la Amenazzy,0,9,1,0.0,0.1111111111111111
Eisbrecher,0,10,0,0.0,0.0
Eikon,0,9,1,0.0,0.1111111111111111
Edwyn Collins,0,5,3,0.0,0.6
Stefan Bors,0,6,0,0.0,0.0
Steel Mill,0,6,0,0.0,0.0
Stee Downes,0,2,2,0.0,1.0
Starboy,0,5,1,0.0,0.2
Elmore James,0,9,0,0.0,0.0
Soulsearcher,0,5,3,0.0,0.6
Soul Of Void,0,12,1,0.0,0.08333333333333333
Soul Cartel,0,9,0,0.0,0.0
Soul Asylum,0,8,1,0.0,0.125
Emily Simbi,0,9,0,0.0,0.0
Emily Lind,0,3,1,0.0,0.3333333333333333
Ellem,0,10,2,0.0,0.2
Ella Renn,0,9,1,0.0,0.1111111111111111
Ella Mai,0,15,3,0.0,0.2
Ella Henderson,0,5,0,0.0,0.0
Ella Collier,0,4,2,0.0,0.5
Spanky Loco,0,2,0,0.0,0.0
Elliot Moss,0,22,5,0.0,0.22727272727272727
Spacebones,0,10,0,0.0,0.0
Southland Gangsters,0,2,2,0.0,1.0
South Park Mexican,0,9,0,0.0,0.0
Eli Way,0,7,0,0.0,0.0
Eli Brown,0,12,1,0.0,0.08333333333333333
Elevation Youth,0,5,1,0.0,0.2
Spol,0,10,2,0.0,0.2
Split Enz,0,7,1,0.0,0.14285714285714285
Spinx Da Don,0,6,1,0.0,0.16666666666666666
Spinal Tap,0,4,1,0.0,0.25
Spencer Lee,0,3,0,0.0,0.0
Spencer Annis,0,3,1,0.0,0.3333333333333333
Ellise,0,9,0,0.0,0.0
Elliphant,0,10,0,0.0,0.0
Spanish Fly,0,12,2,0.0,0.16666666666666666
EDEN KAI,0,6,0,0.0,0.0
EBEN,0,22,1,0.0,0.045454545454545456
East Love,0,8,0,0.0,0.0
East Harbor,0,7,1,0.0,0.14285714285714285
Duck House,0,7,1,0.0,0.14285714285714285
Dubio,0,4,0,0.0,0.0
Dualmind,0,13,2,0.0,0.15384615384615385
Straftanz,0,7,2,0.0,0.2857142857142857
Stone Poneys,0,4,1,0.0,0.25
Stokley of Mint Condition,0,5,1,0.0,0.2
Dusty Springfield,0,10,0,0.0,0.0
Dusty Buddha Child,0,8,0,0.0,0.0
Dune,0,18,1,0.0,0.05555555555555555
Ste Ingham,0,4,1,0.0,0.25
Dvicio,0,7,2,0.0,0.2857142857142857
Drvmmer,0,2,0,0.0,0.0
Drist,0,8,1,0.0,0.125
Drew Wilken,0,7,1,0.0,0.14285714285714285
Drew Ryan Scott,0,5,1,0.0,0.2
Sturgill Simpson,0,7,2,0.0,0.2857142857142857
Strobe!,0,5,1,0.0,0.2
Stray Kids,0,18,1,0.0,0.05555555555555555
Stray Cats,0,5,0,0.0,0.0
Strange Talk,0,3,2,0.0,0.6666666666666666
Duke & Jones,0,7,0,0.0,0.0
Duckmaw,0,7,0,0.0,0.0
Dr Phunk,0,9,0,0.0,0.0
Dylan 'N' Alice,0,14,1,0.0,0.07142857142857142
Stayer,0,6,0,0.0,0.0
El Jazzy Chavo,0,13,0,0.0,0.0
El General,0,19,4,0.0,0.21052631578947367
El Combo Loco,0,13,2,0.0,0.15384615384615385
Edvin & Tim,0,12,1,0.0,0.08333333333333333
Eddy Lover,0,11,2,0.0,0.18181818181818182
Eddie Thoneick,0,8,0,0.0,0.0
Eddie Santiago,0,7,1,0.0,0.14285714285714285
Eddie M,0,9,0,0.0,0.0
Stereoboys,0,9,1,0.0,0.1111111111111111
Eix,0,11,5,0.0,0.45454545454545453
Eivind Husebø,0,8,1,0.0,0.125
EXILE SHOKICHI,0,6,1,0.0,0.16666666666666666
ELEVATION RHYTHM,0,11,0,0.0,0.0
EVERGLOW,0,13,1,0.0,0.07692307692307693
Steve James,0,8,1,0.0,0.125
Steve Angello & Sebastian Ingrosso,0,5,0,0.0,0.0
Steve 80,0,13,2,0.0,0.15384615384615385
Stetsasonic,0,8,0,0.0,0.0
Ed Stockley,0,7,1,0.0,0.14285714285714285
Ed Marquis,0,3,0,0.0,0.0
Eazy2Cool,0,9,2,0.0,0.2222222222222222
Dutty Moonshine,0,5,3,0.0,0.6
E-Mantra,0,11,1,0.0,0.09090909090909091
Still Diligent,0,5,1,0.0,0.2
Steve Modana,0,7,1,0.0,0.14285714285714285
ESCHES,0,13,2,0.0,0.15384615384615385
ELYAZ,0,16,4,0.0,0.25
EXID,0,18,3,0.0,0.16666666666666666
Skye,0,7,2,0.0,0.2857142857142857
SkyLogic,0,8,0,0.0,0.0
Sky Rompiendo,0,10,0,0.0,0.0
Falling In Reverse,0,3,0,0.0,0.0
FIXL,0,11,1,0.0,0.09090909090909091
FGFC820,0,3,1,0.0,0.3333333333333333
FG,0,8,1,0.0,0.125
FF5,0,6,2,0.0,0.3333333333333333
FDVM,0,4,0,0.0,0.0
FARR,0,13,0,0.0,0.0
Slowheal,0,6,1,0.0,0.16666666666666666
Slick Rick,0,7,0,0.0,0.0
Sleepy Malo,0,17,0,0.0,0.0
Emeli Sandé,0,12,1,0.0,0.08333333333333333
Fabio Vela,0,12,0,0.0,0.0
Fabio Carry,0,7,0,0.0,0.0
Eve 6,0,4,2,0.0,0.5
Evan Troop,0,2,2,0.0,1.0
Smith,0,12,0,0.0,0.0
Small Talk,0,8,2,0.0,0.25
FANNYPACK,0,7,1,0.0,0.14285714285714285
FANATICS,0,1,1,0.0,1.0
F.O.O.L,0,5,2,0.0,0.4
Ezra Vine,0,13,2,0.0,0.15384615384615385
Eternal,0,17,1,0.0,0.058823529411764705
Estro,0,8,0,0.0,0.0
Estikay,0,4,1,0.0,0.25
Fahrland,0,3,1,0.0,0.3333333333333333
Feed Me,0,5,2,0.0,0.4
Feathers,0,10,2,0.0,0.2
Farnell Newton,0,8,1,0.0,0.125
Fareoh,0,7,1,0.0,0.14285714285714285
Sixpence None The Richer,0,8,0,0.0,0.0
Sister Sledge,0,7,1,0.0,0.14285714285714285
Sir Foster,0,6,0,0.0,0.0
Faucon,0,7,0,0.0,0.0
Fatima,0,10,2,0.0,0.2
Father John Misty,0,9,1,0.0,0.1111111111111111
Fake Pictures,0,6,0,0.0,0.0
Faithless,0,8,3,0.0,0.375
Fairlane,0,15,1,0.0,0.06666666666666667
Skylar Grey,0,5,5,0.0,1.0
Skott,0,12,0,0.0,0.0
Skooly,0,5,1,0.0,0.2
Skinny Living,0,4,2,0.0,0.5
Skilla O.P.,0,8,1,0.0,0.125
Skeletal Family,0,6,1,0.0,0.16666666666666666
Fase,0,7,1,0.0,0.14285714285714285
Faruz Feet,0,6,1,0.0,0.16666666666666666
FTampa,0,13,2,0.0,0.15384615384615385
Sleepdealer,0,5,1,0.0,0.2
Sleep Token,0,5,0,0.0,0.0
Sleep Patterns,0,4,1,0.0,0.25
Slaughter,0,4,0,0.0,0.0
Slakah The Beatchild,0,6,0,0.0,0.0
Skyverse,0,7,2,0.0,0.2857142857142857
Fainal,0,6,0,0.0,0.0
Ese Lil Joker,0,11,1,0.0,0.09090909090909091
Empire Cast,0,8,3,0.0,0.375
Sonera,0,7,0,0.0,0.0
SonReal,0,9,2,0.0,0.2222222222222222
Son Tentacion,0,6,2,0.0,0.3333333333333333
Somewhere over England,0,11,1,0.0,0.09090909090909091
Somethin' For The People,0,3,0,0.0,0.0
SomeKindaWonderful,0,6,4,0.0,0.6666666666666666
Somber,0,6,3,0.0,0.5
Solstice Coil,0,3,0,0.0,0.0
Eprom,0,11,1,0.0,0.09090909090909091
Epifania,0,34,7,0.0,0.20588235294117646
Ephwurd,0,7,1,0.0,0.14285714285714285
Snoh Aalegra,0,11,0,0.0,0.0
Emicida,0,18,1,0.0,0.05555555555555555
Sorriso Maroto,0,18,0,0.0,0.0
Soraya,0,13,0,0.0,0.0
Sophie Holohan,0,8,3,0.0,0.375
Sons Of Maria,0,8,1,0.0,0.125
Sonny Bama,0,9,1,0.0,0.1111111111111111
Sonny & Vaech,0,7,0,0.0,0.0
Enrico Sangiuliano,0,4,0,0.0,0.0
Enio Silveti,0,10,1,0.0,0.1
Enghel,0,9,0,0.0,0.0
En-Ten,0,7,0,0.0,0.0
Emrod,0,25,3,0.0,0.12
Emre Cizmeci,0,5,0,0.0,0.0
Epektase,0,10,0,0.0,0.0
Snik,0,6,1,0.0,0.16666666666666666
Snavs,0,7,2,0.0,0.2857142857142857
Smokie Norful,0,11,1,0.0,0.09090909090909091
Smokey Robinson,0,7,0,0.0,0.0
Excision,0,14,0,0.0,0.0
Example,0,4,0,0.0,0.0
Evokings,0,8,0,0.0,0.0
Evernone,0,3,0,0.0,0.0
Evelyn DuVall,0,7,1,0.0,0.14285714285714285
"Evelyn ""Champagne"" King",0,10,1,0.0,0.1
Escape With Romeo,0,3,0,0.0,0.0
Es-K,0,17,0,0.0,0.0
Erwin de Ruiter,0,11,2,0.0,0.18181818181818182
Eric Church,0,9,1,0.0,0.1111111111111111
Socialites,0,1,0,0.0,0.0
SoMo,0,6,0,0.0,0.0
So So Sun,0,6,0,0.0,0.0
So Below,0,8,1,0.0,0.125
So Arakawa,0,8,1,0.0,0.125
Snowk,0,8,2,0.0,0.25
Evan Petruzzi,0,8,0,0.0,0.0
Evan Blum,0,8,4,0.0,0.5
Enzo Dong,0,10,2,0.0,0.2
Enur,0,20,0,0.0,0.0
Soil,0,7,1,0.0,0.14285714285714285
Soft Metals,0,2,0,0.0,0.0
Erika Ender,0,9,0,0.0,0.0
Ericovich,0,8,0,0.0,0.0
Sofasound,0,8,0,0.0,0.0
J. Holiday,0,4,0,0.0,0.0
J. Griffin,0,7,2,0.0,0.2857142857142857
J-Trick,0,5,2,0.0,0.4
Issues,0,6,0,0.0,0.0
Iskander,0,7,1,0.0,0.14285714285714285
Isak Dahling,0,8,1,0.0,0.125
Rayne,0,1,0,0.0,0.0
"Ray Parker, Jr.",0,6,1,0.0,0.16666666666666666
Ray LaMontagne,0,9,3,0.0,0.3333333333333333
Ray J,0,7,1,0.0,0.14285714285714285
Ray Ben Rue,0,7,2,0.0,0.2857142857142857
Ray,0,5,1,0.0,0.2
Rawsrvnt,0,13,1,0.0,0.07692307692307693
Salimo,0,9,0,0.0,0.0
J Montez,0,7,0,0.0,0.0
Izzy Gaon,0,6,1,0.0,0.16666666666666666
Redbone,0,7,0,0.0,0.0
RedHook,0,17,2,0.0,0.11764705882352941
Red the Chef,0,11,0,0.0,0.0
Rebūke,0,5,2,0.0,0.4
Rebeca Marin,0,4,1,0.0,0.25
Rear Naked Choke,0,11,2,0.0,0.18181818181818182
Isaac Carree,0,12,2,0.0,0.16666666666666666
Irazu,0,5,3,0.0,0.6
Ivan R,0,4,1,0.0,0.25
Ivan Gough,0,6,0,0.0,0.0
Intoxicated,0,11,0,0.0,0.0
J Rocc,0,5,0,0.0,0.0
JR JR,0,8,3,0.0,0.375
JPEGMAFIA,0,6,1,0.0,0.16666666666666666
JOY.,0,5,1,0.0,0.2
Rammor,0,4,0,0.0,0.0
Ramhero,0,6,0,0.0,0.0
Rajstar,0,9,1,0.0,0.1111111111111111
Raja-Nee',0,8,1,0.0,0.125
Raise,0,5,1,0.0,0.2
Rain Sounds FX,0,4,0,0.0,0.0
Rain Man,0,4,1,0.0,0.25
Jabex,0,8,1,0.0,0.125
JYWRRN,0,5,1,0.0,0.2
J-AX,0,5,1,0.0,0.2
J.J. Cale,0,6,0,0.0,0.0
JAYLIEN,0,6,0,0.0,0.0
JAGGS,0,7,2,0.0,0.2857142857142857
J.R.,0,29,5,0.0,0.1724137931034483
Rappin' 4-Tay,0,7,1,0.0,0.14285714285714285
Raphael Treza,0,6,0,0.0,0.0
Rank 1,0,8,0,0.0,0.0
Ran-D,0,8,0,0.0,0.0
JURI,0,11,2,0.0,0.18181818181818182
JSTEF,0,7,3,0.0,0.42857142857142855
Rave Radio,0,4,0,0.0,0.0
Raulin Rodriguez,0,3,0,0.0,0.0
Rashid,0,8,0,0.0,0.0
Rasheeda,0,7,0,0.0,0.0
Rasel,0,6,2,0.0,0.3333333333333333
JC Stewart,0,7,0,0.0,0.0
Renato S,0,7,0,0.0,0.0
Remy Shand,0,10,1,0.0,0.1
Remoe,0,2,0,0.0,0.0
Remady,0,9,0,0.0,0.0
Rema,0,7,0,0.0,0.0
Rem Digga,0,7,1,0.0,0.14285714285714285
Rex Williams,0,5,1,0.0,0.2
Rewave,0,14,3,0.0,0.21428571428571427
Revolution Saints,0,8,1,0.0,0.125
Restless Heart,0,5,3,0.0,0.6
Renée Elise Goldsberry,0,8,1,0.0,0.125
Imaginary Future,0,7,0,0.0,0.0
Illya Kuryaki & The Valderramas,0,4,2,0.0,0.5
Intonation,0,13,2,0.0,0.15384615384615385
Il Greco,0,5,2,0.0,0.4
Igor Neves,0,24,3,0.0,0.125
IOM,0,6,0,0.0,0.0
INVŌKER,0,7,2,0.0,0.2857142857142857
INTET,0,9,1,0.0,0.1111111111111111
Ricardo Montaner,0,9,1,0.0,0.1111111111111111
Rhonda Vincent,0,10,2,0.0,0.2
Rhonda Clark,0,3,2,0.0,0.6666666666666666
Rezin,0,8,1,0.0,0.125
Ice-T,0,13,2,0.0,0.15384615384615385
Ice Nine Kills,0,15,1,0.0,0.06666666666666667
Icarus,0,14,1,0.0,0.07142857142857142
IBIA,0,7,1,0.0,0.14285714285714285
Illa J,0,6,1,0.0,0.16666666666666666
Internet Money,0,4,3,0.0,0.75
Interfront,0,6,0,0.0,0.0
Inside The Sound,0,7,2,0.0,0.2857142857142857
Inpetto,0,8,1,0.0,0.125
Inoculus,0,5,2,0.0,0.4
Innerbloom,0,10,1,0.0,0.1
Inner Wave,0,11,1,0.0,0.09090909090909091
Inner Circle,0,3,0,0.0,0.0
Redlight Blue,0,4,2,0.0,0.5
Redhead Kingpin,0,30,2,0.0,0.06666666666666667
Relax Meditate Sleep,0,12,3,0.0,0.25
Inklings,0,4,1,0.0,0.25
Inga-Dingo,0,8,0,0.0,0.0
Rene Ablaze,0,10,0,0.0,0.0
Indika,0,9,1,0.0,0.1111111111111111
Reiji Kawaguchi,0,7,2,0.0,0.2857142857142857
Reid Stefan,0,7,0,0.0,0.0
Regina Spektor,0,11,2,0.0,0.18181818181818182
Refs,0,9,0,0.0,0.0
Ioearth,0,8,1,0.0,0.125
Inukshuk,0,3,0,0.0,0.0
India Marte,0,10,0,0.0,0.0
Indi Star,0,9,2,0.0,0.2222222222222222
InAir,0,7,0,0.0,0.0
In The Parque,0,10,1,0.0,0.1
Impulz,0,9,1,0.0,0.1111111111111111
Imenella,0,11,0,0.0,0.0
Rene Rodrigezz,0,4,1,0.0,0.25
"Indiomar ""El Vencedor""",0,8,1,0.0,0.125
Pyrex Plat,0,8,0,0.0,0.0
Purple Mountains,0,8,0,0.0,0.0
Purity Ring,0,12,1,0.0,0.08333333333333333
Jenova Collective,0,19,1,0.0,0.05263157894736842
Jennette McCurdy,0,7,2,0.0,0.2857142857142857
Jengi,0,5,1,0.0,0.2
Jebroer,0,4,0,0.0,0.0
Jean-Louis Aubert,0,5,1,0.0,0.2
Jean Baylor,0,2,2,0.0,1.0
Jazzy Pha,0,3,2,0.0,0.6666666666666666
Quim Manuel O Espirito Santo,0,8,2,0.0,0.25
Queen Pen,0,5,0,0.0,0.0
Quantic,0,5,2,0.0,0.4
JRY,0,5,1,0.0,0.2
Jeffy D,0,9,0,0.0,0.0
Jeffrey Osborne,0,9,2,0.0,0.2222222222222222
Jay Critch,0,6,0,0.0,0.0
Jaz Dhami,0,3,2,0.0,0.6666666666666666
Jayden Vega,0,1,0,0.0,0.0
Jaydan,0,8,1,0.0,0.125
Jaycen A'mour,0,13,1,0.0,0.07692307692307693
Jayceeoh,0,22,3,0.0,0.13636363636363635
Jayboogz,0,8,0,0.0,0.0
JayA Luuck,0,7,1,0.0,0.14285714285714285
R. City,0,10,3,0.0,0.3
Qveen Herby,0,8,3,0.0,0.375
Quinn Lewis,0,8,0,0.0,0.0
Jellybean,0,5,0,0.0,0.0
Jesse McCartney,0,8,1,0.0,0.125
Jesse Baez,0,6,0,0.0,0.0
JessB,0,4,1,0.0,0.25
Prume,0,6,1,0.0,0.16666666666666666
Promise Circle,0,8,0,0.0,0.0
Prok & Fitch,0,6,1,0.0,0.16666666666666666
Project Pablo,0,7,0,0.0,0.0
Jim Hornsby,0,7,1,0.0,0.14285714285714285
Jidé,0,8,1,0.0,0.125
Jewel,0,8,1,0.0,0.125
Jena Rose,0,8,2,0.0,0.25
Jerry Purpdrank,0,14,2,0.0,0.14285714285714285
Purebeat,0,5,1,0.0,0.2
Płomień 81,0,9,0,0.0,0.0
Pudgee Tha Phat Bastard,0,8,1,0.0,0.125
Public Theatre,0,5,5,0.0,1.0
Public Enemy,0,28,2,0.0,0.07142857142857142
Public Announcement,0,6,1,0.0,0.16666666666666666
Jetlagz,0,5,0,0.0,0.0
Jesús & Yorky,0,5,0,0.0,0.0
Jesteinritmos,0,4,2,0.0,0.5
Jesse Rose,0,9,2,0.0,0.2222222222222222
Jeffrey Eli,0,12,3,0.0,0.25
Jefferson Airplane,0,11,2,0.0,0.18181818181818182
Jeff Lewis,0,4,0,0.0,0.0
Jeff Bradshaw,0,7,0,0.0,0.0
Qry,0,7,0,0.0,0.0
Qendresa,0,8,1,0.0,0.125
Puma,0,12,0,0.0,0.0
Jamestown Revival,0,5,1,0.0,0.2
Jameson,0,4,0,0.0,0.0
Jae Jin,0,6,1,0.0,0.16666666666666666
Jadiel,0,5,0,0.0,0.0
Jaden,0,5,0,0.0,0.0
Jaded,0,12,1,0.0,0.08333333333333333
Rael,0,1,2,0.0,2.0
Radio Free Universe,0,15,1,0.0,0.06666666666666667
Rachel Mason,0,10,0,0.0,0.0
Rachael Nemiroff,0,5,1,0.0,0.2
Ra,0,15,1,0.0,0.06666666666666667
Jam Baxter,0,11,2,0.0,0.18181818181818182
Jake La Furia,0,6,0,0.0,0.0
Jeff Beck,0,3,0,0.0,0.0
Jake Bugg,0,7,0,0.0,0.0
Jacob Whitesides,0,9,1,0.0,0.1111111111111111
Jack White,0,10,2,0.0,0.2
Jack Vallier,0,9,1,0.0,0.1111111111111111
Rahmeen,0,8,0,0.0,0.0
Ragazzi,0,7,0,0.0,0.0
Raftaar,0,7,0,0.0,0.0
Raffé,0,8,0,0.0,0.0
Raffa Vergara,0,11,1,0.0,0.09090909090909091
Jagsy,0,12,0,0.0,0.0
Jae Mazor,0,15,1,0.0,0.06666666666666667
Jae Mansa,0,13,1,0.0,0.07692307692307693
JSPH,0,9,0,0.0,0.0
Jake Kaiser,0,4,0,0.0,0.0
Jared Moreno,0,4,0,0.0,0.0
Jantony,0,7,0,0.0,0.0
Janis Joplin,0,15,1,0.0,0.06666666666666667
Janis Ian,0,5,1,0.0,0.2
REMI,0,13,3,0.0,0.23076923076923078
RD Maravilla,0,9,2,0.0,0.2222222222222222
RC & The Gritz,0,10,1,0.0,0.1
RAINBOW,0,6,0,0.0,0.0
Jasta,0,13,0,0.0,0.0
Jassa Dhillon,0,5,2,0.0,0.4
Jass Manak,0,3,0,0.0,0.0
Jay Lumen,0,19,2,0.0,0.10526315789473684
Jay Dixie,0,6,2,0.0,0.3333333333333333
Jamie Foxx,0,10,1,0.0,0.1
RKSN,0,13,1,0.0,0.07692307692307693
RKM,0,6,0,0.0,0.0
RITUAL,0,2,1,0.0,0.5
RIRI,0,11,0,0.0,0.0
RICCI,0,22,1,0.0,0.045454545454545456
Jasmine Sandlas,0,11,2,0.0,0.18181818181818182
Jasmine Sagginario,0,6,1,0.0,0.16666666666666666
Jarreau Vandal,0,7,1,0.0,0.14285714285714285
James Japan,0,5,2,0.0,0.4
Jamby el Favo,0,15,4,0.0,0.26666666666666666
Jamballaz,0,3,2,0.0,0.6666666666666666
RPWL,0,8,0,0.0,0.0
ROMBE4T,0,3,0,0.0,0.0
Jamie Lidell,0,5,0,0.0,0.0
Janee,0,4,1,0.0,0.25
H2HB,0,9,0,0.0,0.0
H.E.A.T,0,9,0,0.0,0.0
H.1,0,5,0,0.0,0.0
H-Rap Bey,0,9,1,0.0,0.1111111111111111
Gringo,0,2,0,0.0,0.0
Gurnam Bhullar,0,8,2,0.0,0.25
GuiltyBeatz,0,9,0,0.0,0.0
Guille El Invencible,0,11,0,0.0,0.0
Guilherme & Benuto,0,26,3,0.0,0.11538461538461539
Gucci Mane feat. Young Jeezy,0,7,0,0.0,0.0
S-Ilo,0,14,1,0.0,0.07142857142857142
RÆVE,0,2,0,0.0,0.0
Ryuji Imaichi,0,11,2,0.0,0.18181818181818182
Richard Vission,0,8,0,0.0,0.0
Ryllz,0,9,1,0.0,0.1111111111111111
Ryan Wright,0,7,1,0.0,0.14285714285714285
SEREBRO,0,7,0,0.0,0.0
SAM,0,9,0,0.0,0.0
SALES,0,6,0,0.0,0.0
S.A.S.,0,7,1,0.0,0.14285714285714285
Gretchen Parlato,0,6,0,0.0,0.0
Grennels,0,8,1,0.0,0.125
Grupo Niche,0,10,3,0.0,0.3
Groovezone,0,7,1,0.0,0.14285714285714285
Gostan,0,10,3,0.0,0.3
Gossip,0,4,1,0.0,0.25
Gordon Lightfoot,0,6,0,0.0,0.0
Ryuichi Sakamoto,0,4,0,0.0,0.0
RoyalT,0,12,2,0.0,0.16666666666666666
Royal Republic,0,4,1,0.0,0.25
Roxy Tones,0,6,1,0.0,0.16666666666666666
Harris & Ford,0,11,0,0.0,0.0
Harold Faltermeyer,0,4,1,0.0,0.25
Hard Rock Sofa,0,11,0,0.0,0.0
Happi,0,7,1,0.0,0.14285714285714285
Hanson,0,9,1,0.0,0.1111111111111111
GöW,0,5,0,0.0,0.0
Gyyps,0,9,0,0.0,0.0
Ruff Endz,0,12,1,0.0,0.08333333333333333
Rude-α,0,5,1,0.0,0.2
Ruck P,0,12,4,0.0,0.3333333333333333
HAIM,0,13,1,0.0,0.07692307692307693
HNNY,0,17,2,0.0,0.11764705882352941
HIRAIDAI,0,6,2,0.0,0.3333333333333333
HINAPIA,0,8,0,0.0,0.0
HEALTH,0,10,1,0.0,0.1
HAVEN,0,9,0,0.0,0.0
Hajk,0,9,1,0.0,0.1111111111111111
HUNNY,0,9,2,0.0,0.2222222222222222
Ryan Stevenson,0,4,0,0.0,0.0
Ryan Riback,0,6,1,0.0,0.16666666666666666
Rust,0,8,0,0.0,0.0
Rune RK,0,11,1,0.0,0.09090909090909091
Guy Tang,0,8,0,0.0,0.0
Guy Gabriel,0,7,0,0.0,0.0
HAKUNA,0,8,1,0.0,0.125
Rubayne,0,11,2,0.0,0.18181818181818182
Global Deejays,0,8,1,0.0,0.125
Glimlip,0,7,0,0.0,0.0
Gliffo,0,17,3,0.0,0.17647058823529413
Sahony,0,12,0,0.0,0.0
Sage Charmaine,0,8,0,0.0,0.0
Sace,0,5,0,0.0,0.0
Sabina Beyli,0,6,1,0.0,0.16666666666666666
Sabb,0,5,1,0.0,0.2
SZY,0,14,0,0.0,0.0
SWV Featuring Wu-Tang Clan,0,2,2,0.0,1.0
Gladys Knight & The Pips,0,11,0,0.0,0.0
Gizmo,0,10,2,0.0,0.2
Gianna Nannini,0,3,0,0.0,0.0
Goody Goody,0,5,1,0.0,0.2
Giorgio Gee,0,9,1,0.0,0.1111111111111111
Giordana Angi,0,9,0,0.0,0.0
Gio Chamba,0,7,1,0.0,0.14285714285714285
Gino Vannelli,0,11,1,0.0,0.09090909090909091
Ginkgoa,0,4,2,0.0,0.5
Ginji Ito,0,11,0,0.0,0.0
Gina Lanze,0,6,1,0.0,0.16666666666666666
Gin Blossoms,0,5,0,0.0,0.0
Gillionaire,0,8,1,0.0,0.125
Sail By Summer,0,11,1,0.0,0.09090909090909091
Saiko,0,9,1,0.0,0.1111111111111111
Ghetto Sage,0,7,0,0.0,0.0
Ghastly,0,12,3,0.0,0.25
Giovanca,0,6,1,0.0,0.16666666666666666
SEUNGRI,0,9,2,0.0,0.2222222222222222
Gran Rah,0,14,2,0.0,0.14285714285714285
Gradur,0,10,0,0.0,0.0
Grace VanderWaal,0,7,0,0.0,0.0
Grace Phipps,0,6,1,0.0,0.16666666666666666
Green Lake Project,0,5,1,0.0,0.2
Goodbye June,0,6,3,0.0,0.5
Golpe a Golpe,0,9,0,0.0,0.0
Golf Clap,0,5,0,0.0,0.0
Goldenninjah,0,5,0,0.0,0.0
Goldbird,0,7,1,0.0,0.14285714285714285
Gods Property,0,7,3,0.0,0.42857142857142855
SOROUSH YARAHMADI,0,3,1,0.0,0.3333333333333333
Gloria Gaynor,0,6,1,0.0,0.16666666666666666
SLORAX,0,3,1,0.0,0.3333333333333333
SLATIN,0,8,2,0.0,0.25
SKIY,0,10,0,0.0,0.0
Gotye,0,28,3,0.0,0.10714285714285714
Gotthard,0,10,1,0.0,0.1
Giveon,0,5,1,0.0,0.2
Giusy Ferreri,0,5,0,0.0,0.0
Giraffage,0,6,0,0.0,0.0
SWU,0,6,1,0.0,0.16666666666666666
SWIDT,0,5,0,0.0,0.0
SUN SILVA,0,14,1,0.0,0.07142857142857142
STLN,0,9,0,0.0,0.0
SPEECHLESS,0,7,0,0.0,0.0
SOVTH,0,2,0,0.0,0.0
SMH,0,4,2,0.0,0.5
Riko Viana,0,17,4,0.0,0.23529411764705882
Hunter Powell,0,6,0,0.0,0.0
Hugo Helmig,0,8,0,0.0,0.0
Hugo,0,6,2,0.0,0.3333333333333333
I Prevail,0,18,1,0.0,0.05555555555555555
Hot Light,0,8,2,0.0,0.25
Hot Chip,0,5,0,0.0,0.0
Horisone,0,5,0,0.0,0.0
Hopex,0,8,1,0.0,0.125
Rob C,0,7,1,0.0,0.14285714285714285
Roan Shenoyy,0,4,0,0.0,0.0
RoSaWay,0,8,1,0.0,0.125
Ritchie Blackmore's Rainbow,0,6,0,0.0,0.0
"Royce Da 5'9""",0,10,0,0.0,0.0
Hitomi Tohyama,0,7,0,0.0,0.0
Robbie Robertson,0,12,0,0.0,0.0
Robbie Nevil,0,8,0,0.0,0.0
Robbie Dupree,0,7,0,0.0,0.0
Robbers,0,4,1,0.0,0.25
Hoofa,0,8,2,0.0,0.25
Hoodie Allen,0,6,1,0.0,0.16666666666666666
Honeybucket,0,4,0,0.0,0.0
Honey Butter,0,7,2,0.0,0.2857142857142857
Homeboy Sandman,0,9,2,0.0,0.2222222222222222
Hillsong UNITED,0,14,0,0.0,0.0
Hilda,0,10,0,0.0,0.0
Hilary Duff,0,6,1,0.0,0.16666666666666666
Huey,0,13,1,0.0,0.07692307692307693
Richard Marx,0,6,3,0.0,0.5
Richard Durand,0,13,2,0.0,0.15384615384615385
Rich Vagos,0,4,0,0.0,0.0
Rich James,0,10,0,0.0,0.0
Ian Hunter,0,6,1,0.0,0.16666666666666666
IZA,0,7,3,0.0,0.42857142857142855
ITZY,0,9,1,0.0,0.1111111111111111
ITA - CACHAO,0,8,1,0.0,0.125
Hyro The Hero,0,8,1,0.0,0.125
Hyperparadise,0,3,1,0.0,0.3333333333333333
Hyperion,0,6,2,0.0,0.3333333333333333
Hyper Fenton,0,7,2,0.0,0.2857142857142857
Hustle Gang,0,5,0,0.0,0.0
Riké,0,2,1,0.0,0.5
Rickyxsan,0,11,1,0.0,0.09090909090909091
Rick Springfield,0,15,3,0.0,0.2
INNA,0,11,2,0.0,0.18181818181818182
ILOVEMAKONNEN,0,4,1,0.0,0.25
ILIRA,0,6,0,0.0,0.0
IIWII,0,9,0,0.0,0.0
ICON,0,7,0,0.0,0.0
IC3PEAK,0,24,4,0.0,0.16666666666666666
Howling,0,3,0,0.0,0.0
Howard Hewett,0,10,1,0.0,0.1
Housequake,0,8,1,0.0,0.125
Hourstone,0,9,1,0.0,0.1111111111111111
Hounded,0,4,2,0.0,0.5
Rio Diege,0,6,1,0.0,0.16666666666666666
Husman,0,28,3,0.0,0.10714285714285714
Hedvig,0,10,1,0.0,0.1
Hedley,0,10,2,0.0,0.2
Hayz,0,6,0,0.0,0.0
Haystak,0,5,0,0.0,0.0
Hawkwind,0,7,0,0.0,0.0
Ronnie Bell,0,1,0,0.0,0.0
Ron C,0,9,1,0.0,0.1111111111111111
Ron Blanco,0,8,2,0.0,0.25
Romano,0,6,1,0.0,0.16666666666666666
Roger Waters,0,20,1,0.0,0.05
Heavy Mellow,0,8,2,0.0,0.25
Hasuna,0,7,2,0.0,0.2857142857142857
Hassan El Shafei,0,8,0,0.0,0.0
Hil St. Soul,0,6,0,0.0,0.0
Hartman,0,14,3,0.0,0.21428571428571427
Rotersand,0,6,1,0.0,0.16666666666666666
Room Eleven,0,11,2,0.0,0.18181818181818182
Room 5,0,7,2,0.0,0.2857142857142857
Rony Rex,0,10,3,0.0,0.3
Ronnie Flex,0,10,2,0.0,0.2
Ronnie Dunn,0,5,2,0.0,0.4
He Is We,0,10,1,0.0,0.1
HUDSUN,0,9,3,0.0,0.3333333333333333
Handsome Boy Modeling School,0,9,1,0.0,0.1111111111111111
Half Past Seven,0,5,3,0.0,0.6
Haley Reinhart,0,6,1,0.0,0.16666666666666666
Ruanzinho,0,9,1,0.0,0.1111111111111111
Hasibe,0,4,1,0.0,0.25
Hikaru Utada,0,6,1,0.0,0.16666666666666666
Highlands Worship,0,7,0,0.0,0.0
Robin Knaak,0,10,3,0.0,0.3
Roberto Capuano,0,6,0,0.0,0.0
Roberto Antonio,0,10,0,0.0,0.0
Roberta Flack,0,11,0,0.0,0.0
Robert Turner,0,7,1,0.0,0.14285714285714285
Robert Miles,0,5,1,0.0,0.2
Holter & Mogyoro,0,7,1,0.0,0.14285714285714285
Holl & Rush,0,15,1,0.0,0.06666666666666667
Henri PFR,0,10,3,0.0,0.3
Heno.,0,2,0,0.0,0.0
Rocket Scientists,0,13,1,0.0,0.07692307692307693
Heikki L,0,11,2,0.0,0.18181818181818182
High Tropics,0,6,4,0.0,0.6666666666666666
High John,0,17,6,0.0,0.35294117647058826
Hi Profile,0,9,0,0.0,0.0
Hertzinfarkt,0,5,1,0.0,0.2
Hermano,0,2,0,0.0,0.0
Hindia,0,9,0,0.0,0.0
Hillsong Worship,0,8,1,0.0,0.125
Roger Thornhill,0,9,0,0.0,0.0
Rodrigo Cartier,0,4,0,0.0,0.0
Rodney Atkins,0,10,1,0.0,0.1
Hellcutter,0,5,0,0.0,0.0
Hell Driver,0,5,0,0.0,0.0
Helhorse,0,10,2,0.0,0.2
Heistheartist,0,7,1,0.0,0.14285714285714285
Rocco Hunt,0,6,1,0.0,0.16666666666666666
